10:23:11.135 [main] INFO  admin-flow - Loading admin report page.
10:23:11.136 [main] INFO  admin-flow - Admin report page loaded.
10:57:45.010 [main] INFO  admin-flow - Loading admin bid confirmations page.
10:57:45.078 [main] INFO  admin-flow - Admin bid confirmations page loaded.
10:57:45.146 [main] INFO  admin-flow - Loading admin category page.
10:57:45.150 [main] INFO  admin-flow - Admin category page loaded.
10:57:45.183 [main] INFO  admin-flow - Loading admin location page. countryId=null, stateId=null, cityId=null
10:57:45.194 [main] INFO  admin-flow - Admin location page loaded.
10:57:45.216 [main] INFO  admin-flow - Processing country save. countryId=null, countryName=Japan
10:57:45.295 [main] INFO  admin-flow - Country save completed. countryId=null, countryName=Japan
10:57:45.318 [main] INFO  admin-flow - Loading admin news page. newsId=null
10:57:45.321 [main] INFO  admin-flow - Admin news page loaded. newsId=null
10:57:45.334 [main] INFO  admin-flow - Processing news save. newsId=null, title=Tomorrow holiday
10:57:45.338 [main] INFO  admin-flow - News save completed. newsId=null, title=Tomorrow holiday
10:57:45.367 [main] INFO  admin-flow - Processing admin package save. packageId=null, packageName=gold package
10:57:45.380 [main] INFO  admin-flow - Admin package save completed. packageId=null, packageName=gold package
10:57:45.390 [main] INFO  admin-flow - Loading admin package page.
10:57:45.393 [main] INFO  admin-flow - Admin package page loaded.
10:57:45.410 [main] INFO  admin-flow - Processing admin product close. productId=2
10:57:45.418 [main] INFO  admin-flow - Admin product close completed. productId=2
10:57:45.431 [main] INFO  admin-flow - Loading admin product page. productId=null, status=null, sellerUsername=null
10:57:45.440 [main] INFO  admin-flow - Admin product page loaded. productId=null
10:57:45.454 [main] INFO  admin-flow - Processing admin product save. productId=null, productName=admin test item
10:57:45.468 [main] INFO  admin-flow - Admin product save completed. productId=null, productName=admin test item
10:57:45.483 [main] INFO  admin-flow - Loading admin report page.
10:57:45.483 [main] INFO  admin-flow - Admin report page loaded.
10:57:45.491 [main] INFO  admin-flow - Processing user lock. username=bidder1
10:57:45.494 [main] INFO  admin-flow - User lock completed. username=bidder1
10:57:45.505 [main] INFO  admin-flow - Loading admin user page. userType=null
10:57:45.510 [main] INFO  admin-flow - Admin user page loaded. userType=null
10:57:45.526 [main] INFO  admin-flow - Loading admin user-package page. userPackageId=null
10:57:45.535 [main] INFO  admin-flow - Admin user-package page loaded. userPackageId=null
10:57:45.541 [main] INFO  admin-flow - Processing user-package assignment. username=bidder1, packageId=1
10:57:45.545 [main] INFO  admin-flow - User-package assignment completed. username=bidder1, packageId=1
12:33:59.994 [main] INFO  admin-flow - Loading admin bid confirmations page.
12:33:59.994 [main] INFO  admin-flow - Getting all bids for admin
12:34:00.001 [main] INFO  admin-flow - Returning all bids
12:34:00.053 [main] INFO  admin-flow - Admin bid confirmations page loaded.
12:34:00.117 [main] INFO  admin-flow - Loading admin category page.
12:34:00.117 [main] INFO  admin-flow - Getting all categories
12:34:00.117 [main] INFO  admin-flow - returning all categories
12:34:00.120 [main] INFO  admin-flow - Admin category page loaded.
12:34:00.152 [main] INFO  admin-flow - Loading admin location page. countryId=null, stateId=null, cityId=null
12:34:00.152 [main] INFO  admin-flow - Getting all countries
12:34:00.152 [main] INFO  admin-flow - Returning all countries
12:34:00.159 [main] INFO  admin-flow - Getting all cities
12:34:00.159 [main] INFO  admin-flow - Returning all cities
12:34:00.162 [main] INFO  admin-flow - Admin location page loaded.
12:34:00.180 [main] INFO  admin-flow - Processing country save. countryId=null, countryName=Japan
12:34:00.181 [main] INFO  admin-flow - Starting country save. countryId=null, countryName=Japan
12:34:00.230 [main] INFO  admin-flow - Country save completed. countryId=null, countryName=Japan
12:34:00.231 [main] INFO  admin-flow - Country save completed. countryId=null, countryName=Japan
12:34:00.248 [main] INFO  admin-flow - Loading admin news page. newsId=null
12:34:00.249 [main] INFO  admin-flow - Getting all news
12:34:00.249 [main] INFO  admin-flow - Returning all news
12:34:00.253 [main] INFO  admin-flow - Admin news page loaded. newsId=null
12:34:00.264 [main] INFO  admin-flow - Processing news save. newsId=null, title=Tomorrow holiday
12:34:00.265 [main] INFO  admin-flow - Starting news save. newsId=null, newsTitle=Tomorrow holiday
12:34:00.269 [main] INFO  admin-flow - News save completed. newsId=null, newsTitle=Tomorrow holiday
12:34:00.269 [main] INFO  admin-flow - News save completed. newsId=null, title=Tomorrow holiday
12:34:00.291 [main] INFO  admin-flow - Processing admin package save. packageId=null, packageName=gold package
12:34:00.297 [main] INFO  admin-flow - Starting package save. packageId=null, packageName=gold package
12:34:00.300 [main] INFO  admin-flow - Package save completed. packageId=65, packageName=gold package
12:34:00.300 [main] INFO  admin-flow - Admin package save completed. packageId=null, packageName=gold package
12:34:00.307 [main] INFO  admin-flow - Loading admin package page.
12:34:00.308 [main] INFO  admin-flow - Getting all packages
12:34:00.308 [main] INFO  admin-flow - Returning all packages
12:34:00.310 [main] INFO  admin-flow - Admin package page loaded.
12:34:00.322 [main] INFO  admin-flow - Processing admin product close. productId=2
12:34:00.322 [main] INFO  admin-flow - Starting admin product close. productId=2
12:34:00.328 [main] INFO  admin-flow - Admin product close completed. productId=2
12:34:00.328 [main] INFO  admin-flow - Admin product close completed. productId=2
12:34:00.336 [main] INFO  admin-flow - Loading admin product page. productId=null, status=null, sellerUsername=null
12:34:00.336 [main] INFO  admin-flow - Getting categories
12:34:00.337 [main] INFO  admin-flow - Returning categories
12:34:00.340 [main] INFO  admin-flow - Getting all products
12:34:00.340 [main] INFO  admin-flow - Returning all products
12:34:00.344 [main] INFO  admin-flow - Admin product page loaded. productId=null
12:34:00.354 [main] INFO  admin-flow - Processing admin product save. productId=null, productName=admin test item
12:34:00.356 [main] INFO  admin-flow - Starting admin product save. productId=null, productName=admin test item
12:34:00.363 [main] INFO  admin-flow - Admin product save completed. productId=114, productName=admin test item
12:34:00.365 [main] INFO  admin-flow - Admin product save completed. productId=null, productName=admin test item
12:34:00.380 [main] INFO  admin-flow - Loading admin report page.
12:34:00.381 [main] INFO  admin-flow - Admin report page loaded.
12:34:00.392 [main] INFO  admin-flow - Processing user lock. username=bidder1
12:34:00.393 [main] INFO  admin-flow - Starting user lock. username=bidder1
12:34:00.394 [main] INFO  admin-flow - User lock completed. username=bidder1
12:34:00.394 [main] INFO  admin-flow - User lock completed. username=bidder1
12:34:00.403 [main] INFO  admin-flow - Loading admin user page. userType=null
12:34:00.403 [main] INFO  admin-flow - Getting all users
12:34:00.404 [main] INFO  admin-flow - Returning all users
12:34:00.406 [main] INFO  admin-flow - Admin user page loaded. userType=null
12:34:00.418 [main] INFO  admin-flow - Loading admin user-package page. userPackageId=null
12:34:00.419 [main] INFO  admin-flow - Getting bidders
12:34:00.419 [main] INFO  admin-flow - Getting bidders
12:34:00.420 [main] INFO  admin-flow - Getting packages
12:34:00.420 [main] INFO  admin-flow - Returning packages
12:34:00.421 [main] INFO  admin-flow - Getting all user package infos
12:34:00.421 [main] INFO  admin-flow - Returning all user package infos
12:34:00.424 [main] INFO  admin-flow - Admin user-package page loaded. userPackageId=null
12:34:00.431 [main] INFO  admin-flow - Processing user-package assignment. username=bidder1, packageId=1
12:34:00.431 [main] INFO  admin-flow - Starting package assignment. username=bidder1, packageId=1
12:34:00.437 [main] INFO  admin-flow - Package assignment completed. username=bidder1, packageId=1
12:34:00.437 [main] INFO  admin-flow - User-package assignment completed. username=bidder1, packageId=1
12:34:00.707 [main] INFO  admin-flow - Getting all bids for admin
12:34:00.707 [main] INFO  admin-flow - Returning all bids
12:34:00.720 [main] INFO  admin-flow - Getting all categories
12:34:00.721 [main] INFO  admin-flow - returning all categories
12:34:00.727 [main] INFO  admin-flow - Starting category save. catId=null, catName=Home Decor
12:34:00.729 [main] INFO  admin-flow - Category save completed. catId=37, catName=Home Decor
12:34:00.736 [main] INFO  admin-flow - Getting all countries
12:34:00.736 [main] INFO  admin-flow - Returning all countries
12:34:00.742 [main] INFO  admin-flow - Starting country save. countryId=null, countryName=Japan
12:34:00.744 [main] INFO  admin-flow - Country save completed. countryId=null, countryName=Japan
12:34:00.750 [main] INFO  admin-flow - Starting news save. newsId=null, newsTitle=Tomorrow holiday
12:34:00.752 [main] INFO  admin-flow - News save completed. newsId=null, newsTitle=Tomorrow holiday
12:34:00.758 [main] INFO  admin-flow - Getting all news
12:34:00.758 [main] INFO  admin-flow - Returning all news
12:34:00.766 [main] INFO  admin-flow - Getting all packages
12:34:00.766 [main] INFO  admin-flow - Returning all packages
12:34:00.773 [main] INFO  admin-flow - Starting package save. packageId=null, packageName=silver package
12:34:00.776 [main] INFO  admin-flow - Package save completed. packageId=66, packageName=silver package
12:34:00.786 [main] INFO  admin-flow - Starting admin product close. productId=2
12:34:00.788 [main] INFO  admin-flow - Admin product close completed. productId=2
12:34:00.794 [main] INFO  admin-flow - Starting admin product save. productId=null, productName=admin dao item
12:34:00.797 [main] INFO  admin-flow - Admin product save completed. productId=115, productName=admin dao item
12:34:00.802 [main] INFO  admin-flow - Getting all products
12:34:00.802 [main] INFO  admin-flow - Returning all products
12:34:00.815 [main] INFO  admin-flow - Getting confirmed bids report
12:34:00.815 [main] INFO  admin-flow - Returning confirmed bids report
12:34:00.824 [main] INFO  admin-flow - Getting user registration report
12:34:00.824 [main] INFO  admin-flow - Returning user registration report
12:34:00.832 [main] INFO  admin-flow - Getting bid report
12:34:00.832 [main] INFO  admin-flow - Returning bid report
12:34:00.838 [main] INFO  admin-flow - Getting auction report
12:34:00.839 [main] INFO  admin-flow - Returning auction report
12:34:00.851 [main] INFO  admin-flow - Getting all users
12:34:00.851 [main] INFO  admin-flow - Returning all users
12:34:00.858 [main] INFO  admin-flow - Starting user lock. username=bidder1
12:34:00.860 [main] INFO  admin-flow - User lock completed. username=bidder1
12:34:00.860 [main] INFO  admin-flow - Starting user unlock. username=bidder1
12:34:00.861 [main] INFO  admin-flow - User unlock completed. username=bidder1
12:34:00.872 [main] INFO  admin-flow - Starting package assignment. username=bidder1, packageId=1
12:34:00.877 [main] INFO  admin-flow - Package assignment completed. username=bidder1, packageId=1
12:34:00.883 [main] INFO  admin-flow - Getting all user package infos
12:34:00.884 [main] INFO  admin-flow - Returning all user package infos
13:29:32.163 [main] INFO  admin-flow - Loading admin bid confirmations page.
13:29:32.163 [main] INFO  admin-flow - Getting all bids for admin
13:29:32.169 [main] INFO  admin-flow - Returning all bids
13:29:32.222 [main] INFO  admin-flow - Admin bid confirmations page loaded.
13:29:32.276 [main] INFO  admin-flow - Loading admin category page.
13:29:32.276 [main] INFO  admin-flow - Getting all categories
13:29:32.276 [main] INFO  admin-flow - returning all categories
13:29:32.280 [main] INFO  admin-flow - Admin category page loaded.
13:29:32.308 [main] INFO  admin-flow - Loading admin location page. countryId=null, stateId=null, cityId=null
13:29:32.309 [main] INFO  admin-flow - Getting all countries
13:29:32.309 [main] INFO  admin-flow - Returning all countries
13:29:32.315 [main] INFO  admin-flow - Getting all cities
13:29:32.315 [main] INFO  admin-flow - Returning all cities
13:29:32.318 [main] INFO  admin-flow - Admin location page loaded.
13:29:32.340 [main] INFO  admin-flow - Processing country save. countryId=null, countryName=Japan
13:29:32.340 [main] INFO  admin-flow - Starting country save. countryId=null, countryName=Japan
13:29:32.393 [main] INFO  admin-flow - Country save completed. countryId=null, countryName=Japan
13:29:32.393 [main] INFO  admin-flow - Country save completed. countryId=null, countryName=Japan
13:29:32.417 [main] INFO  admin-flow - Loading admin news page. newsId=null
13:29:32.418 [main] INFO  admin-flow - Getting all news
13:29:32.418 [main] INFO  admin-flow - Returning all news
13:29:32.421 [main] INFO  admin-flow - Admin news page loaded. newsId=null
13:29:32.435 [main] INFO  admin-flow - Processing news save. newsId=null, title=Tomorrow holiday
13:29:32.436 [main] INFO  admin-flow - Starting news save. newsId=null, newsTitle=Tomorrow holiday
13:29:32.439 [main] INFO  admin-flow - News save completed. newsId=null, newsTitle=Tomorrow holiday
13:29:32.439 [main] INFO  admin-flow - News save completed. newsId=null, title=Tomorrow holiday
13:29:32.461 [main] INFO  admin-flow - Processing admin package save. packageId=null, packageName=gold package
13:29:32.467 [main] INFO  admin-flow - Starting package save. packageId=null, packageName=gold package
13:29:32.471 [main] INFO  admin-flow - Package save completed. packageId=67, packageName=gold package
13:29:32.471 [main] INFO  admin-flow - Admin package save completed. packageId=null, packageName=gold package
13:29:32.478 [main] INFO  admin-flow - Loading admin package page.
13:29:32.478 [main] INFO  admin-flow - Getting all packages
13:29:32.478 [main] INFO  admin-flow - Returning all packages
13:29:32.481 [main] INFO  admin-flow - Admin package page loaded.
13:29:32.494 [main] INFO  admin-flow - Processing admin product close. productId=2
13:29:32.495 [main] INFO  admin-flow - Starting admin product close. productId=2
13:29:32.496 [main] INFO  admin-flow - Admin product close completed. productId=2
13:29:32.497 [main] INFO  admin-flow - Admin product close completed. productId=2
13:29:32.508 [main] INFO  admin-flow - Loading admin product page. productId=null, status=null, sellerUsername=null
13:29:32.508 [main] INFO  admin-flow - Getting categories
13:29:32.508 [main] INFO  admin-flow - Returning categories
13:29:32.513 [main] INFO  admin-flow - Getting all products
13:29:32.513 [main] INFO  admin-flow - Returning all products
13:29:32.518 [main] INFO  admin-flow - Admin product page loaded. productId=null
13:29:32.531 [main] INFO  admin-flow - Processing admin product save. productId=null, productName=admin test item
13:29:32.533 [main] INFO  admin-flow - Starting admin product save. productId=null, productName=admin test item
13:29:32.538 [main] INFO  admin-flow - Admin product save completed. productId=117, productName=admin test item
13:29:32.538 [main] INFO  admin-flow - Admin product save completed. productId=null, productName=admin test item
13:29:32.553 [main] INFO  admin-flow - Loading admin report page.
13:29:32.553 [main] INFO  admin-flow - Admin report page loaded.
13:29:32.567 [main] INFO  admin-flow - Processing user lock. username=bidder1
13:29:32.567 [main] INFO  admin-flow - Starting user lock. username=bidder1
13:29:32.568 [main] INFO  admin-flow - User lock completed. username=bidder1
13:29:32.568 [main] INFO  admin-flow - User lock completed. username=bidder1
13:29:32.578 [main] INFO  admin-flow - Loading admin user page. userType=null
13:29:32.578 [main] INFO  admin-flow - Getting all users
13:29:32.578 [main] INFO  admin-flow - Returning all users
13:29:32.582 [main] INFO  admin-flow - Admin user page loaded. userType=null
13:29:32.603 [main] INFO  admin-flow - Loading admin user-package page. userPackageId=null
13:29:32.603 [main] INFO  admin-flow - Getting bidders
13:29:32.603 [main] INFO  admin-flow - Getting bidders
13:29:32.605 [main] INFO  admin-flow - Getting packages
13:29:32.605 [main] INFO  admin-flow - Returning packages
13:29:32.606 [main] INFO  admin-flow - Getting all user package infos
13:29:32.607 [main] INFO  admin-flow - Returning all user package infos
13:29:32.610 [main] INFO  admin-flow - Admin user-package page loaded. userPackageId=null
13:29:32.621 [main] INFO  admin-flow - Processing user-package assignment. username=bidder1, packageId=1
13:29:32.621 [main] INFO  admin-flow - Starting package assignment. username=bidder1, packageId=1
13:29:32.629 [main] INFO  admin-flow - Package assignment completed. username=bidder1, packageId=1
13:29:32.629 [main] INFO  admin-flow - User-package assignment completed. username=bidder1, packageId=1
13:29:32.955 [main] INFO  admin-flow - Getting all bids for admin
13:29:32.955 [main] INFO  admin-flow - Returning all bids
13:29:32.970 [main] INFO  admin-flow - Getting all categories
13:29:32.970 [main] INFO  admin-flow - returning all categories
13:29:32.976 [main] INFO  admin-flow - Starting category save. catId=null, catName=Home Decor
13:29:32.978 [main] INFO  admin-flow - Category save completed. catId=38, catName=Home Decor
13:29:32.988 [main] INFO  admin-flow - Getting all countries
13:29:32.988 [main] INFO  admin-flow - Returning all countries
13:29:32.995 [main] INFO  admin-flow - Starting country save. countryId=null, countryName=Japan
13:29:32.998 [main] INFO  admin-flow - Country save completed. countryId=null, countryName=Japan
13:29:33.006 [main] INFO  admin-flow - Starting news save. newsId=null, newsTitle=Tomorrow holiday
13:29:33.009 [main] INFO  admin-flow - News save completed. newsId=null, newsTitle=Tomorrow holiday
13:29:33.013 [main] INFO  admin-flow - Getting all news
13:29:33.014 [main] INFO  admin-flow - Returning all news
13:29:33.021 [main] INFO  admin-flow - Getting all packages
13:29:33.022 [main] INFO  admin-flow - Returning all packages
13:29:33.029 [main] INFO  admin-flow - Starting package save. packageId=null, packageName=silver package
13:29:33.031 [main] INFO  admin-flow - Package save completed. packageId=68, packageName=silver package
13:29:33.038 [main] INFO  admin-flow - Starting admin product close. productId=2
13:29:33.040 [main] INFO  admin-flow - Admin product close completed. productId=2
13:29:33.046 [main] INFO  admin-flow - Starting admin product save. productId=null, productName=admin dao item
13:29:33.050 [main] INFO  admin-flow - Admin product save completed. productId=118, productName=admin dao item
13:29:33.057 [main] INFO  admin-flow - Getting all products
13:29:33.057 [main] INFO  admin-flow - Returning all products
13:29:33.070 [main] INFO  admin-flow - Getting confirmed bids report
13:29:33.070 [main] INFO  admin-flow - Returning confirmed bids report
13:29:33.077 [main] INFO  admin-flow - Getting user registration report
13:29:33.077 [main] INFO  admin-flow - Returning user registration report
13:29:33.084 [main] INFO  admin-flow - Getting bid report
13:29:33.084 [main] INFO  admin-flow - Returning bid report
13:29:33.092 [main] INFO  admin-flow - Getting auction report
13:29:33.092 [main] INFO  admin-flow - Returning auction report
13:29:33.106 [main] INFO  admin-flow - Getting all users
13:29:33.107 [main] INFO  admin-flow - Returning all users
13:29:33.116 [main] INFO  admin-flow - Starting user lock. username=bidder1
13:29:33.117 [main] INFO  admin-flow - User lock completed. username=bidder1
13:29:33.117 [main] INFO  admin-flow - Starting user unlock. username=bidder1
13:29:33.119 [main] INFO  admin-flow - User unlock completed. username=bidder1
13:29:33.131 [main] INFO  admin-flow - Starting package assignment. username=bidder1, packageId=1
13:29:33.135 [main] INFO  admin-flow - Package assignment completed. username=bidder1, packageId=1
13:29:33.141 [main] INFO  admin-flow - Getting all user package infos
13:29:33.141 [main] INFO  admin-flow - Returning all user package infos
13:39:35.272 [main] INFO  admin-flow - Loading admin bid confirmations page.
13:39:35.273 [main] INFO  admin-flow - Getting all bids for admin
13:39:35.278 [main] INFO  admin-flow - Returning all bids
13:39:35.331 [main] INFO  admin-flow - Admin bid confirmations page loaded.
13:39:35.397 [main] INFO  admin-flow - Loading admin category page.
13:39:35.397 [main] INFO  admin-flow - Getting all categories
13:39:35.398 [main] INFO  admin-flow - returning all categories
13:39:35.400 [main] INFO  admin-flow - Admin category page loaded.
13:39:35.437 [main] INFO  admin-flow - Loading admin location page. countryId=null, stateId=null, cityId=null
13:39:35.437 [main] INFO  admin-flow - Getting all countries
13:39:35.437 [main] INFO  admin-flow - Returning all countries
13:39:35.442 [main] INFO  admin-flow - Getting all cities
13:39:35.442 [main] INFO  admin-flow - Returning all cities
13:39:35.445 [main] INFO  admin-flow - Admin location page loaded.
13:39:35.461 [main] INFO  admin-flow - Processing country save. countryId=null, countryName=Japan
13:39:35.461 [main] INFO  admin-flow - Starting country save. countryId=null, countryName=Japan
13:39:35.524 [main] INFO  admin-flow - Country save completed. countryId=null, countryName=Japan
13:39:35.525 [main] INFO  admin-flow - Country save completed. countryId=null, countryName=Japan
13:39:35.545 [main] INFO  admin-flow - Loading admin news page. newsId=null
13:39:35.545 [main] INFO  admin-flow - Getting all news
13:39:35.546 [main] INFO  admin-flow - Returning all news
13:39:35.548 [main] INFO  admin-flow - Admin news page loaded. newsId=null
13:39:35.562 [main] INFO  admin-flow - Processing news save. newsId=null, title=Tomorrow holiday
13:39:35.562 [main] INFO  admin-flow - Starting news save. newsId=null, newsTitle=Tomorrow holiday
13:39:35.565 [main] INFO  admin-flow - News save completed. newsId=null, newsTitle=Tomorrow holiday
13:39:35.565 [main] INFO  admin-flow - News save completed. newsId=null, title=Tomorrow holiday
13:39:35.589 [main] INFO  admin-flow - Processing admin package save. packageId=null, packageName=gold package
13:39:35.595 [main] INFO  admin-flow - Starting package save. packageId=null, packageName=gold package
13:39:35.602 [main] INFO  admin-flow - Package save completed. packageId=69, packageName=gold package
13:39:35.603 [main] INFO  admin-flow - Admin package save completed. packageId=null, packageName=gold package
13:39:35.613 [main] INFO  admin-flow - Loading admin package page.
13:39:35.613 [main] INFO  admin-flow - Getting all packages
13:39:35.613 [main] INFO  admin-flow - Returning all packages
13:39:35.615 [main] INFO  admin-flow - Admin package page loaded.
13:39:35.632 [main] INFO  admin-flow - Processing admin product close. productId=2
13:39:35.632 [main] INFO  admin-flow - Starting admin product close. productId=2
13:39:35.635 [main] INFO  admin-flow - Admin product close completed. productId=2
13:39:35.636 [main] INFO  admin-flow - Admin product close completed. productId=2
13:39:35.648 [main] INFO  admin-flow - Loading admin product page. productId=null, status=null, sellerUsername=null
13:39:35.648 [main] INFO  admin-flow - Getting categories
13:39:35.648 [main] INFO  admin-flow - Returning categories
13:39:35.653 [main] INFO  admin-flow - Getting all products
13:39:35.654 [main] INFO  admin-flow - Returning all products
13:39:35.659 [main] INFO  admin-flow - Admin product page loaded. productId=null
13:39:35.669 [main] INFO  admin-flow - Processing admin product save. productId=null, productName=admin test item
13:39:35.672 [main] INFO  admin-flow - Starting admin product save. productId=null, productName=admin test item
13:39:35.678 [main] INFO  admin-flow - Admin product save completed. productId=120, productName=admin test item
13:39:35.679 [main] INFO  admin-flow - Admin product save completed. productId=null, productName=admin test item
13:39:35.696 [main] INFO  admin-flow - Loading admin report page.
13:39:35.697 [main] INFO  admin-flow - Admin report page loaded.
13:39:35.714 [main] INFO  admin-flow - Processing user lock. username=bidder1
13:39:35.714 [main] INFO  admin-flow - Starting user lock. username=bidder1
13:39:35.715 [main] INFO  admin-flow - User lock completed. username=bidder1
13:39:35.715 [main] INFO  admin-flow - User lock completed. username=bidder1
13:39:35.727 [main] INFO  admin-flow - Loading admin user page. userType=null
13:39:35.727 [main] INFO  admin-flow - Getting all users
13:39:35.728 [main] INFO  admin-flow - Returning all users
13:39:35.732 [main] INFO  admin-flow - Admin user page loaded. userType=null
13:39:35.753 [main] INFO  admin-flow - Loading admin user-package page. userPackageId=null
13:39:35.753 [main] INFO  admin-flow - Getting bidders
13:39:35.753 [main] INFO  admin-flow - Getting bidders
13:39:35.755 [main] INFO  admin-flow - Getting packages
13:39:35.755 [main] INFO  admin-flow - Returning packages
13:39:35.756 [main] INFO  admin-flow - Getting all user package infos
13:39:35.757 [main] INFO  admin-flow - Returning all user package infos
13:39:35.760 [main] INFO  admin-flow - Admin user-package page loaded. userPackageId=null
13:39:35.774 [main] INFO  admin-flow - Processing user-package assignment. username=bidder1, packageId=1
13:39:35.774 [main] INFO  admin-flow - Starting package assignment. username=bidder1, packageId=1
13:39:35.781 [main] INFO  admin-flow - Package assignment completed. username=bidder1, packageId=1
13:39:35.781 [main] INFO  admin-flow - User-package assignment completed. username=bidder1, packageId=1
13:39:36.122 [main] INFO  admin-flow - Getting all bids for admin
13:39:36.123 [main] INFO  admin-flow - Returning all bids
13:39:36.139 [main] INFO  admin-flow - Getting all categories
13:39:36.139 [main] INFO  admin-flow - returning all categories
13:39:36.146 [main] INFO  admin-flow - Starting category save. catId=null, catName=Home Decor
13:39:36.149 [main] INFO  admin-flow - Category save completed. catId=39, catName=Home Decor
13:39:36.159 [main] INFO  admin-flow - Getting all countries
13:39:36.159 [main] INFO  admin-flow - Returning all countries
13:39:36.166 [main] INFO  admin-flow - Starting country save. countryId=null, countryName=Japan
13:39:36.168 [main] INFO  admin-flow - Country save completed. countryId=null, countryName=Japan
13:39:36.177 [main] INFO  admin-flow - Starting news save. newsId=null, newsTitle=Tomorrow holiday
13:39:36.179 [main] INFO  admin-flow - News save completed. newsId=null, newsTitle=Tomorrow holiday
13:39:36.183 [main] INFO  admin-flow - Getting all news
13:39:36.184 [main] INFO  admin-flow - Returning all news
13:39:36.195 [main] INFO  admin-flow - Getting all packages
13:39:36.196 [main] INFO  admin-flow - Returning all packages
13:39:36.202 [main] INFO  admin-flow - Starting package save. packageId=null, packageName=silver package
13:39:36.205 [main] INFO  admin-flow - Package save completed. packageId=70, packageName=silver package
13:39:36.217 [main] INFO  admin-flow - Starting admin product close. productId=2
13:39:36.218 [main] INFO  admin-flow - Admin product close completed. productId=2
13:39:36.225 [main] INFO  admin-flow - Starting admin product save. productId=null, productName=admin dao item
13:39:36.229 [main] INFO  admin-flow - Admin product save completed. productId=121, productName=admin dao item
13:39:36.235 [main] INFO  admin-flow - Getting all products
13:39:36.235 [main] INFO  admin-flow - Returning all products
13:39:36.250 [main] INFO  admin-flow - Getting confirmed bids report
13:39:36.250 [main] INFO  admin-flow - Returning confirmed bids report
13:39:36.259 [main] INFO  admin-flow - Getting user registration report
13:39:36.259 [main] INFO  admin-flow - Returning user registration report
13:39:36.265 [main] INFO  admin-flow - Getting bid report
13:39:36.265 [main] INFO  admin-flow - Returning bid report
13:39:36.273 [main] INFO  admin-flow - Getting auction report
13:39:36.273 [main] INFO  admin-flow - Returning auction report
13:39:36.285 [main] INFO  admin-flow - Getting all users
13:39:36.286 [main] INFO  admin-flow - Returning all users
13:39:36.294 [main] INFO  admin-flow - Starting user lock. username=bidder1
13:39:36.295 [main] INFO  admin-flow - User lock completed. username=bidder1
13:39:36.296 [main] INFO  admin-flow - Starting user unlock. username=bidder1
13:39:36.296 [main] INFO  admin-flow - User unlock completed. username=bidder1
13:39:36.309 [main] INFO  admin-flow - Starting package assignment. username=bidder1, packageId=1
13:39:36.313 [main] INFO  admin-flow - Package assignment completed. username=bidder1, packageId=1
13:39:36.319 [main] INFO  admin-flow - Getting all user package infos
13:39:36.319 [main] INFO  admin-flow - Returning all user package infos
13:44:40.403 [main] INFO  admin-flow - Loading admin bid confirmations page.
13:44:40.403 [main] INFO  admin-flow - Getting all bids for admin
13:44:40.406 [main] INFO  admin-flow - Returning all bids
13:44:40.444 [main] INFO  admin-flow - Admin bid confirmations page loaded.
13:44:40.489 [main] INFO  admin-flow - Loading admin category page.
13:44:40.490 [main] INFO  admin-flow - Getting all categories
13:44:40.490 [main] INFO  admin-flow - returning all categories
13:44:40.493 [main] INFO  admin-flow - Admin category page loaded.
13:44:40.524 [main] INFO  admin-flow - Loading admin location page. countryId=null, stateId=null, cityId=null
13:44:40.524 [main] INFO  admin-flow - Getting all countries
13:44:40.524 [main] INFO  admin-flow - Returning all countries
13:44:40.530 [main] INFO  admin-flow - Getting all cities
13:44:40.530 [main] INFO  admin-flow - Returning all cities
13:44:40.533 [main] INFO  admin-flow - Admin location page loaded.
13:44:40.558 [main] INFO  admin-flow - Processing country save. countryId=null, countryName=Japan
13:44:40.558 [main] INFO  admin-flow - Starting country save. countryId=null, countryName=Japan
13:44:40.621 [main] INFO  admin-flow - Country save completed. countryId=null, countryName=Japan
13:44:40.622 [main] INFO  admin-flow - Country save completed. countryId=null, countryName=Japan
13:44:40.647 [main] INFO  admin-flow - Loading admin news page. newsId=null
13:44:40.647 [main] INFO  admin-flow - Getting all news
13:44:40.648 [main] INFO  admin-flow - Returning all news
13:44:40.651 [main] INFO  admin-flow - Admin news page loaded. newsId=null
13:44:40.664 [main] INFO  admin-flow - Processing news save. newsId=null, title=Tomorrow holiday
13:44:40.664 [main] INFO  admin-flow - Starting news save. newsId=null, newsTitle=Tomorrow holiday
13:44:40.667 [main] INFO  admin-flow - News save completed. newsId=null, newsTitle=Tomorrow holiday
13:44:40.667 [main] INFO  admin-flow - News save completed. newsId=null, title=Tomorrow holiday
13:44:40.691 [main] INFO  admin-flow - Processing admin package save. packageId=null, packageName=gold package
13:44:40.697 [main] INFO  admin-flow - Starting package save. packageId=null, packageName=gold package
13:44:40.703 [main] INFO  admin-flow - Package save completed. packageId=71, packageName=gold package
13:44:40.703 [main] INFO  admin-flow - Admin package save completed. packageId=null, packageName=gold package
13:44:40.717 [main] INFO  admin-flow - Loading admin package page.
13:44:40.717 [main] INFO  admin-flow - Getting all packages
13:44:40.717 [main] INFO  admin-flow - Returning all packages
13:44:40.720 [main] INFO  admin-flow - Admin package page loaded.
13:44:40.740 [main] INFO  admin-flow - Processing admin product close. productId=2
13:44:40.740 [main] INFO  admin-flow - Starting admin product close. productId=2
13:44:40.743 [main] INFO  admin-flow - Admin product close completed. productId=2
13:44:40.743 [main] INFO  admin-flow - Admin product close completed. productId=2
13:44:40.756 [main] INFO  admin-flow - Loading admin product page. productId=null, status=null, sellerUsername=null
13:44:40.756 [main] INFO  admin-flow - Getting categories
13:44:40.757 [main] INFO  admin-flow - Returning categories
13:44:40.762 [main] INFO  admin-flow - Getting all products
13:44:40.763 [main] INFO  admin-flow - Returning all products
13:44:40.767 [main] INFO  admin-flow - Admin product page loaded. productId=null
13:44:40.782 [main] INFO  admin-flow - Processing admin product save. productId=null, productName=admin test item
13:44:40.783 [main] INFO  admin-flow - Starting admin product save. productId=null, productName=admin test item
13:44:40.791 [main] INFO  admin-flow - Admin product save completed. productId=123, productName=admin test item
13:44:40.791 [main] INFO  admin-flow - Admin product save completed. productId=null, productName=admin test item
13:44:40.803 [main] INFO  admin-flow - Loading admin report page.
13:44:40.803 [main] INFO  admin-flow - Admin report page loaded.
13:44:40.817 [main] INFO  admin-flow - Processing user lock. username=bidder1
13:44:40.817 [main] INFO  admin-flow - Starting user lock. username=bidder1
13:44:40.819 [main] INFO  admin-flow - User lock completed. username=bidder1
13:44:40.819 [main] INFO  admin-flow - User lock completed. username=bidder1
13:44:40.828 [main] INFO  admin-flow - Loading admin user page. userType=null
13:44:40.828 [main] INFO  admin-flow - Getting all users
13:44:40.829 [main] INFO  admin-flow - Returning all users
13:44:40.832 [main] INFO  admin-flow - Admin user page loaded. userType=null
13:44:40.847 [main] INFO  admin-flow - Loading admin user-package page. userPackageId=null
13:44:40.847 [main] INFO  admin-flow - Getting bidders
13:44:40.847 [main] INFO  admin-flow - Getting bidders
13:44:40.849 [main] INFO  admin-flow - Getting packages
13:44:40.849 [main] INFO  admin-flow - Returning packages
13:44:40.850 [main] INFO  admin-flow - Getting all user package infos
13:44:40.850 [main] INFO  admin-flow - Returning all user package infos
13:44:40.854 [main] INFO  admin-flow - Admin user-package page loaded. userPackageId=null
13:44:40.863 [main] INFO  admin-flow - Processing user-package assignment. username=bidder1, packageId=1
13:44:40.863 [main] INFO  admin-flow - Starting package assignment. username=bidder1, packageId=1
13:44:40.868 [main] INFO  admin-flow - Package assignment completed. username=bidder1, packageId=1
13:44:40.868 [main] INFO  admin-flow - User-package assignment completed. username=bidder1, packageId=1
13:44:41.169 [main] INFO  admin-flow - Getting all bids for admin
13:44:41.169 [main] INFO  admin-flow - Returning all bids
13:44:41.182 [main] INFO  admin-flow - Getting all categories
13:44:41.182 [main] INFO  admin-flow - returning all categories
13:44:41.187 [main] INFO  admin-flow - Starting category save. catId=null, catName=Home Decor
13:44:41.191 [main] INFO  admin-flow - Category save completed. catId=40, catName=Home Decor
13:44:41.199 [main] INFO  admin-flow - Getting all countries
13:44:41.199 [main] INFO  admin-flow - Returning all countries
13:44:41.204 [main] INFO  admin-flow - Starting country save. countryId=null, countryName=Japan
13:44:41.207 [main] INFO  admin-flow - Country save completed. countryId=null, countryName=Japan
13:44:41.214 [main] INFO  admin-flow - Starting news save. newsId=null, newsTitle=Tomorrow holiday
13:44:41.216 [main] INFO  admin-flow - News save completed. newsId=null, newsTitle=Tomorrow holiday
13:44:41.221 [main] INFO  admin-flow - Getting all news
13:44:41.221 [main] INFO  admin-flow - Returning all news
13:44:41.230 [main] INFO  admin-flow - Getting all packages
13:44:41.230 [main] INFO  admin-flow - Returning all packages
13:44:41.235 [main] INFO  admin-flow - Starting package save. packageId=null, packageName=silver package
13:44:41.236 [main] INFO  admin-flow - Package save completed. packageId=72, packageName=silver package
13:44:41.244 [main] INFO  admin-flow - Starting admin product close. productId=2
13:44:41.245 [main] INFO  admin-flow - Admin product close completed. productId=2
13:44:41.249 [main] INFO  admin-flow - Starting admin product save. productId=null, productName=admin dao item
13:44:41.252 [main] INFO  admin-flow - Admin product save completed. productId=124, productName=admin dao item
13:44:41.258 [main] INFO  admin-flow - Getting all products
13:44:41.258 [main] INFO  admin-flow - Returning all products
13:44:41.267 [main] INFO  admin-flow - Getting confirmed bids report
13:44:41.267 [main] INFO  admin-flow - Returning confirmed bids report
13:44:41.275 [main] INFO  admin-flow - Getting user registration report
13:44:41.275 [main] INFO  admin-flow - Returning user registration report
13:44:41.282 [main] INFO  admin-flow - Getting bid report
13:44:41.282 [main] INFO  admin-flow - Returning bid report
13:44:41.289 [main] INFO  admin-flow - Getting auction report
13:44:41.290 [main] INFO  admin-flow - Returning auction report
13:44:41.302 [main] INFO  admin-flow - Getting all users
13:44:41.302 [main] INFO  admin-flow - Returning all users
13:44:41.309 [main] INFO  admin-flow - Starting user lock. username=bidder1
13:44:41.310 [main] INFO  admin-flow - User lock completed. username=bidder1
13:44:41.310 [main] INFO  admin-flow - Starting user unlock. username=bidder1
13:44:41.311 [main] INFO  admin-flow - User unlock completed. username=bidder1
13:44:41.318 [main] INFO  admin-flow - Starting package assignment. username=bidder1, packageId=1
13:44:41.323 [main] INFO  admin-flow - Package assignment completed. username=bidder1, packageId=1
13:44:41.327 [main] INFO  admin-flow - Getting all user package infos
13:44:41.327 [main] INFO  admin-flow - Returning all user package infos
13:48:33.116 [main] INFO  admin-flow - Loading admin bid confirmations page.
13:48:33.116 [main] INFO  admin-flow - Getting all bids for admin
13:48:33.120 [main] INFO  admin-flow - Returning all bids
13:48:33.159 [main] INFO  admin-flow - Admin bid confirmations page loaded.
13:48:33.207 [main] INFO  admin-flow - Loading admin category page.
13:48:33.207 [main] INFO  admin-flow - Getting all categories
13:48:33.207 [main] INFO  admin-flow - returning all categories
13:48:33.210 [main] INFO  admin-flow - Admin category page loaded.
13:48:33.234 [main] INFO  admin-flow - Loading admin location page. countryId=null, stateId=null, cityId=null
13:48:33.234 [main] INFO  admin-flow - Getting all countries
13:48:33.234 [main] INFO  admin-flow - Returning all countries
13:48:33.240 [main] INFO  admin-flow - Getting all cities
13:48:33.240 [main] INFO  admin-flow - Returning all cities
13:48:33.243 [main] INFO  admin-flow - Admin location page loaded.
13:48:33.266 [main] INFO  admin-flow - Processing country save. countryId=null, countryName=Japan
13:48:33.266 [main] INFO  admin-flow - Starting country save. countryId=null, countryName=Japan
13:48:33.329 [main] INFO  admin-flow - Country save completed. countryId=null, countryName=Japan
13:48:33.330 [main] INFO  admin-flow - Country save completed. countryId=null, countryName=Japan
13:48:33.349 [main] INFO  admin-flow - Loading admin news page. newsId=null
13:48:33.350 [main] INFO  admin-flow - Getting all news
13:48:33.350 [main] INFO  admin-flow - Returning all news
13:48:33.352 [main] INFO  admin-flow - Admin news page loaded. newsId=null
13:48:33.365 [main] INFO  admin-flow - Processing news save. newsId=null, title=Tomorrow holiday
13:48:33.365 [main] INFO  admin-flow - Starting news save. newsId=null, newsTitle=Tomorrow holiday
13:48:33.369 [main] INFO  admin-flow - News save completed. newsId=null, newsTitle=Tomorrow holiday
13:48:33.369 [main] INFO  admin-flow - News save completed. newsId=null, title=Tomorrow holiday
13:48:33.399 [main] INFO  admin-flow - Processing admin package save. packageId=null, packageName=gold package
13:48:33.414 [main] INFO  admin-flow - Starting package save. packageId=null, packageName=gold package
13:48:33.419 [main] INFO  admin-flow - Package save completed. packageId=73, packageName=gold package
13:48:33.419 [main] INFO  admin-flow - Admin package save completed. packageId=null, packageName=gold package
13:48:33.428 [main] INFO  admin-flow - Loading admin package page.
13:48:33.428 [main] INFO  admin-flow - Getting all packages
13:48:33.428 [main] INFO  admin-flow - Returning all packages
13:48:33.431 [main] INFO  admin-flow - Admin package page loaded.
13:48:33.445 [main] INFO  admin-flow - Processing admin product close. productId=2
13:48:33.445 [main] INFO  admin-flow - Starting admin product close. productId=2
13:48:33.447 [main] INFO  admin-flow - Admin product close completed. productId=2
13:48:33.448 [main] INFO  admin-flow - Admin product close completed. productId=2
13:48:33.460 [main] INFO  admin-flow - Loading admin product page. productId=null, status=null, sellerUsername=null
13:48:33.460 [main] INFO  admin-flow - Getting categories
13:48:33.460 [main] INFO  admin-flow - Returning categories
13:48:33.465 [main] INFO  admin-flow - Getting all products
13:48:33.466 [main] INFO  admin-flow - Returning all products
13:48:33.472 [main] INFO  admin-flow - Admin product page loaded. productId=null
13:48:33.486 [main] INFO  admin-flow - Processing admin product save. productId=null, productName=admin test item
13:48:33.489 [main] INFO  admin-flow - Starting admin product save. productId=null, productName=admin test item
13:48:33.495 [main] INFO  admin-flow - Admin product save completed. productId=126, productName=admin test item
13:48:33.496 [main] INFO  admin-flow - Admin product save completed. productId=null, productName=admin test item
13:48:33.509 [main] INFO  admin-flow - Loading admin report page.
13:48:33.509 [main] INFO  admin-flow - Admin report page loaded.
13:48:33.521 [main] INFO  admin-flow - Processing user lock. username=bidder1
13:48:33.521 [main] INFO  admin-flow - Starting user lock. username=bidder1
13:48:33.522 [main] INFO  admin-flow - User lock completed. username=bidder1
13:48:33.523 [main] INFO  admin-flow - User lock completed. username=bidder1
13:48:33.532 [main] INFO  admin-flow - Loading admin user page. userType=null
13:48:33.532 [main] INFO  admin-flow - Getting all users
13:48:33.532 [main] INFO  admin-flow - Returning all users
13:48:33.536 [main] INFO  admin-flow - Admin user page loaded. userType=null
13:48:33.549 [main] INFO  admin-flow - Loading admin user-package page. userPackageId=null
13:48:33.549 [main] INFO  admin-flow - Getting bidders
13:48:33.549 [main] INFO  admin-flow - Getting bidders
13:48:33.551 [main] INFO  admin-flow - Getting packages
13:48:33.551 [main] INFO  admin-flow - Returning packages
13:48:33.552 [main] INFO  admin-flow - Getting all user package infos
13:48:33.552 [main] INFO  admin-flow - Returning all user package infos
13:48:33.554 [main] INFO  admin-flow - Admin user-package page loaded. userPackageId=null
13:48:33.563 [main] INFO  admin-flow - Processing user-package assignment. username=bidder1, packageId=1
13:48:33.564 [main] INFO  admin-flow - Starting package assignment. username=bidder1, packageId=1
13:48:33.569 [main] INFO  admin-flow - Package assignment completed. username=bidder1, packageId=1
13:48:33.569 [main] INFO  admin-flow - User-package assignment completed. username=bidder1, packageId=1
13:48:33.971 [main] INFO  admin-flow - Getting all bids for admin
13:48:33.971 [main] INFO  admin-flow - Returning all bids
13:48:33.985 [main] INFO  admin-flow - Getting all categories
13:48:33.985 [main] INFO  admin-flow - returning all categories
13:48:33.995 [main] INFO  admin-flow - Starting category save. catId=null, catName=Home Decor
13:48:33.999 [main] INFO  admin-flow - Category save completed. catId=41, catName=Home Decor
13:48:34.010 [main] INFO  admin-flow - Getting all countries
13:48:34.010 [main] INFO  admin-flow - Returning all countries
13:48:34.015 [main] INFO  admin-flow - Starting country save. countryId=null, countryName=Japan
13:48:34.017 [main] INFO  admin-flow - Country save completed. countryId=null, countryName=Japan
13:48:34.022 [main] INFO  admin-flow - Starting news save. newsId=null, newsTitle=Tomorrow holiday
13:48:34.023 [main] INFO  admin-flow - News save completed. newsId=null, newsTitle=Tomorrow holiday
13:48:34.026 [main] INFO  admin-flow - Getting all news
13:48:34.026 [main] INFO  admin-flow - Returning all news
13:48:34.032 [main] INFO  admin-flow - Getting all packages
13:48:34.033 [main] INFO  admin-flow - Returning all packages
13:48:34.038 [main] INFO  admin-flow - Starting package save. packageId=null, packageName=silver package
13:48:34.039 [main] INFO  admin-flow - Package save completed. packageId=74, packageName=silver package
13:48:34.045 [main] INFO  admin-flow - Starting admin product close. productId=2
13:48:34.046 [main] INFO  admin-flow - Admin product close completed. productId=2
13:48:34.051 [main] INFO  admin-flow - Starting admin product save. productId=null, productName=admin dao item
13:48:34.055 [main] INFO  admin-flow - Admin product save completed. productId=127, productName=admin dao item
13:48:34.059 [main] INFO  admin-flow - Getting all products
13:48:34.059 [main] INFO  admin-flow - Returning all products
13:48:34.067 [main] INFO  admin-flow - Getting confirmed bids report
13:48:34.068 [main] INFO  admin-flow - Returning confirmed bids report
13:48:34.074 [main] INFO  admin-flow - Getting user registration report
13:48:34.075 [main] INFO  admin-flow - Returning user registration report
13:48:34.081 [main] INFO  admin-flow - Getting bid report
13:48:34.081 [main] INFO  admin-flow - Returning bid report
13:48:34.089 [main] INFO  admin-flow - Getting auction report
13:48:34.089 [main] INFO  admin-flow - Returning auction report
13:48:34.103 [main] INFO  admin-flow - Getting all users
13:48:34.104 [main] INFO  admin-flow - Returning all users
13:48:34.112 [main] INFO  admin-flow - Starting user lock. username=bidder1
13:48:34.113 [main] INFO  admin-flow - User lock completed. username=bidder1
13:48:34.114 [main] INFO  admin-flow - Starting user unlock. username=bidder1
13:48:34.115 [main] INFO  admin-flow - User unlock completed. username=bidder1
13:48:34.120 [main] INFO  admin-flow - Starting package assignment. username=bidder1, packageId=1
13:48:34.124 [main] INFO  admin-flow - Package assignment completed. username=bidder1, packageId=1
13:48:34.127 [main] INFO  admin-flow - Getting all user package infos
13:48:34.127 [main] INFO  admin-flow - Returning all user package infos
13:52:54.470 [main] INFO  admin-flow - Loading admin bid confirmations page.
13:52:54.470 [main] INFO  admin-flow - Getting all bids for admin
13:52:54.480 [main] INFO  admin-flow - Returning all bids
13:52:54.517 [main] INFO  admin-flow - Admin bid confirmations page loaded.
13:52:54.562 [main] INFO  admin-flow - Loading admin category page.
13:52:54.562 [main] INFO  admin-flow - Getting all categories
13:52:54.562 [main] INFO  admin-flow - returning all categories
13:52:54.564 [main] INFO  admin-flow - Admin category page loaded.
13:52:54.582 [main] INFO  admin-flow - Loading admin location page. countryId=null, stateId=null, cityId=null
13:52:54.582 [main] INFO  admin-flow - Getting all countries
13:52:54.582 [main] INFO  admin-flow - Returning all countries
13:52:54.586 [main] INFO  admin-flow - Getting all cities
13:52:54.586 [main] INFO  admin-flow - Returning all cities
13:52:54.588 [main] INFO  admin-flow - Admin location page loaded.
13:52:54.607 [main] INFO  admin-flow - Processing country save. countryId=null, countryName=Japan
13:52:54.607 [main] INFO  admin-flow - Starting country save. countryId=null, countryName=Japan
13:52:54.638 [main] INFO  admin-flow - Country save completed. countryId=null, countryName=Japan
13:52:54.638 [main] INFO  admin-flow - Country save completed. countryId=null, countryName=Japan
13:52:54.657 [main] INFO  admin-flow - Loading admin news page. newsId=null
13:52:54.658 [main] INFO  admin-flow - Getting all news
13:52:54.658 [main] INFO  admin-flow - Returning all news
13:52:54.660 [main] INFO  admin-flow - Admin news page loaded. newsId=null
13:52:54.672 [main] INFO  admin-flow - Processing news save. newsId=null, title=Tomorrow holiday
13:52:54.672 [main] INFO  admin-flow - Starting news save. newsId=null, newsTitle=Tomorrow holiday
13:52:54.675 [main] INFO  admin-flow - News save completed. newsId=null, newsTitle=Tomorrow holiday
13:52:54.675 [main] INFO  admin-flow - News save completed. newsId=null, title=Tomorrow holiday
13:52:54.698 [main] INFO  admin-flow - Processing admin package save. packageId=null, packageName=gold package
13:52:54.703 [main] INFO  admin-flow - Starting package save. packageId=null, packageName=gold package
13:52:54.706 [main] INFO  admin-flow - Package save completed. packageId=75, packageName=gold package
13:52:54.706 [main] INFO  admin-flow - Admin package save completed. packageId=null, packageName=gold package
13:52:54.712 [main] INFO  admin-flow - Loading admin package page.
13:52:54.712 [main] INFO  admin-flow - Getting all packages
13:52:54.712 [main] INFO  admin-flow - Returning all packages
13:52:54.714 [main] INFO  admin-flow - Admin package page loaded.
13:52:54.728 [main] INFO  admin-flow - Processing admin product close. productId=2
13:52:54.728 [main] INFO  admin-flow - Starting admin product close. productId=2
13:52:54.730 [main] INFO  admin-flow - Admin product close completed. productId=2
13:52:54.730 [main] INFO  admin-flow - Admin product close completed. productId=2
13:52:54.740 [main] INFO  admin-flow - Loading admin product page. productId=null, status=null, sellerUsername=null
13:52:54.740 [main] INFO  admin-flow - Getting categories
13:52:54.740 [main] INFO  admin-flow - Returning categories
13:52:54.745 [main] INFO  admin-flow - Getting all products
13:52:54.745 [main] INFO  admin-flow - Returning all products
13:52:54.748 [main] INFO  admin-flow - Admin product page loaded. productId=null
13:52:54.759 [main] INFO  admin-flow - Processing admin product save. productId=null, productName=admin test item
13:52:54.760 [main] INFO  admin-flow - Starting admin product save. productId=null, productName=admin test item
13:52:54.765 [main] INFO  admin-flow - Admin product save completed. productId=129, productName=admin test item
13:52:54.765 [main] INFO  admin-flow - Admin product save completed. productId=null, productName=admin test item
13:52:54.774 [main] INFO  admin-flow - Loading admin report page.
13:52:54.775 [main] INFO  admin-flow - Admin report page loaded.
13:52:54.788 [main] INFO  admin-flow - Processing user lock. username=bidder1
13:52:54.788 [main] INFO  admin-flow - Starting user lock. username=bidder1
13:52:54.789 [main] INFO  admin-flow - User lock completed. username=bidder1
13:52:54.789 [main] INFO  admin-flow - User lock completed. username=bidder1
13:52:54.799 [main] INFO  admin-flow - Loading admin user page. userType=null
13:52:54.799 [main] INFO  admin-flow - Getting all users
13:52:54.799 [main] INFO  admin-flow - Returning all users
13:52:54.803 [main] INFO  admin-flow - Admin user page loaded. userType=null
13:52:54.820 [main] INFO  admin-flow - Loading admin user-package page. userPackageId=null
13:52:54.821 [main] INFO  admin-flow - Getting bidders
13:52:54.821 [main] INFO  admin-flow - Getting bidders
13:52:54.823 [main] INFO  admin-flow - Getting packages
13:52:54.823 [main] INFO  admin-flow - Returning packages
13:52:54.824 [main] INFO  admin-flow - Getting all user package infos
13:52:54.825 [main] INFO  admin-flow - Returning all user package infos
13:52:54.828 [main] INFO  admin-flow - Admin user-package page loaded. userPackageId=null
13:52:54.837 [main] INFO  admin-flow - Processing user-package assignment. username=bidder1, packageId=1
13:52:54.837 [main] INFO  admin-flow - Starting package assignment. username=bidder1, packageId=1
13:52:54.842 [main] INFO  admin-flow - Package assignment completed. username=bidder1, packageId=1
13:52:54.842 [main] INFO  admin-flow - User-package assignment completed. username=bidder1, packageId=1
13:52:55.178 [main] INFO  admin-flow - Getting all bids for admin
13:52:55.179 [main] INFO  admin-flow - Returning all bids
13:52:55.203 [main] INFO  admin-flow - Getting all categories
13:52:55.203 [main] INFO  admin-flow - returning all categories
13:52:55.211 [main] INFO  admin-flow - Starting category save. catId=null, catName=Home Decor
13:52:55.215 [main] INFO  admin-flow - Category save completed. catId=42, catName=Home Decor
13:52:55.225 [main] INFO  admin-flow - Getting all countries
13:52:55.226 [main] INFO  admin-flow - Returning all countries
13:52:55.233 [main] INFO  admin-flow - Starting country save. countryId=null, countryName=Japan
13:52:55.235 [main] INFO  admin-flow - Country save completed. countryId=null, countryName=Japan
13:52:55.245 [main] INFO  admin-flow - Starting news save. newsId=null, newsTitle=Tomorrow holiday
13:52:55.248 [main] INFO  admin-flow - News save completed. newsId=null, newsTitle=Tomorrow holiday
13:52:55.254 [main] INFO  admin-flow - Getting all news
13:52:55.255 [main] INFO  admin-flow - Returning all news
13:52:55.264 [main] INFO  admin-flow - Getting all packages
13:52:55.265 [main] INFO  admin-flow - Returning all packages
13:52:55.275 [main] INFO  admin-flow - Starting package save. packageId=null, packageName=silver package
13:52:55.278 [main] INFO  admin-flow - Package save completed. packageId=76, packageName=silver package
13:52:55.287 [main] INFO  admin-flow - Starting admin product close. productId=2
13:52:55.288 [main] INFO  admin-flow - Admin product close completed. productId=2
13:52:55.295 [main] INFO  admin-flow - Starting admin product save. productId=null, productName=admin dao item
13:52:55.301 [main] INFO  admin-flow - Admin product save completed. productId=130, productName=admin dao item
13:52:55.308 [main] INFO  admin-flow - Getting all products
13:52:55.309 [main] INFO  admin-flow - Returning all products
13:52:55.322 [main] INFO  admin-flow - Getting confirmed bids report
13:52:55.323 [main] INFO  admin-flow - Returning confirmed bids report
13:52:55.334 [main] INFO  admin-flow - Getting user registration report
13:52:55.335 [main] INFO  admin-flow - Returning user registration report
13:52:55.348 [main] INFO  admin-flow - Getting bid report
13:52:55.348 [main] INFO  admin-flow - Returning bid report
13:52:55.359 [main] INFO  admin-flow - Getting auction report
13:52:55.359 [main] INFO  admin-flow - Returning auction report
13:52:55.375 [main] INFO  admin-flow - Getting all users
13:52:55.375 [main] INFO  admin-flow - Returning all users
13:52:55.385 [main] INFO  admin-flow - Starting user lock. username=bidder1
13:52:55.386 [main] INFO  admin-flow - User lock completed. username=bidder1
13:52:55.386 [main] INFO  admin-flow - Starting user unlock. username=bidder1
13:52:55.388 [main] INFO  admin-flow - User unlock completed. username=bidder1
13:52:55.400 [main] INFO  admin-flow - Starting package assignment. username=bidder1, packageId=1
13:52:55.406 [main] INFO  admin-flow - Package assignment completed. username=bidder1, packageId=1
13:52:55.413 [main] INFO  admin-flow - Getting all user package infos
13:52:55.413 [main] INFO  admin-flow - Returning all user package infos
13:57:05.785 [main] INFO  admin-flow - Loading admin bid confirmations page.
13:57:05.785 [main] INFO  admin-flow - Getting all bids for admin
13:57:05.790 [main] INFO  admin-flow - Returning all bids
13:57:05.836 [main] INFO  admin-flow - Admin bid confirmations page loaded.
13:57:05.902 [main] INFO  admin-flow - Loading admin category page.
13:57:05.902 [main] INFO  admin-flow - Getting all categories
13:57:05.903 [main] INFO  admin-flow - returning all categories
13:57:05.906 [main] INFO  admin-flow - Admin category page loaded.
13:57:05.941 [main] INFO  admin-flow - Loading admin location page. countryId=null, stateId=null, cityId=null
13:57:05.942 [main] INFO  admin-flow - Getting all countries
13:57:05.942 [main] INFO  admin-flow - Returning all countries
13:57:05.946 [main] INFO  admin-flow - Getting all cities
13:57:05.946 [main] INFO  admin-flow - Returning all cities
13:57:05.947 [main] INFO  admin-flow - Admin location page loaded.
13:57:05.964 [main] INFO  admin-flow - Processing country save. countryId=null, countryName=Japan
13:57:05.965 [main] INFO  admin-flow - Starting country save. countryId=null, countryName=Japan
13:57:06.019 [main] INFO  admin-flow - Country save completed. countryId=null, countryName=Japan
13:57:06.019 [main] INFO  admin-flow - Country save completed. countryId=null, countryName=Japan
13:57:06.040 [main] INFO  admin-flow - Loading admin news page. newsId=null
13:57:06.040 [main] INFO  admin-flow - Getting all news
13:57:06.040 [main] INFO  admin-flow - Returning all news
13:57:06.043 [main] INFO  admin-flow - Admin news page loaded. newsId=null
13:57:06.057 [main] INFO  admin-flow - Processing news save. newsId=null, title=Tomorrow holiday
13:57:06.057 [main] INFO  admin-flow - Starting news save. newsId=null, newsTitle=Tomorrow holiday
13:57:06.061 [main] INFO  admin-flow - News save completed. newsId=null, newsTitle=Tomorrow holiday
13:57:06.061 [main] INFO  admin-flow - News save completed. newsId=null, title=Tomorrow holiday
13:57:06.086 [main] INFO  admin-flow - Processing admin package save. packageId=null, packageName=gold package
13:57:06.093 [main] INFO  admin-flow - Starting package save. packageId=null, packageName=gold package
13:57:06.098 [main] INFO  admin-flow - Package save completed. packageId=77, packageName=gold package
13:57:06.099 [main] INFO  admin-flow - Admin package save completed. packageId=null, packageName=gold package
13:57:06.110 [main] INFO  admin-flow - Loading admin package page.
13:57:06.110 [main] INFO  admin-flow - Getting all packages
13:57:06.110 [main] INFO  admin-flow - Returning all packages
13:57:06.112 [main] INFO  admin-flow - Admin package page loaded.
13:57:06.131 [main] INFO  admin-flow - Processing admin product close. productId=2
13:57:06.131 [main] INFO  admin-flow - Starting admin product close. productId=2
13:57:06.134 [main] INFO  admin-flow - Admin product close completed. productId=2
13:57:06.134 [main] INFO  admin-flow - Admin product close completed. productId=2
13:57:06.145 [main] INFO  admin-flow - Loading admin product page. productId=null, status=null, sellerUsername=null
13:57:06.146 [main] INFO  admin-flow - Getting categories
13:57:06.146 [main] INFO  admin-flow - Returning categories
13:57:06.151 [main] INFO  admin-flow - Getting all products
13:57:06.151 [main] INFO  admin-flow - Returning all products
13:57:06.158 [main] INFO  admin-flow - Admin product page loaded. productId=null
13:57:06.173 [main] INFO  admin-flow - Processing admin product save. productId=null, productName=admin test item
13:57:06.176 [main] INFO  admin-flow - Starting admin product save. productId=null, productName=admin test item
13:57:06.182 [main] INFO  admin-flow - Admin product save completed. productId=132, productName=admin test item
13:57:06.182 [main] INFO  admin-flow - Admin product save completed. productId=null, productName=admin test item
13:57:06.195 [main] INFO  admin-flow - Loading admin report page.
13:57:06.196 [main] INFO  admin-flow - Admin report page loaded.
13:57:06.206 [main] INFO  admin-flow - Processing user lock. username=bidder1
13:57:06.207 [main] INFO  admin-flow - Starting user lock. username=bidder1
13:57:06.208 [main] INFO  admin-flow - User lock completed. username=bidder1
13:57:06.208 [main] INFO  admin-flow - User lock completed. username=bidder1
13:57:06.216 [main] INFO  admin-flow - Loading admin user page. userType=null
13:57:06.216 [main] INFO  admin-flow - Getting all users
13:57:06.216 [main] INFO  admin-flow - Returning all users
13:57:06.220 [main] INFO  admin-flow - Admin user page loaded. userType=null
13:57:06.231 [main] INFO  admin-flow - Loading admin user-package page. userPackageId=null
13:57:06.231 [main] INFO  admin-flow - Getting bidders
13:57:06.231 [main] INFO  admin-flow - Getting bidders
13:57:06.233 [main] INFO  admin-flow - Getting packages
13:57:06.233 [main] INFO  admin-flow - Returning packages
13:57:06.234 [main] INFO  admin-flow - Getting all user package infos
13:57:06.234 [main] INFO  admin-flow - Returning all user package infos
13:57:06.236 [main] INFO  admin-flow - Admin user-package page loaded. userPackageId=null
13:57:06.244 [main] INFO  admin-flow - Processing user-package assignment. username=bidder1, packageId=1
13:57:06.245 [main] INFO  admin-flow - Starting package assignment. username=bidder1, packageId=1
13:57:06.249 [main] INFO  admin-flow - Package assignment completed. username=bidder1, packageId=1
13:57:06.249 [main] INFO  admin-flow - User-package assignment completed. username=bidder1, packageId=1
13:57:06.515 [main] INFO  admin-flow - Getting all bids for admin
13:57:06.515 [main] INFO  admin-flow - Returning all bids
13:57:06.529 [main] INFO  admin-flow - Getting all categories
13:57:06.529 [main] INFO  admin-flow - returning all categories
13:57:06.536 [main] INFO  admin-flow - Starting category save. catId=null, catName=Home Decor
13:57:06.539 [main] INFO  admin-flow - Category save completed. catId=43, catName=Home Decor
13:57:06.547 [main] INFO  admin-flow - Getting all countries
13:57:06.547 [main] INFO  admin-flow - Returning all countries
13:57:06.554 [main] INFO  admin-flow - Starting country save. countryId=null, countryName=Japan
13:57:06.556 [main] INFO  admin-flow - Country save completed. countryId=null, countryName=Japan
13:57:06.562 [main] INFO  admin-flow - Starting news save. newsId=null, newsTitle=Tomorrow holiday
13:57:06.564 [main] INFO  admin-flow - News save completed. newsId=null, newsTitle=Tomorrow holiday
13:57:06.570 [main] INFO  admin-flow - Getting all news
13:57:06.570 [main] INFO  admin-flow - Returning all news
13:57:06.582 [main] INFO  admin-flow - Getting all packages
13:57:06.582 [main] INFO  admin-flow - Returning all packages
13:57:06.590 [main] INFO  admin-flow - Starting package save. packageId=null, packageName=silver package
13:57:06.593 [main] INFO  admin-flow - Package save completed. packageId=78, packageName=silver package
13:57:06.603 [main] INFO  admin-flow - Starting admin product close. productId=2
13:57:06.605 [main] INFO  admin-flow - Admin product close completed. productId=2
13:57:06.610 [main] INFO  admin-flow - Starting admin product save. productId=null, productName=admin dao item
13:57:06.615 [main] INFO  admin-flow - Admin product save completed. productId=133, productName=admin dao item
13:57:06.621 [main] INFO  admin-flow - Getting all products
13:57:06.621 [main] INFO  admin-flow - Returning all products
13:57:06.630 [main] INFO  admin-flow - Getting confirmed bids report
13:57:06.630 [main] INFO  admin-flow - Returning confirmed bids report
13:57:06.640 [main] INFO  admin-flow - Getting user registration report
13:57:06.640 [main] INFO  admin-flow - Returning user registration report
13:57:06.647 [main] INFO  admin-flow - Getting bid report
13:57:06.647 [main] INFO  admin-flow - Returning bid report
13:57:06.656 [main] INFO  admin-flow - Getting auction report
13:57:06.656 [main] INFO  admin-flow - Returning auction report
13:57:06.670 [main] INFO  admin-flow - Getting all users
13:57:06.670 [main] INFO  admin-flow - Returning all users
13:57:06.679 [main] INFO  admin-flow - Starting user lock. username=bidder1
13:57:06.680 [main] INFO  admin-flow - User lock completed. username=bidder1
13:57:06.680 [main] INFO  admin-flow - Starting user unlock. username=bidder1
13:57:06.682 [main] INFO  admin-flow - User unlock completed. username=bidder1
13:57:06.690 [main] INFO  admin-flow - Starting package assignment. username=bidder1, packageId=1
13:57:06.695 [main] INFO  admin-flow - Package assignment completed. username=bidder1, packageId=1
13:57:06.700 [main] INFO  admin-flow - Getting all user package infos
13:57:06.700 [main] INFO  admin-flow - Returning all user package infos
14:09:11.665 [main] INFO  admin-flow - Loading admin bid confirmations page.
14:09:11.665 [main] INFO  admin-flow - Getting all bids for admin
14:09:11.669 [main] INFO  admin-flow - Returning all bids
14:09:11.723 [main] INFO  admin-flow - Admin bid confirmations page loaded.
14:09:11.793 [main] INFO  admin-flow - Loading admin category page.
14:09:11.793 [main] INFO  admin-flow - Getting all categories
14:09:11.793 [main] INFO  admin-flow - returning all categories
14:09:11.797 [main] INFO  admin-flow - Admin category page loaded.
14:09:11.823 [main] INFO  admin-flow - Loading admin location page. countryId=null, stateId=null, cityId=null
14:09:11.823 [main] INFO  admin-flow - Getting all countries
14:09:11.823 [main] INFO  admin-flow - Returning all countries
14:09:11.829 [main] INFO  admin-flow - Getting all cities
14:09:11.830 [main] INFO  admin-flow - Returning all cities
14:09:11.833 [main] INFO  admin-flow - Admin location page loaded.
14:09:11.856 [main] INFO  admin-flow - Processing country save. countryId=null, countryName=Japan
14:09:11.857 [main] INFO  admin-flow - Starting country save. countryId=null, countryName=Japan
14:09:11.914 [main] INFO  admin-flow - Country save completed. countryId=null, countryName=Japan
14:09:11.914 [main] INFO  admin-flow - Country save completed. countryId=null, countryName=Japan
14:09:11.934 [main] INFO  admin-flow - Loading admin news page. newsId=null
14:09:11.934 [main] INFO  admin-flow - Getting all news
14:09:11.934 [main] INFO  admin-flow - Returning all news
14:09:11.937 [main] INFO  admin-flow - Admin news page loaded. newsId=null
14:09:11.949 [main] INFO  admin-flow - Processing news save. newsId=null, title=Tomorrow holiday
14:09:11.950 [main] INFO  admin-flow - Starting news save. newsId=null, newsTitle=Tomorrow holiday
14:09:11.954 [main] INFO  admin-flow - News save completed. newsId=null, newsTitle=Tomorrow holiday
14:09:11.954 [main] INFO  admin-flow - News save completed. newsId=null, title=Tomorrow holiday
14:09:11.976 [main] INFO  admin-flow - Processing admin package save. packageId=null, packageName=gold package
14:09:11.981 [main] INFO  admin-flow - Starting package save. packageId=null, packageName=gold package
14:09:11.988 [main] INFO  admin-flow - Package save completed. packageId=79, packageName=gold package
14:09:11.988 [main] INFO  admin-flow - Admin package save completed. packageId=null, packageName=gold package
14:09:11.997 [main] INFO  admin-flow - Loading admin package page.
14:09:11.997 [main] INFO  admin-flow - Getting all packages
14:09:11.997 [main] INFO  admin-flow - Returning all packages
14:09:11.999 [main] INFO  admin-flow - Admin package page loaded.
14:09:12.016 [main] INFO  admin-flow - Processing admin product close. productId=2
14:09:12.016 [main] INFO  admin-flow - Starting admin product close. productId=2
14:09:12.018 [main] INFO  admin-flow - Admin product close completed. productId=2
14:09:12.018 [main] INFO  admin-flow - Admin product close completed. productId=2
14:09:12.030 [main] INFO  admin-flow - Loading admin product page. productId=null, status=null, sellerUsername=null
14:09:12.031 [main] INFO  admin-flow - Getting categories
14:09:12.031 [main] INFO  admin-flow - Returning categories
14:09:12.036 [main] INFO  admin-flow - Getting all products
14:09:12.036 [main] INFO  admin-flow - Returning all products
14:09:12.041 [main] INFO  admin-flow - Admin product page loaded. productId=null
14:09:12.055 [main] INFO  admin-flow - Processing admin product save. productId=null, productName=admin test item
14:09:12.057 [main] INFO  admin-flow - Starting admin product save. productId=null, productName=admin test item
14:09:12.064 [main] INFO  admin-flow - Admin product save completed. productId=135, productName=admin test item
14:09:12.064 [main] INFO  admin-flow - Admin product save completed. productId=null, productName=admin test item
14:09:12.078 [main] INFO  admin-flow - Loading admin report page.
14:09:12.078 [main] INFO  admin-flow - Admin report page loaded.
14:09:12.092 [main] INFO  admin-flow - Processing user lock. username=bidder1
14:09:12.092 [main] INFO  admin-flow - Starting user lock. username=bidder1
14:09:12.093 [main] INFO  admin-flow - User lock completed. username=bidder1
14:09:12.094 [main] INFO  admin-flow - User lock completed. username=bidder1
14:09:12.100 [main] INFO  admin-flow - Loading admin user page. userType=null
14:09:12.101 [main] INFO  admin-flow - Getting all users
14:09:12.101 [main] INFO  admin-flow - Returning all users
14:09:12.104 [main] INFO  admin-flow - Admin user page loaded. userType=null
14:09:12.117 [main] INFO  admin-flow - Loading admin user-package page. userPackageId=null
14:09:12.117 [main] INFO  admin-flow - Getting bidders
14:09:12.117 [main] INFO  admin-flow - Getting bidders
14:09:12.119 [main] INFO  admin-flow - Getting packages
14:09:12.119 [main] INFO  admin-flow - Returning packages
14:09:12.121 [main] INFO  admin-flow - Getting all user package infos
14:09:12.121 [main] INFO  admin-flow - Returning all user package infos
14:09:12.125 [main] INFO  admin-flow - Admin user-package page loaded. userPackageId=null
14:09:12.136 [main] INFO  admin-flow - Processing user-package assignment. username=bidder1, packageId=1
14:09:12.137 [main] INFO  admin-flow - Starting package assignment. username=bidder1, packageId=1
14:09:12.143 [main] INFO  admin-flow - Package assignment completed. username=bidder1, packageId=1
14:09:12.144 [main] INFO  admin-flow - User-package assignment completed. username=bidder1, packageId=1
14:09:12.399 [main] INFO  admin-flow - Getting all bids for admin
14:09:12.399 [main] INFO  admin-flow - Returning all bids
14:09:12.414 [main] INFO  admin-flow - Getting all categories
14:09:12.414 [main] INFO  admin-flow - returning all categories
14:09:12.421 [main] INFO  admin-flow - Starting category save. catId=null, catName=Home Decor
14:09:12.425 [main] INFO  admin-flow - Category save completed. catId=44, catName=Home Decor
14:09:12.434 [main] INFO  admin-flow - Getting all countries
14:09:12.434 [main] INFO  admin-flow - Returning all countries
14:09:12.438 [main] INFO  admin-flow - Starting country save. countryId=null, countryName=Japan
14:09:12.441 [main] INFO  admin-flow - Country save completed. countryId=null, countryName=Japan
14:09:12.447 [main] INFO  admin-flow - Starting news save. newsId=null, newsTitle=Tomorrow holiday
14:09:12.449 [main] INFO  admin-flow - News save completed. newsId=null, newsTitle=Tomorrow holiday
14:09:12.454 [main] INFO  admin-flow - Getting all news
14:09:12.454 [main] INFO  admin-flow - Returning all news
14:09:12.467 [main] INFO  admin-flow - Getting all packages
14:09:12.467 [main] INFO  admin-flow - Returning all packages
14:09:12.474 [main] INFO  admin-flow - Starting package save. packageId=null, packageName=silver package
14:09:12.477 [main] INFO  admin-flow - Package save completed. packageId=80, packageName=silver package
14:09:12.487 [main] INFO  admin-flow - Starting admin product close. productId=2
14:09:12.489 [main] INFO  admin-flow - Admin product close completed. productId=2
14:09:12.493 [main] INFO  admin-flow - Starting admin product save. productId=null, productName=admin dao item
14:09:12.497 [main] INFO  admin-flow - Admin product save completed. productId=136, productName=admin dao item
14:09:12.503 [main] INFO  admin-flow - Getting all products
14:09:12.504 [main] INFO  admin-flow - Returning all products
14:09:12.515 [main] INFO  admin-flow - Getting confirmed bids report
14:09:12.515 [main] INFO  admin-flow - Returning confirmed bids report
14:09:12.524 [main] INFO  admin-flow - Getting user registration report
14:09:12.524 [main] INFO  admin-flow - Returning user registration report
14:09:12.533 [main] INFO  admin-flow - Getting bid report
14:09:12.533 [main] INFO  admin-flow - Returning bid report
14:09:12.541 [main] INFO  admin-flow - Getting auction report
14:09:12.541 [main] INFO  admin-flow - Returning auction report
14:09:12.554 [main] INFO  admin-flow - Getting all users
14:09:12.555 [main] INFO  admin-flow - Returning all users
14:09:12.562 [main] INFO  admin-flow - Starting user lock. username=bidder1
14:09:12.563 [main] INFO  admin-flow - User lock completed. username=bidder1
14:09:12.564 [main] INFO  admin-flow - Starting user unlock. username=bidder1
14:09:12.565 [main] INFO  admin-flow - User unlock completed. username=bidder1
14:09:12.576 [main] INFO  admin-flow - Starting package assignment. username=bidder1, packageId=1
14:09:12.581 [main] INFO  admin-flow - Package assignment completed. username=bidder1, packageId=1
14:09:12.587 [main] INFO  admin-flow - Getting all user package infos
14:09:12.587 [main] INFO  admin-flow - Returning all user package infos
14:53:31.993 [main] INFO  admin-flow - Loading admin bid confirmations page.
14:53:31.993 [main] INFO  admin-flow - Getting all bids for admin
14:53:31.997 [main] INFO  admin-flow - Returning all bids
14:53:32.054 [main] INFO  admin-flow - Admin bid confirmations page loaded.
14:53:32.110 [main] INFO  admin-flow - Loading admin category page.
14:53:32.110 [main] INFO  admin-flow - Getting all categories
14:53:32.111 [main] INFO  admin-flow - returning all categories
14:53:32.114 [main] INFO  admin-flow - Admin category page loaded.
14:53:32.142 [main] INFO  admin-flow - Loading admin location page. countryId=null, stateId=null, cityId=null
14:53:32.142 [main] INFO  admin-flow - Getting all countries
14:53:32.143 [main] INFO  admin-flow - Returning all countries
14:53:32.149 [main] INFO  admin-flow - Getting all cities
14:53:32.149 [main] INFO  admin-flow - Returning all cities
14:53:32.152 [main] INFO  admin-flow - Admin location page loaded.
14:53:32.175 [main] INFO  admin-flow - Processing country save. countryId=null, countryName=Japan
14:53:32.175 [main] INFO  admin-flow - Starting country save. countryId=null, countryName=Japan
14:53:32.227 [main] INFO  admin-flow - Country save completed. countryId=null, countryName=Japan
14:53:32.228 [main] INFO  admin-flow - Country save completed. countryId=null, countryName=Japan
14:53:32.247 [main] INFO  admin-flow - Loading admin news page. newsId=null
14:53:32.248 [main] INFO  admin-flow - Getting all news
14:53:32.248 [main] INFO  admin-flow - Returning all news
14:53:32.251 [main] INFO  admin-flow - Admin news page loaded. newsId=null
14:53:32.263 [main] INFO  admin-flow - Processing news save. newsId=null, title=Tomorrow holiday
14:53:32.263 [main] INFO  admin-flow - Starting news save. newsId=null, newsTitle=Tomorrow holiday
14:53:32.266 [main] INFO  admin-flow - News save completed. newsId=null, newsTitle=Tomorrow holiday
14:53:32.266 [main] INFO  admin-flow - News save completed. newsId=null, title=Tomorrow holiday
14:53:32.296 [main] INFO  admin-flow - Processing admin package save. packageId=null, packageName=gold package
14:53:32.302 [main] INFO  admin-flow - Starting package save. packageId=null, packageName=gold package
14:53:32.307 [main] INFO  admin-flow - Package save completed. packageId=81, packageName=gold package
14:53:32.307 [main] INFO  admin-flow - Admin package save completed. packageId=null, packageName=gold package
14:53:32.317 [main] INFO  admin-flow - Loading admin package page.
14:53:32.317 [main] INFO  admin-flow - Getting all packages
14:53:32.317 [main] INFO  admin-flow - Returning all packages
14:53:32.319 [main] INFO  admin-flow - Admin package page loaded.
14:53:32.338 [main] INFO  admin-flow - Processing admin product close. productId=2
14:53:32.338 [main] INFO  admin-flow - Starting admin product close. productId=2
14:53:32.340 [main] INFO  admin-flow - Admin product close completed. productId=2
14:53:32.341 [main] INFO  admin-flow - Admin product close completed. productId=2
14:53:32.354 [main] INFO  admin-flow - Loading admin product page. productId=null, status=null, sellerUsername=null
14:53:32.354 [main] INFO  admin-flow - Getting categories
14:53:32.354 [main] INFO  admin-flow - Returning categories
14:53:32.359 [main] INFO  admin-flow - Getting all products
14:53:32.359 [main] INFO  admin-flow - Returning all products
14:53:32.363 [main] INFO  admin-flow - Admin product page loaded. productId=null
14:53:32.377 [main] INFO  admin-flow - Processing admin product save. productId=null, productName=admin test item
14:53:32.379 [main] INFO  admin-flow - Starting admin product save. productId=null, productName=admin test item
14:53:32.386 [main] INFO  admin-flow - Admin product save completed. productId=138, productName=admin test item
14:53:32.386 [main] INFO  admin-flow - Admin product save completed. productId=null, productName=admin test item
14:53:32.398 [main] INFO  admin-flow - Loading admin report page.
14:53:32.398 [main] INFO  admin-flow - Admin report page loaded.
14:53:32.412 [main] INFO  admin-flow - Processing user lock. username=bidder1
14:53:32.412 [main] INFO  admin-flow - Starting user lock. username=bidder1
14:53:32.413 [main] INFO  admin-flow - User lock completed. username=bidder1
14:53:32.414 [main] INFO  admin-flow - User lock completed. username=bidder1
14:53:32.424 [main] INFO  admin-flow - Loading admin user page. userType=null
14:53:32.424 [main] INFO  admin-flow - Getting all users
14:53:32.424 [main] INFO  admin-flow - Returning all users
14:53:32.427 [main] INFO  admin-flow - Admin user page loaded. userType=null
14:53:32.443 [main] INFO  admin-flow - Loading admin user-package page. userPackageId=null
14:53:32.443 [main] INFO  admin-flow - Getting bidders.
14:53:32.445 [main] INFO  admin-flow - Getting packages.
14:53:32.447 [main] INFO  admin-flow - Getting all granted user package infos.
14:53:32.451 [main] INFO  admin-flow - Getting all package purchase request infos.
14:53:32.456 [main] INFO  admin-flow - Admin user-package page loaded. userPackageId=null
14:53:32.465 [main] INFO  admin-flow - Processing manual user-package assignment. username=bidder1, packageId=1
14:53:32.465 [main] INFO  admin-flow - Starting manual package assignment. username=bidder1, packageId=1
14:53:32.470 [main] INFO  admin-flow - Manual package assignment completed. username=bidder1, packageId=1
14:53:32.472 [main] INFO  admin-flow - Manual user-package assignment completed. username=bidder1, packageId=1
14:53:32.811 [main] INFO  admin-flow - Getting all bids for admin
14:53:32.811 [main] INFO  admin-flow - Returning all bids
14:53:32.828 [main] INFO  admin-flow - Getting all categories
14:53:32.828 [main] INFO  admin-flow - returning all categories
14:53:32.837 [main] INFO  admin-flow - Starting category save. catId=null, catName=Home Decor
14:53:32.840 [main] INFO  admin-flow - Category save completed. catId=45, catName=Home Decor
14:53:32.851 [main] INFO  admin-flow - Getting all countries
14:53:32.851 [main] INFO  admin-flow - Returning all countries
14:53:32.859 [main] INFO  admin-flow - Starting country save. countryId=null, countryName=Japan
14:53:32.862 [main] INFO  admin-flow - Country save completed. countryId=null, countryName=Japan
14:53:32.873 [main] INFO  admin-flow - Starting news save. newsId=null, newsTitle=Tomorrow holiday
14:53:32.875 [main] INFO  admin-flow - News save completed. newsId=null, newsTitle=Tomorrow holiday
14:53:32.881 [main] INFO  admin-flow - Getting all news
14:53:32.882 [main] INFO  admin-flow - Returning all news
14:53:32.895 [main] INFO  admin-flow - Getting all packages
14:53:32.895 [main] INFO  admin-flow - Returning all packages
14:53:32.903 [main] INFO  admin-flow - Starting package save. packageId=null, packageName=silver package
14:53:32.906 [main] INFO  admin-flow - Package save completed. packageId=82, packageName=silver package
14:53:32.917 [main] INFO  admin-flow - Starting admin product close. productId=2
14:53:32.918 [main] INFO  admin-flow - Admin product close completed. productId=2
14:53:32.924 [main] INFO  admin-flow - Starting admin product save. productId=null, productName=admin dao item
14:53:32.927 [main] INFO  admin-flow - Admin product save completed. productId=139, productName=admin dao item
14:53:32.933 [main] INFO  admin-flow - Getting all products
14:53:32.934 [main] INFO  admin-flow - Returning all products
14:53:32.943 [main] INFO  admin-flow - Getting confirmed bids report
14:53:32.943 [main] INFO  admin-flow - Returning confirmed bids report
14:53:32.952 [main] INFO  admin-flow - Getting user registration report
14:53:32.952 [main] INFO  admin-flow - Returning user registration report
14:53:32.960 [main] INFO  admin-flow - Getting bid report
14:53:32.960 [main] INFO  admin-flow - Returning bid report
14:53:32.968 [main] INFO  admin-flow - Getting auction report
14:53:32.968 [main] INFO  admin-flow - Returning auction report
14:53:32.982 [main] INFO  admin-flow - Getting all users
14:53:32.982 [main] INFO  admin-flow - Returning all users
14:53:32.992 [main] INFO  admin-flow - Starting user lock. username=bidder1
14:53:32.993 [main] INFO  admin-flow - User lock completed. username=bidder1
14:53:32.993 [main] INFO  admin-flow - Starting user unlock. username=bidder1
14:53:32.995 [main] INFO  admin-flow - User unlock completed. username=bidder1
14:53:33.006 [main] INFO  admin-flow - Starting manual package assignment. username=bidder1, packageId=1
14:53:33.011 [main] INFO  admin-flow - Manual package assignment completed. username=bidder1, packageId=1
14:53:33.016 [main] INFO  admin-flow - Getting all granted user package infos.
14:55:35.698 [main] INFO  admin-flow - Loading admin bid confirmations page.
14:55:35.698 [main] INFO  admin-flow - Getting all bids for admin
14:55:35.701 [main] INFO  admin-flow - Returning all bids
14:55:35.743 [main] INFO  admin-flow - Admin bid confirmations page loaded.
14:55:35.800 [main] INFO  admin-flow - Loading admin category page.
14:55:35.800 [main] INFO  admin-flow - Getting all categories
14:55:35.800 [main] INFO  admin-flow - returning all categories
14:55:35.802 [main] INFO  admin-flow - Admin category page loaded.
14:55:35.825 [main] INFO  admin-flow - Loading admin location page. countryId=null, stateId=null, cityId=null
14:55:35.825 [main] INFO  admin-flow - Getting all countries
14:55:35.825 [main] INFO  admin-flow - Returning all countries
14:55:35.830 [main] INFO  admin-flow - Getting all cities
14:55:35.831 [main] INFO  admin-flow - Returning all cities
14:55:35.832 [main] INFO  admin-flow - Admin location page loaded.
14:55:35.858 [main] INFO  admin-flow - Processing country save. countryId=null, countryName=Japan
14:55:35.858 [main] INFO  admin-flow - Starting country save. countryId=null, countryName=Japan
14:55:35.907 [main] INFO  admin-flow - Country save completed. countryId=null, countryName=Japan
14:55:35.907 [main] INFO  admin-flow - Country save completed. countryId=null, countryName=Japan
14:55:35.924 [main] INFO  admin-flow - Loading admin news page. newsId=null
14:55:35.925 [main] INFO  admin-flow - Getting all news
14:55:35.925 [main] INFO  admin-flow - Returning all news
14:55:35.929 [main] INFO  admin-flow - Admin news page loaded. newsId=null
14:55:35.942 [main] INFO  admin-flow - Processing news save. newsId=null, title=Tomorrow holiday
14:55:35.942 [main] INFO  admin-flow - Starting news save. newsId=null, newsTitle=Tomorrow holiday
14:55:35.945 [main] INFO  admin-flow - News save completed. newsId=null, newsTitle=Tomorrow holiday
14:55:35.946 [main] INFO  admin-flow - News save completed. newsId=null, title=Tomorrow holiday
14:55:35.968 [main] INFO  admin-flow - Processing admin package save. packageId=null, packageName=gold package
14:55:35.973 [main] INFO  admin-flow - Starting package save. packageId=null, packageName=gold package
14:55:35.977 [main] INFO  admin-flow - Package save completed. packageId=83, packageName=gold package
14:55:35.977 [main] INFO  admin-flow - Admin package save completed. packageId=null, packageName=gold package
14:55:35.984 [main] INFO  admin-flow - Loading admin package page.
14:55:35.984 [main] INFO  admin-flow - Getting all packages
14:55:35.984 [main] INFO  admin-flow - Returning all packages
14:55:35.986 [main] INFO  admin-flow - Admin package page loaded.
14:55:36.000 [main] INFO  admin-flow - Processing admin product close. productId=2
14:55:36.001 [main] INFO  admin-flow - Starting admin product close. productId=2
14:55:36.002 [main] INFO  admin-flow - Admin product close completed. productId=2
14:55:36.002 [main] INFO  admin-flow - Admin product close completed. productId=2
14:55:36.010 [main] INFO  admin-flow - Loading admin product page. productId=null, status=null, sellerUsername=null
14:55:36.011 [main] INFO  admin-flow - Getting categories
14:55:36.011 [main] INFO  admin-flow - Returning categories
14:55:36.015 [main] INFO  admin-flow - Getting all products
14:55:36.016 [main] INFO  admin-flow - Returning all products
14:55:36.020 [main] INFO  admin-flow - Admin product page loaded. productId=null
14:55:36.029 [main] INFO  admin-flow - Processing admin product save. productId=null, productName=admin test item
14:55:36.031 [main] INFO  admin-flow - Starting admin product save. productId=null, productName=admin test item
14:55:36.035 [main] INFO  admin-flow - Admin product save completed. productId=141, productName=admin test item
14:55:36.035 [main] INFO  admin-flow - Admin product save completed. productId=null, productName=admin test item
14:55:36.045 [main] INFO  admin-flow - Loading admin report page.
14:55:36.046 [main] INFO  admin-flow - Admin report page loaded.
14:55:36.058 [main] INFO  admin-flow - Processing user lock. username=bidder1
14:55:36.058 [main] INFO  admin-flow - Starting user lock. username=bidder1
14:55:36.059 [main] INFO  admin-flow - User lock completed. username=bidder1
14:55:36.060 [main] INFO  admin-flow - User lock completed. username=bidder1
14:55:36.069 [main] INFO  admin-flow - Loading admin user page. userType=null
14:55:36.069 [main] INFO  admin-flow - Getting all users
14:55:36.069 [main] INFO  admin-flow - Returning all users
14:55:36.072 [main] INFO  admin-flow - Admin user page loaded. userType=null
14:55:36.084 [main] INFO  admin-flow - Loading admin user-package page. userPackageId=null
14:55:36.084 [main] INFO  admin-flow - Getting bidders.
14:55:36.086 [main] INFO  admin-flow - Getting packages.
14:55:36.087 [main] INFO  admin-flow - Getting all granted user package infos.
14:55:36.089 [main] INFO  admin-flow - Getting all package purchase request infos.
14:55:36.090 [main] INFO  admin-flow - Admin user-package page loaded. userPackageId=null
14:55:36.098 [main] INFO  admin-flow - Processing manual user-package assignment. username=bidder1, packageId=1
14:55:36.098 [main] INFO  admin-flow - Starting manual package assignment. username=bidder1, packageId=1
14:55:36.102 [main] INFO  admin-flow - Manual package assignment completed. username=bidder1, packageId=1
14:55:36.102 [main] INFO  admin-flow - Manual user-package assignment completed. username=bidder1, packageId=1
14:55:36.404 [main] INFO  admin-flow - Getting all bids for admin
14:55:36.404 [main] INFO  admin-flow - Returning all bids
14:55:36.421 [main] INFO  admin-flow - Getting all categories
14:55:36.422 [main] INFO  admin-flow - returning all categories
14:55:36.430 [main] INFO  admin-flow - Starting category save. catId=null, catName=Home Decor
14:55:36.433 [main] INFO  admin-flow - Category save completed. catId=46, catName=Home Decor
14:55:36.443 [main] INFO  admin-flow - Getting all countries
14:55:36.443 [main] INFO  admin-flow - Returning all countries
14:55:36.451 [main] INFO  admin-flow - Starting country save. countryId=null, countryName=Japan
14:55:36.452 [main] INFO  admin-flow - Country save completed. countryId=null, countryName=Japan
14:55:36.458 [main] INFO  admin-flow - Starting news save. newsId=null, newsTitle=Tomorrow holiday
14:55:36.460 [main] INFO  admin-flow - News save completed. newsId=null, newsTitle=Tomorrow holiday
14:55:36.464 [main] INFO  admin-flow - Getting all news
14:55:36.464 [main] INFO  admin-flow - Returning all news
14:55:36.470 [main] INFO  admin-flow - Getting all packages
14:55:36.470 [main] INFO  admin-flow - Returning all packages
14:55:36.475 [main] INFO  admin-flow - Starting package save. packageId=null, packageName=silver package
14:55:36.477 [main] INFO  admin-flow - Package save completed. packageId=84, packageName=silver package
14:55:36.485 [main] INFO  admin-flow - Starting admin product close. productId=2
14:55:36.486 [main] INFO  admin-flow - Admin product close completed. productId=2
14:55:36.491 [main] INFO  admin-flow - Starting admin product save. productId=null, productName=admin dao item
14:55:36.494 [main] INFO  admin-flow - Admin product save completed. productId=142, productName=admin dao item
14:55:36.500 [main] INFO  admin-flow - Getting all products
14:55:36.500 [main] INFO  admin-flow - Returning all products
14:55:36.508 [main] INFO  admin-flow - Getting confirmed bids report
14:55:36.508 [main] INFO  admin-flow - Returning confirmed bids report
14:55:36.515 [main] INFO  admin-flow - Getting user registration report
14:55:36.515 [main] INFO  admin-flow - Returning user registration report
14:55:36.521 [main] INFO  admin-flow - Getting bid report
14:55:36.522 [main] INFO  admin-flow - Returning bid report
14:55:36.530 [main] INFO  admin-flow - Getting auction report
14:55:36.530 [main] INFO  admin-flow - Returning auction report
14:55:36.544 [main] INFO  admin-flow - Getting all users
14:55:36.544 [main] INFO  admin-flow - Returning all users
14:55:36.552 [main] INFO  admin-flow - Starting user lock. username=bidder1
14:55:36.553 [main] INFO  admin-flow - User lock completed. username=bidder1
14:55:36.553 [main] INFO  admin-flow - Starting user unlock. username=bidder1
14:55:36.554 [main] INFO  admin-flow - User unlock completed. username=bidder1
14:55:36.564 [main] INFO  admin-flow - Starting manual package assignment. username=bidder1, packageId=1
14:55:36.570 [main] INFO  admin-flow - Manual package assignment completed. username=bidder1, packageId=1
14:55:36.576 [main] INFO  admin-flow - Getting all granted user package infos.
15:03:12.338 [main] INFO  admin-flow - Loading admin bid confirmations page.
15:03:12.338 [main] INFO  admin-flow - Getting all bids for admin
15:03:12.347 [main] INFO  admin-flow - Returning all bids
15:03:12.427 [main] INFO  admin-flow - Admin bid confirmations page loaded.
15:03:12.520 [main] INFO  admin-flow - Loading admin category page.
15:03:12.521 [main] INFO  admin-flow - Getting all categories
15:03:12.521 [main] INFO  admin-flow - returning all categories
15:03:12.524 [main] INFO  admin-flow - Admin category page loaded.
15:03:12.551 [main] INFO  admin-flow - Loading admin location page. countryId=null, stateId=null, cityId=null
15:03:12.552 [main] INFO  admin-flow - Getting all countries
15:03:12.552 [main] INFO  admin-flow - Returning all countries
15:03:12.558 [main] INFO  admin-flow - Getting all cities
15:03:12.558 [main] INFO  admin-flow - Returning all cities
15:03:12.560 [main] INFO  admin-flow - Admin location page loaded.
15:03:12.579 [main] INFO  admin-flow - Processing country save. countryId=null, countryName=Japan
15:03:12.579 [main] INFO  admin-flow - Starting country save. countryId=null, countryName=Japan
15:03:12.636 [main] INFO  admin-flow - Country save completed. countryId=null, countryName=Japan
15:03:12.636 [main] INFO  admin-flow - Country save completed. countryId=null, countryName=Japan
15:03:12.654 [main] INFO  admin-flow - Loading admin news page. newsId=null
15:03:12.654 [main] INFO  admin-flow - Getting all news
15:03:12.654 [main] INFO  admin-flow - Returning all news
15:03:12.657 [main] INFO  admin-flow - Admin news page loaded. newsId=null
15:03:12.669 [main] INFO  admin-flow - Processing news save. newsId=null, title=Tomorrow holiday
15:03:12.669 [main] INFO  admin-flow - Starting news save. newsId=null, newsTitle=Tomorrow holiday
15:03:12.672 [main] INFO  admin-flow - News save completed. newsId=null, newsTitle=Tomorrow holiday
15:03:12.673 [main] INFO  admin-flow - News save completed. newsId=null, title=Tomorrow holiday
15:03:12.701 [main] INFO  admin-flow - Processing admin package save. packageId=null, packageName=gold package
15:03:12.706 [main] INFO  admin-flow - Starting package save. packageId=null, packageName=gold package
15:03:12.712 [main] INFO  admin-flow - Package save completed. packageId=85, packageName=gold package
15:03:12.712 [main] INFO  admin-flow - Admin package save completed. packageId=null, packageName=gold package
15:03:12.722 [main] INFO  admin-flow - Loading admin package page.
15:03:12.723 [main] INFO  admin-flow - Getting all packages
15:03:12.723 [main] INFO  admin-flow - Returning all packages
15:03:12.725 [main] INFO  admin-flow - Admin package page loaded.
15:03:12.738 [main] INFO  admin-flow - Processing admin product close. productId=2
15:03:12.738 [main] INFO  admin-flow - Starting admin product close. productId=2
15:03:12.740 [main] INFO  admin-flow - Admin product close completed. productId=2
15:03:12.740 [main] INFO  admin-flow - Admin product close completed. productId=2
15:03:12.749 [main] INFO  admin-flow - Loading admin product page. productId=null, status=null, sellerUsername=null
15:03:12.749 [main] INFO  admin-flow - Getting categories
15:03:12.749 [main] INFO  admin-flow - Returning categories
15:03:12.753 [main] INFO  admin-flow - Getting all products
15:03:12.753 [main] INFO  admin-flow - Returning all products
15:03:12.758 [main] INFO  admin-flow - Admin product page loaded. productId=null
15:03:12.769 [main] INFO  admin-flow - Processing admin product save. productId=null, productName=admin test item
15:03:12.771 [main] INFO  admin-flow - Starting admin product save. productId=null, productName=admin test item
15:03:12.776 [main] INFO  admin-flow - Admin product save completed. productId=144, productName=admin test item
15:03:12.777 [main] INFO  admin-flow - Admin product save completed. productId=null, productName=admin test item
15:03:12.788 [main] INFO  admin-flow - Loading admin report page.
15:03:12.788 [main] INFO  admin-flow - Admin report page loaded.
15:03:12.803 [main] INFO  admin-flow - Processing user lock. username=bidder1
15:03:12.803 [main] INFO  admin-flow - Starting user lock. username=bidder1
15:03:12.804 [main] INFO  admin-flow - User lock completed. username=bidder1
15:03:12.804 [main] INFO  admin-flow - User lock completed. username=bidder1
15:03:12.812 [main] INFO  admin-flow - Loading admin user page. userType=null
15:03:12.812 [main] INFO  admin-flow - Getting all users
15:03:12.813 [main] INFO  admin-flow - Returning all users
15:03:12.815 [main] INFO  admin-flow - Admin user page loaded. userType=null
15:03:12.824 [main] INFO  admin-flow - Loading admin user-package page. userPackageId=null
15:03:12.824 [main] INFO  admin-flow - Getting bidders.
15:03:12.826 [main] INFO  admin-flow - Getting packages.
15:03:12.827 [main] INFO  admin-flow - Getting all granted user package infos.
15:03:12.829 [main] INFO  admin-flow - Getting all package purchase request infos.
15:03:12.830 [main] INFO  admin-flow - Admin user-package page loaded. userPackageId=null
15:03:12.836 [main] INFO  admin-flow - Processing manual user-package assignment. username=bidder1, packageId=1
15:03:12.836 [main] INFO  admin-flow - Starting manual package assignment. username=bidder1, packageId=1
15:03:12.840 [main] INFO  admin-flow - Manual package assignment completed. username=bidder1, packageId=1
15:03:12.840 [main] INFO  admin-flow - Manual user-package assignment completed. username=bidder1, packageId=1
15:03:13.097 [main] INFO  admin-flow - Getting all bids for admin
15:03:13.097 [main] INFO  admin-flow - Returning all bids
15:03:13.113 [main] INFO  admin-flow - Getting all categories
15:03:13.113 [main] INFO  admin-flow - returning all categories
15:03:13.120 [main] INFO  admin-flow - Starting category save. catId=null, catName=Home Decor
15:03:13.122 [main] INFO  admin-flow - Category save completed. catId=47, catName=Home Decor
15:03:13.133 [main] INFO  admin-flow - Getting all countries
15:03:13.133 [main] INFO  admin-flow - Returning all countries
15:03:13.139 [main] INFO  admin-flow - Starting country save. countryId=null, countryName=Japan
15:03:13.141 [main] INFO  admin-flow - Country save completed. countryId=null, countryName=Japan
15:03:13.147 [main] INFO  admin-flow - Starting news save. newsId=null, newsTitle=Tomorrow holiday
15:03:13.149 [main] INFO  admin-flow - News save completed. newsId=null, newsTitle=Tomorrow holiday
15:03:13.154 [main] INFO  admin-flow - Getting all news
15:03:13.154 [main] INFO  admin-flow - Returning all news
15:03:13.165 [main] INFO  admin-flow - Getting all packages
15:03:13.165 [main] INFO  admin-flow - Returning all packages
15:03:13.172 [main] INFO  admin-flow - Starting package save. packageId=null, packageName=silver package
15:03:13.174 [main] INFO  admin-flow - Package save completed. packageId=86, packageName=silver package
15:03:13.180 [main] INFO  admin-flow - Starting admin product close. productId=2
15:03:13.181 [main] INFO  admin-flow - Admin product close completed. productId=2
15:03:13.186 [main] INFO  admin-flow - Starting admin product save. productId=null, productName=admin dao item
15:03:13.189 [main] INFO  admin-flow - Admin product save completed. productId=145, productName=admin dao item
15:03:13.194 [main] INFO  admin-flow - Getting all products
15:03:13.195 [main] INFO  admin-flow - Returning all products
15:03:13.202 [main] INFO  admin-flow - Getting confirmed bids report
15:03:13.203 [main] INFO  admin-flow - Returning confirmed bids report
15:03:13.210 [main] INFO  admin-flow - Getting user registration report
15:03:13.210 [main] INFO  admin-flow - Returning user registration report
15:03:13.216 [main] INFO  admin-flow - Getting bid report
15:03:13.216 [main] INFO  admin-flow - Returning bid report
15:03:13.221 [main] INFO  admin-flow - Getting auction report
15:03:13.222 [main] INFO  admin-flow - Returning auction report
15:03:13.231 [main] INFO  admin-flow - Getting all users
15:03:13.231 [main] INFO  admin-flow - Returning all users
15:03:13.238 [main] INFO  admin-flow - Starting user lock. username=bidder1
15:03:13.239 [main] INFO  admin-flow - User lock completed. username=bidder1
15:03:13.240 [main] INFO  admin-flow - Starting user unlock. username=bidder1
15:03:13.241 [main] INFO  admin-flow - User unlock completed. username=bidder1
15:03:13.251 [main] INFO  admin-flow - Starting manual package assignment. username=bidder1, packageId=1
15:03:13.255 [main] INFO  admin-flow - Manual package assignment completed. username=bidder1, packageId=1
15:03:13.260 [main] INFO  admin-flow - Getting all granted user package infos.
15:40:30.556 [main] INFO  admin-flow - Loading admin bid confirmations page.
15:40:30.556 [main] INFO  admin-flow - Getting all bids for admin
15:40:30.564 [main] INFO  admin-flow - Returning all bids
15:40:30.626 [main] INFO  admin-flow - Admin bid confirmations page loaded.
15:40:30.694 [main] INFO  admin-flow - Loading admin category page.
15:40:30.694 [main] INFO  admin-flow - Getting all categories
15:40:30.694 [main] INFO  admin-flow - returning all categories
15:40:30.697 [main] INFO  admin-flow - Admin category page loaded.
15:40:30.724 [main] INFO  admin-flow - Loading admin location page. countryId=null, stateId=null, cityId=null
15:40:30.724 [main] INFO  admin-flow - Getting all countries
15:40:30.725 [main] INFO  admin-flow - Returning all countries
15:40:30.731 [main] INFO  admin-flow - Getting all cities
15:40:30.731 [main] INFO  admin-flow - Returning all cities
15:40:30.733 [main] INFO  admin-flow - Admin location page loaded.
15:40:30.751 [main] INFO  admin-flow - Processing country save. countryId=null, countryName=Japan
15:40:30.751 [main] INFO  admin-flow - Starting country save. countryId=null, countryName=Japan
15:40:30.818 [main] INFO  admin-flow - Country save completed. countryId=null, countryName=Japan
15:40:30.819 [main] INFO  admin-flow - Country save completed. countryId=null, countryName=Japan
15:40:30.841 [main] INFO  admin-flow - Loading admin news page. newsId=null
15:40:30.841 [main] INFO  admin-flow - Getting all news
15:40:30.841 [main] INFO  admin-flow - Returning all news
15:40:30.844 [main] INFO  admin-flow - Admin news page loaded. newsId=null
15:40:30.855 [main] INFO  admin-flow - Processing news save. newsId=null, title=Tomorrow holiday
15:40:30.856 [main] INFO  admin-flow - Starting news save. newsId=null, newsTitle=Tomorrow holiday
15:40:30.859 [main] INFO  admin-flow - News save completed. newsId=null, newsTitle=Tomorrow holiday
15:40:30.860 [main] INFO  admin-flow - News save completed. newsId=null, title=Tomorrow holiday
15:40:30.887 [main] INFO  admin-flow - Processing admin package save. packageId=null, packageName=gold package
15:40:30.894 [main] INFO  admin-flow - Starting package save. packageId=null, packageName=gold package
15:40:30.902 [main] INFO  admin-flow - Package save completed. packageId=87, packageName=gold package
15:40:30.903 [main] INFO  admin-flow - Admin package save completed. packageId=null, packageName=gold package
15:40:30.914 [main] INFO  admin-flow - Loading admin package page.
15:40:30.914 [main] INFO  admin-flow - Getting all packages
15:40:30.914 [main] INFO  admin-flow - Returning all packages
15:40:30.916 [main] INFO  admin-flow - Admin package page loaded.
15:40:30.934 [main] INFO  admin-flow - Processing admin product close. productId=2
15:40:30.934 [main] INFO  admin-flow - Starting admin product close. productId=2
15:40:30.940 [main] INFO  admin-flow - Admin product close completed. productId=2
15:40:30.940 [main] INFO  admin-flow - Admin product close completed. productId=2
15:40:30.952 [main] INFO  admin-flow - Loading admin product page. productId=null, status=null, sellerUsername=null
15:40:30.952 [main] INFO  admin-flow - Getting categories
15:40:30.952 [main] INFO  admin-flow - Returning categories
15:40:30.957 [main] INFO  admin-flow - Getting all products
15:40:30.957 [main] INFO  admin-flow - Returning all products
15:40:30.962 [main] INFO  admin-flow - Admin product page loaded. productId=null
15:40:30.979 [main] INFO  admin-flow - Processing admin product save. productId=null, productName=admin test item
15:40:30.980 [main] INFO  admin-flow - Starting admin product save. productId=null, productName=admin test item
15:40:30.990 [main] INFO  admin-flow - Admin product save completed. productId=147, productName=admin test item
15:40:30.990 [main] INFO  admin-flow - Admin product save completed. productId=null, productName=admin test item
15:40:31.007 [main] INFO  admin-flow - Loading admin report page.
15:40:31.007 [main] INFO  admin-flow - Admin report page loaded.
15:40:31.017 [main] INFO  admin-flow - Processing user lock. username=bidder1
15:40:31.017 [main] INFO  admin-flow - Starting user lock. username=bidder1
15:40:31.018 [main] INFO  admin-flow - User lock completed. username=bidder1
15:40:31.018 [main] INFO  admin-flow - User lock completed. username=bidder1
15:40:31.028 [main] INFO  admin-flow - Loading admin user page. userType=null
15:40:31.028 [main] INFO  admin-flow - Getting all users
15:40:31.028 [main] INFO  admin-flow - Returning all users
15:40:31.032 [main] INFO  admin-flow - Admin user page loaded. userType=null
15:40:31.047 [main] INFO  admin-flow - Loading admin user-package page. userPackageId=null
15:40:31.047 [main] INFO  admin-flow - Getting bidders.
15:40:31.049 [main] INFO  admin-flow - Getting packages.
15:40:31.050 [main] INFO  admin-flow - Getting all granted user package infos.
15:40:31.052 [main] INFO  admin-flow - Getting all package purchase request infos.
15:40:31.056 [main] INFO  admin-flow - Admin user-package page loaded. userPackageId=null
15:40:31.065 [main] INFO  admin-flow - Processing manual user-package assignment. username=bidder1, packageId=1
15:40:31.065 [main] INFO  admin-flow - Starting manual package assignment. username=bidder1, packageId=1
15:40:31.072 [main] INFO  admin-flow - Manual package assignment completed. username=bidder1, packageId=1
15:40:31.072 [main] INFO  admin-flow - Manual user-package assignment completed. username=bidder1, packageId=1
15:40:31.395 [main] INFO  admin-flow - Getting all bids for admin
15:40:31.396 [main] INFO  admin-flow - Returning all bids
15:40:31.415 [main] INFO  admin-flow - Getting all categories
15:40:31.415 [main] INFO  admin-flow - returning all categories
15:40:31.425 [main] INFO  admin-flow - Starting category save. catId=null, catName=Home Decor
15:40:31.429 [main] INFO  admin-flow - Category save completed. catId=48, catName=Home Decor
15:40:31.442 [main] INFO  admin-flow - Getting all countries
15:40:31.442 [main] INFO  admin-flow - Returning all countries
15:40:31.449 [main] INFO  admin-flow - Starting country save. countryId=null, countryName=Japan
15:40:31.451 [main] INFO  admin-flow - Country save completed. countryId=null, countryName=Japan
15:40:31.462 [main] INFO  admin-flow - Starting news save. newsId=null, newsTitle=Tomorrow holiday
15:40:31.465 [main] INFO  admin-flow - News save completed. newsId=null, newsTitle=Tomorrow holiday
15:40:31.471 [main] INFO  admin-flow - Getting all news
15:40:31.471 [main] INFO  admin-flow - Returning all news
15:40:31.484 [main] INFO  admin-flow - Getting all packages
15:40:31.484 [main] INFO  admin-flow - Returning all packages
15:40:31.492 [main] INFO  admin-flow - Starting package save. packageId=null, packageName=silver package
15:40:31.494 [main] INFO  admin-flow - Package save completed. packageId=88, packageName=silver package
15:40:31.506 [main] INFO  admin-flow - Starting admin product close. productId=2
15:40:31.508 [main] INFO  admin-flow - Admin product close completed. productId=2
15:40:31.514 [main] INFO  admin-flow - Starting admin product save. productId=null, productName=admin dao item
15:40:31.517 [main] INFO  admin-flow - Admin product save completed. productId=148, productName=admin dao item
15:40:31.525 [main] INFO  admin-flow - Getting all products
15:40:31.525 [main] INFO  admin-flow - Returning all products
15:40:31.540 [main] INFO  admin-flow - Getting confirmed bids report
15:40:31.540 [main] INFO  admin-flow - Returning confirmed bids report
15:40:31.549 [main] INFO  admin-flow - Getting user registration report
15:40:31.550 [main] INFO  admin-flow - Returning user registration report
15:40:31.558 [main] INFO  admin-flow - Getting bid report
15:40:31.558 [main] INFO  admin-flow - Returning bid report
15:40:31.566 [main] INFO  admin-flow - Getting auction report
15:40:31.566 [main] INFO  admin-flow - Returning auction report
15:40:31.577 [main] INFO  admin-flow - Getting all users
15:40:31.577 [main] INFO  admin-flow - Returning all users
15:40:31.584 [main] INFO  admin-flow - Starting user lock. username=bidder1
15:40:31.585 [main] INFO  admin-flow - User lock completed. username=bidder1
15:40:31.585 [main] INFO  admin-flow - Starting user unlock. username=bidder1
15:40:31.586 [main] INFO  admin-flow - User unlock completed. username=bidder1
15:40:31.594 [main] INFO  admin-flow - Starting manual package assignment. username=bidder1, packageId=1
15:40:31.598 [main] INFO  admin-flow - Manual package assignment completed. username=bidder1, packageId=1
15:40:31.604 [main] INFO  admin-flow - Getting all granted user package infos.
15:47:50.387 [main] INFO  admin-flow - Loading admin bid confirmations page.
15:47:50.387 [main] INFO  admin-flow - Getting all bids for admin
15:47:50.394 [main] INFO  admin-flow - Returning all bids
15:47:50.449 [main] INFO  admin-flow - Admin bid confirmations page loaded.
15:47:50.522 [main] INFO  admin-flow - Loading admin category page.
15:47:50.522 [main] INFO  admin-flow - Getting all categories
15:47:50.522 [main] INFO  admin-flow - returning all categories
15:47:50.526 [main] INFO  admin-flow - Admin category page loaded.
15:47:50.562 [main] INFO  admin-flow - Loading admin location page. countryId=null, stateId=null, cityId=null
15:47:50.562 [main] INFO  admin-flow - Getting all countries
15:47:50.562 [main] INFO  admin-flow - Returning all countries
15:47:50.566 [main] INFO  admin-flow - Getting all cities
15:47:50.566 [main] INFO  admin-flow - Returning all cities
15:47:50.568 [main] INFO  admin-flow - Admin location page loaded.
15:47:50.586 [main] INFO  admin-flow - Processing country save. countryId=null, countryName=Japan
15:47:50.586 [main] INFO  admin-flow - Starting country save. countryId=null, countryName=Japan
15:47:50.636 [main] INFO  admin-flow - Country save completed. countryId=null, countryName=Japan
15:47:50.636 [main] INFO  admin-flow - Country save completed. countryId=null, countryName=Japan
15:47:50.656 [main] INFO  admin-flow - Loading admin news page. newsId=null
15:47:50.656 [main] INFO  admin-flow - Getting all news
15:47:50.657 [main] INFO  admin-flow - Returning all news
15:47:50.659 [main] INFO  admin-flow - Admin news page loaded. newsId=null
15:47:50.673 [main] INFO  admin-flow - Processing news save. newsId=null, title=Tomorrow holiday
15:47:50.674 [main] INFO  admin-flow - Starting news save. newsId=null, newsTitle=Tomorrow holiday
15:47:50.677 [main] INFO  admin-flow - News save completed. newsId=null, newsTitle=Tomorrow holiday
15:47:50.677 [main] INFO  admin-flow - News save completed. newsId=null, title=Tomorrow holiday
15:47:50.703 [main] INFO  admin-flow - Processing admin package save. packageId=null, packageName=gold package
15:47:50.707 [main] INFO  admin-flow - Starting package save. packageId=null, packageName=gold package
15:47:50.711 [main] INFO  admin-flow - Package save completed. packageId=89, packageName=gold package
15:47:50.712 [main] INFO  admin-flow - Admin package save completed. packageId=null, packageName=gold package
15:47:50.723 [main] INFO  admin-flow - Loading admin package page.
15:47:50.723 [main] INFO  admin-flow - Getting all packages
15:47:50.723 [main] INFO  admin-flow - Returning all packages
15:47:50.725 [main] INFO  admin-flow - Admin package page loaded.
15:47:50.741 [main] INFO  admin-flow - Processing admin product close. productId=2
15:47:50.741 [main] INFO  admin-flow - Starting admin product close. productId=2
15:47:50.742 [main] INFO  admin-flow - Admin product close completed. productId=2
15:47:50.743 [main] INFO  admin-flow - Admin product close completed. productId=2
15:47:50.751 [main] INFO  admin-flow - Loading admin product page. productId=null, status=null, sellerUsername=null
15:47:50.751 [main] INFO  admin-flow - Getting categories
15:47:50.751 [main] INFO  admin-flow - Returning categories
15:47:50.755 [main] INFO  admin-flow - Getting all products
15:47:50.755 [main] INFO  admin-flow - Returning all products
15:47:50.759 [main] INFO  admin-flow - Admin product page loaded. productId=null
15:47:50.769 [main] INFO  admin-flow - Processing admin product save. productId=null, productName=admin test item
15:47:50.771 [main] INFO  admin-flow - Starting admin product save. productId=null, productName=admin test item
15:47:50.777 [main] INFO  admin-flow - Admin product save completed. productId=150, productName=admin test item
15:47:50.777 [main] INFO  admin-flow - Admin product save completed. productId=null, productName=admin test item
15:47:50.793 [main] INFO  admin-flow - Loading admin report page.
15:47:50.793 [main] INFO  admin-flow - Admin report page loaded.
15:47:50.809 [main] INFO  admin-flow - Processing user lock. username=bidder1
15:47:50.809 [main] INFO  admin-flow - Starting user lock. username=bidder1
15:47:50.810 [main] INFO  admin-flow - User lock completed. username=bidder1
15:47:50.811 [main] INFO  admin-flow - User lock completed. username=bidder1
15:47:50.820 [main] INFO  admin-flow - Loading admin user page. userType=null
15:47:50.820 [main] INFO  admin-flow - Getting all users
15:47:50.820 [main] INFO  admin-flow - Returning all users
15:47:50.824 [main] INFO  admin-flow - Admin user page loaded. userType=null
15:47:50.837 [main] INFO  admin-flow - Loading admin user-package page. userPackageId=null
15:47:50.838 [main] INFO  admin-flow - Getting bidders.
15:47:50.840 [main] INFO  admin-flow - Getting packages.
15:47:50.842 [main] INFO  admin-flow - Getting all granted user package infos.
15:47:50.846 [main] INFO  admin-flow - Getting all package purchase request infos.
15:47:50.848 [main] INFO  admin-flow - Admin user-package page loaded. userPackageId=null
15:47:50.859 [main] INFO  admin-flow - Processing manual user-package assignment. username=bidder1, packageId=1
15:47:50.860 [main] INFO  admin-flow - Starting manual package assignment. username=bidder1, packageId=1
15:47:50.867 [main] INFO  admin-flow - Manual package assignment completed. username=bidder1, packageId=1
15:47:50.867 [main] INFO  admin-flow - Manual user-package assignment completed. username=bidder1, packageId=1
15:47:51.178 [main] INFO  admin-flow - Getting all bids for admin
15:47:51.178 [main] INFO  admin-flow - Returning all bids
15:47:51.194 [main] INFO  admin-flow - Getting all categories
15:47:51.194 [main] INFO  admin-flow - returning all categories
15:47:51.200 [main] INFO  admin-flow - Starting category save. catId=null, catName=Home Decor
15:47:51.203 [main] INFO  admin-flow - Category save completed. catId=49, catName=Home Decor
15:47:51.211 [main] INFO  admin-flow - Getting all countries
15:47:51.211 [main] INFO  admin-flow - Returning all countries
15:47:51.219 [main] INFO  admin-flow - Starting country save. countryId=null, countryName=Japan
15:47:51.221 [main] INFO  admin-flow - Country save completed. countryId=null, countryName=Japan
15:47:51.231 [main] INFO  admin-flow - Starting news save. newsId=null, newsTitle=Tomorrow holiday
15:47:51.234 [main] INFO  admin-flow - News save completed. newsId=null, newsTitle=Tomorrow holiday
15:47:51.240 [main] INFO  admin-flow - Getting all news
15:47:51.240 [main] INFO  admin-flow - Returning all news
15:47:51.251 [main] INFO  admin-flow - Getting all packages
15:47:51.251 [main] INFO  admin-flow - Returning all packages
15:47:51.257 [main] INFO  admin-flow - Starting package save. packageId=null, packageName=silver package
15:47:51.260 [main] INFO  admin-flow - Package save completed. packageId=90, packageName=silver package
15:47:51.269 [main] INFO  admin-flow - Starting admin product close. productId=2
15:47:51.270 [main] INFO  admin-flow - Admin product close completed. productId=2
15:47:51.276 [main] INFO  admin-flow - Starting admin product save. productId=null, productName=admin dao item
15:47:51.279 [main] INFO  admin-flow - Admin product save completed. productId=151, productName=admin dao item
15:47:51.289 [main] INFO  admin-flow - Getting all products
15:47:51.289 [main] INFO  admin-flow - Returning all products
15:47:51.303 [main] INFO  admin-flow - Getting confirmed bids report
15:47:51.303 [main] INFO  admin-flow - Returning confirmed bids report
15:47:51.312 [main] INFO  admin-flow - Getting user registration report
15:47:51.312 [main] INFO  admin-flow - Returning user registration report
15:47:51.320 [main] INFO  admin-flow - Getting bid report
15:47:51.320 [main] INFO  admin-flow - Returning bid report
15:47:51.327 [main] INFO  admin-flow - Getting auction report
15:47:51.327 [main] INFO  admin-flow - Returning auction report
15:47:51.342 [main] INFO  admin-flow - Getting all users
15:47:51.343 [main] INFO  admin-flow - Returning all users
15:47:51.350 [main] INFO  admin-flow - Starting user lock. username=bidder1
15:47:51.351 [main] INFO  admin-flow - User lock completed. username=bidder1
15:47:51.352 [main] INFO  admin-flow - Starting user unlock. username=bidder1
15:47:51.353 [main] INFO  admin-flow - User unlock completed. username=bidder1
15:47:51.363 [main] INFO  admin-flow - Starting manual package assignment. username=bidder1, packageId=1
15:47:51.368 [main] INFO  admin-flow - Manual package assignment completed. username=bidder1, packageId=1
15:47:51.374 [main] INFO  admin-flow - Getting all granted user package infos.
15:50:47.428 [main] INFO  admin-flow - Loading admin bid confirmations page.
15:50:47.429 [main] INFO  admin-flow - Getting all bids for admin
15:50:47.433 [main] INFO  admin-flow - Returning all bids
15:50:47.480 [main] INFO  admin-flow - Admin bid confirmations page loaded.
15:50:47.532 [main] INFO  admin-flow - Loading admin category page.
15:50:47.532 [main] INFO  admin-flow - Getting all categories
15:50:47.532 [main] INFO  admin-flow - returning all categories
15:50:47.535 [main] INFO  admin-flow - Admin category page loaded.
15:50:47.566 [main] INFO  admin-flow - Loading admin location page. countryId=null, stateId=null, cityId=null
15:50:47.566 [main] INFO  admin-flow - Getting all countries
15:50:47.566 [main] INFO  admin-flow - Returning all countries
15:50:47.571 [main] INFO  admin-flow - Getting all cities
15:50:47.571 [main] INFO  admin-flow - Returning all cities
15:50:47.575 [main] INFO  admin-flow - Admin location page loaded.
15:50:47.593 [main] INFO  admin-flow - Processing country save. countryId=null, countryName=Japan
15:50:47.593 [main] INFO  admin-flow - Starting country save. countryId=null, countryName=Japan
15:50:47.632 [main] INFO  admin-flow - Country save completed. countryId=null, countryName=Japan
15:50:47.632 [main] INFO  admin-flow - Country save completed. countryId=null, countryName=Japan
15:50:47.651 [main] INFO  admin-flow - Loading admin news page. newsId=null
15:50:47.652 [main] INFO  admin-flow - Getting all news
15:50:47.652 [main] INFO  admin-flow - Returning all news
15:50:47.654 [main] INFO  admin-flow - Admin news page loaded. newsId=null
15:50:47.665 [main] INFO  admin-flow - Processing news save. newsId=null, title=Tomorrow holiday
15:50:47.665 [main] INFO  admin-flow - Starting news save. newsId=null, newsTitle=Tomorrow holiday
15:50:47.668 [main] INFO  admin-flow - News save completed. newsId=null, newsTitle=Tomorrow holiday
15:50:47.669 [main] INFO  admin-flow - News save completed. newsId=null, title=Tomorrow holiday
15:50:47.694 [main] INFO  admin-flow - Processing admin package save. packageId=null, packageName=gold package
15:50:47.699 [main] INFO  admin-flow - Starting package save. packageId=null, packageName=gold package
15:50:47.703 [main] INFO  admin-flow - Package save completed. packageId=91, packageName=gold package
15:50:47.703 [main] INFO  admin-flow - Admin package save completed. packageId=null, packageName=gold package
15:50:47.710 [main] INFO  admin-flow - Loading admin package page.
15:50:47.710 [main] INFO  admin-flow - Getting all packages
15:50:47.710 [main] INFO  admin-flow - Returning all packages
15:50:47.712 [main] INFO  admin-flow - Admin package page loaded.
15:50:47.729 [main] INFO  admin-flow - Processing admin product close. productId=2
15:50:47.729 [main] INFO  admin-flow - Starting admin product close. productId=2
15:50:47.731 [main] INFO  admin-flow - Admin product close completed. productId=2
15:50:47.731 [main] INFO  admin-flow - Admin product close completed. productId=2
15:50:47.741 [main] INFO  admin-flow - Loading admin product page. productId=null, status=null, sellerUsername=null
15:50:47.742 [main] INFO  admin-flow - Getting categories
15:50:47.742 [main] INFO  admin-flow - Returning categories
15:50:47.747 [main] INFO  admin-flow - Getting all products
15:50:47.748 [main] INFO  admin-flow - Returning all products
15:50:47.752 [main] INFO  admin-flow - Admin product page loaded. productId=null
15:50:47.762 [main] INFO  admin-flow - Processing admin product save. productId=null, productName=admin test item
15:50:47.764 [main] INFO  admin-flow - Starting admin product save. productId=null, productName=admin test item
15:50:47.768 [main] INFO  admin-flow - Admin product save completed. productId=153, productName=admin test item
15:50:47.768 [main] INFO  admin-flow - Admin product save completed. productId=null, productName=admin test item
15:50:47.780 [main] INFO  admin-flow - Loading admin report page.
15:50:47.780 [main] INFO  admin-flow - Admin report page loaded.
15:50:47.795 [main] INFO  admin-flow - Processing user lock. username=bidder1
15:50:47.795 [main] INFO  admin-flow - Starting user lock. username=bidder1
15:50:47.797 [main] INFO  admin-flow - User lock completed. username=bidder1
15:50:47.797 [main] INFO  admin-flow - User lock completed. username=bidder1
15:50:47.806 [main] INFO  admin-flow - Loading admin user page. userType=null
15:50:47.806 [main] INFO  admin-flow - Getting all users
15:50:47.806 [main] INFO  admin-flow - Returning all users
15:50:47.808 [main] INFO  admin-flow - Admin user page loaded. userType=null
15:50:47.822 [main] INFO  admin-flow - Loading admin user-package page. userPackageId=null
15:50:47.822 [main] INFO  admin-flow - Getting bidders.
15:50:47.824 [main] INFO  admin-flow - Getting packages.
15:50:47.826 [main] INFO  admin-flow - Getting all granted user package infos.
15:50:47.829 [main] INFO  admin-flow - Getting all package purchase request infos.
15:50:47.832 [main] INFO  admin-flow - Admin user-package page loaded. userPackageId=null
15:50:47.842 [main] INFO  admin-flow - Processing manual user-package assignment. username=bidder1, packageId=1
15:50:47.842 [main] INFO  admin-flow - Starting manual package assignment. username=bidder1, packageId=1
15:50:47.848 [main] INFO  admin-flow - Manual package assignment completed. username=bidder1, packageId=1
15:50:47.848 [main] INFO  admin-flow - Manual user-package assignment completed. username=bidder1, packageId=1
15:50:48.151 [main] INFO  admin-flow - Getting all bids for admin
15:50:48.151 [main] INFO  admin-flow - Returning all bids
15:50:48.166 [main] INFO  admin-flow - Getting all categories
15:50:48.166 [main] INFO  admin-flow - returning all categories
15:50:48.171 [main] INFO  admin-flow - Starting category save. catId=null, catName=Home Decor
15:50:48.173 [main] INFO  admin-flow - Category save completed. catId=50, catName=Home Decor
15:50:48.182 [main] INFO  admin-flow - Getting all countries
15:50:48.182 [main] INFO  admin-flow - Returning all countries
15:50:48.188 [main] INFO  admin-flow - Starting country save. countryId=null, countryName=Japan
15:50:48.189 [main] INFO  admin-flow - Country save completed. countryId=null, countryName=Japan
15:50:48.196 [main] INFO  admin-flow - Starting news save. newsId=null, newsTitle=Tomorrow holiday
15:50:48.198 [main] INFO  admin-flow - News save completed. newsId=null, newsTitle=Tomorrow holiday
15:50:48.204 [main] INFO  admin-flow - Getting all news
15:50:48.204 [main] INFO  admin-flow - Returning all news
15:50:48.215 [main] INFO  admin-flow - Getting all packages
15:50:48.215 [main] INFO  admin-flow - Returning all packages
15:50:48.222 [main] INFO  admin-flow - Starting package save. packageId=null, packageName=silver package
15:50:48.224 [main] INFO  admin-flow - Package save completed. packageId=92, packageName=silver package
15:50:48.231 [main] INFO  admin-flow - Starting admin product close. productId=2
15:50:48.232 [main] INFO  admin-flow - Admin product close completed. productId=2
15:50:48.235 [main] INFO  admin-flow - Starting admin product save. productId=null, productName=admin dao item
15:50:48.239 [main] INFO  admin-flow - Admin product save completed. productId=154, productName=admin dao item
15:50:48.244 [main] INFO  admin-flow - Getting all products
15:50:48.244 [main] INFO  admin-flow - Returning all products
15:50:48.255 [main] INFO  admin-flow - Getting confirmed bids report
15:50:48.255 [main] INFO  admin-flow - Returning confirmed bids report
15:50:48.263 [main] INFO  admin-flow - Getting user registration report
15:50:48.263 [main] INFO  admin-flow - Returning user registration report
15:50:48.270 [main] INFO  admin-flow - Getting bid report
15:50:48.271 [main] INFO  admin-flow - Returning bid report
15:50:48.279 [main] INFO  admin-flow - Getting auction report
15:50:48.279 [main] INFO  admin-flow - Returning auction report
15:50:48.293 [main] INFO  admin-flow - Getting all users
15:50:48.293 [main] INFO  admin-flow - Returning all users
15:50:48.301 [main] INFO  admin-flow - Starting user lock. username=bidder1
15:50:48.302 [main] INFO  admin-flow - User lock completed. username=bidder1
15:50:48.302 [main] INFO  admin-flow - Starting user unlock. username=bidder1
15:50:48.304 [main] INFO  admin-flow - User unlock completed. username=bidder1
15:50:48.311 [main] INFO  admin-flow - Starting manual package assignment. username=bidder1, packageId=1
15:50:48.316 [main] INFO  admin-flow - Manual package assignment completed. username=bidder1, packageId=1
15:50:48.321 [main] INFO  admin-flow - Getting all granted user package infos.
15:54:53.103 [main] INFO  admin-flow - Loading admin bid confirmations page.
15:54:53.104 [main] INFO  admin-flow - Getting all bids for admin
15:54:53.108 [main] INFO  admin-flow - Returning all bids
15:54:53.157 [main] INFO  admin-flow - Admin bid confirmations page loaded.
15:54:53.214 [main] INFO  admin-flow - Loading admin category page.
15:54:53.215 [main] INFO  admin-flow - Getting all categories
15:54:53.215 [main] INFO  admin-flow - returning all categories
15:54:53.218 [main] INFO  admin-flow - Admin category page loaded.
15:54:53.241 [main] INFO  admin-flow - Loading admin location page. countryId=null, stateId=null, cityId=null
15:54:53.241 [main] INFO  admin-flow - Getting all countries
15:54:53.242 [main] INFO  admin-flow - Returning all countries
15:54:53.247 [main] INFO  admin-flow - Getting all cities
15:54:53.247 [main] INFO  admin-flow - Returning all cities
15:54:53.251 [main] INFO  admin-flow - Admin location page loaded.
15:54:53.269 [main] INFO  admin-flow - Processing country save. countryId=null, countryName=Japan
15:54:53.270 [main] INFO  admin-flow - Starting country save. countryId=null, countryName=Japan
15:54:53.322 [main] INFO  admin-flow - Country save completed. countryId=null, countryName=Japan
15:54:53.322 [main] INFO  admin-flow - Country save completed. countryId=null, countryName=Japan
15:54:53.342 [main] INFO  admin-flow - Loading admin news page. newsId=null
15:54:53.343 [main] INFO  admin-flow - Getting all news
15:54:53.343 [main] INFO  admin-flow - Returning all news
15:54:53.345 [main] INFO  admin-flow - Admin news page loaded. newsId=null
15:54:53.354 [main] INFO  admin-flow - Processing news save. newsId=null, title=Tomorrow holiday
15:54:53.355 [main] INFO  admin-flow - Starting news save. newsId=null, newsTitle=Tomorrow holiday
15:54:53.358 [main] INFO  admin-flow - News save completed. newsId=null, newsTitle=Tomorrow holiday
15:54:53.358 [main] INFO  admin-flow - News save completed. newsId=null, title=Tomorrow holiday
15:54:53.381 [main] INFO  admin-flow - Processing admin package save. packageId=null, packageName=gold package
15:54:53.387 [main] INFO  admin-flow - Starting package save. packageId=null, packageName=gold package
15:54:53.393 [main] INFO  admin-flow - Package save completed. packageId=93, packageName=gold package
15:54:53.394 [main] INFO  admin-flow - Admin package save completed. packageId=null, packageName=gold package
15:54:53.404 [main] INFO  admin-flow - Loading admin package page.
15:54:53.404 [main] INFO  admin-flow - Getting all packages
15:54:53.404 [main] INFO  admin-flow - Returning all packages
15:54:53.406 [main] INFO  admin-flow - Admin package page loaded.
15:54:53.422 [main] INFO  admin-flow - Processing admin product close. productId=2
15:54:53.422 [main] INFO  admin-flow - Starting admin product close. productId=2
15:54:53.424 [main] INFO  admin-flow - Admin product close completed. productId=2
15:54:53.424 [main] INFO  admin-flow - Admin product close completed. productId=2
15:54:53.434 [main] INFO  admin-flow - Loading admin product page. productId=null, status=null, sellerUsername=null
15:54:53.435 [main] INFO  admin-flow - Getting categories
15:54:53.435 [main] INFO  admin-flow - Returning categories
15:54:53.439 [main] INFO  admin-flow - Getting all products
15:54:53.439 [main] INFO  admin-flow - Returning all products
15:54:53.445 [main] INFO  admin-flow - Admin product page loaded. productId=null
15:54:53.459 [main] INFO  admin-flow - Processing admin product save. productId=null, productName=admin test item
15:54:53.461 [main] INFO  admin-flow - Starting admin product save. productId=null, productName=admin test item
15:54:53.468 [main] INFO  admin-flow - Admin product save completed. productId=156, productName=admin test item
15:54:53.468 [main] INFO  admin-flow - Admin product save completed. productId=null, productName=admin test item
15:54:53.482 [main] INFO  admin-flow - Loading admin report page.
15:54:53.483 [main] INFO  admin-flow - Admin report page loaded.
15:54:53.492 [main] INFO  admin-flow - Processing user lock. username=bidder1
15:54:53.492 [main] INFO  admin-flow - Starting user lock. username=bidder1
15:54:53.494 [main] INFO  admin-flow - User lock completed. username=bidder1
15:54:53.494 [main] INFO  admin-flow - User lock completed. username=bidder1
15:54:53.504 [main] INFO  admin-flow - Loading admin user page. userType=null
15:54:53.504 [main] INFO  admin-flow - Getting all users
15:54:53.505 [main] INFO  admin-flow - Returning all users
15:54:53.508 [main] INFO  admin-flow - Admin user page loaded. userType=null
15:54:53.519 [main] INFO  admin-flow - Loading admin user-package page. userPackageId=null
15:54:53.520 [main] INFO  admin-flow - Getting bidders.
15:54:53.521 [main] INFO  admin-flow - Getting packages.
15:54:53.523 [main] INFO  admin-flow - Getting all granted user package infos.
15:54:53.526 [main] INFO  admin-flow - Getting all package purchase request infos.
15:54:53.528 [main] INFO  admin-flow - Admin user-package page loaded. userPackageId=null
15:54:53.538 [main] INFO  admin-flow - Processing manual user-package assignment. username=bidder1, packageId=1
15:54:53.538 [main] INFO  admin-flow - Starting manual package assignment. username=bidder1, packageId=1
15:54:53.544 [main] INFO  admin-flow - Manual package assignment completed. username=bidder1, packageId=1
15:54:53.544 [main] INFO  admin-flow - Manual user-package assignment completed. username=bidder1, packageId=1
15:54:53.800 [main] INFO  admin-flow - Getting all bids for admin
15:54:53.801 [main] INFO  admin-flow - Returning all bids
15:54:53.814 [main] INFO  admin-flow - Getting all categories
15:54:53.814 [main] INFO  admin-flow - returning all categories
15:54:53.821 [main] INFO  admin-flow - Starting category save. catId=null, catName=Home Decor
15:54:53.827 [main] INFO  admin-flow - Category save completed. catId=51, catName=Home Decor
15:54:53.840 [main] INFO  admin-flow - Getting all countries
15:54:53.840 [main] INFO  admin-flow - Returning all countries
15:54:53.850 [main] INFO  admin-flow - Starting country save. countryId=null, countryName=Japan
15:54:53.854 [main] INFO  admin-flow - Country save completed. countryId=null, countryName=Japan
15:54:53.864 [main] INFO  admin-flow - Starting news save. newsId=null, newsTitle=Tomorrow holiday
15:54:53.867 [main] INFO  admin-flow - News save completed. newsId=null, newsTitle=Tomorrow holiday
15:54:53.875 [main] INFO  admin-flow - Getting all news
15:54:53.876 [main] INFO  admin-flow - Returning all news
15:54:53.888 [main] INFO  admin-flow - Getting all packages
15:54:53.888 [main] INFO  admin-flow - Returning all packages
15:54:53.898 [main] INFO  admin-flow - Starting package save. packageId=null, packageName=silver package
15:54:53.901 [main] INFO  admin-flow - Package save completed. packageId=94, packageName=silver package
15:54:53.913 [main] INFO  admin-flow - Starting admin product close. productId=2
15:54:53.915 [main] INFO  admin-flow - Admin product close completed. productId=2
15:54:53.921 [main] INFO  admin-flow - Starting admin product save. productId=null, productName=admin dao item
15:54:53.926 [main] INFO  admin-flow - Admin product save completed. productId=157, productName=admin dao item
15:54:53.932 [main] INFO  admin-flow - Getting all products
15:54:53.932 [main] INFO  admin-flow - Returning all products
15:54:53.943 [main] INFO  admin-flow - Getting confirmed bids report
15:54:53.944 [main] INFO  admin-flow - Returning confirmed bids report
15:54:53.952 [main] INFO  admin-flow - Getting user registration report
15:54:53.952 [main] INFO  admin-flow - Returning user registration report
15:54:53.961 [main] INFO  admin-flow - Getting bid report
15:54:53.961 [main] INFO  admin-flow - Returning bid report
15:54:53.969 [main] INFO  admin-flow - Getting auction report
15:54:53.969 [main] INFO  admin-flow - Returning auction report
15:54:53.986 [main] INFO  admin-flow - Getting all users
15:54:53.986 [main] INFO  admin-flow - Returning all users
15:54:53.996 [main] INFO  admin-flow - Starting user lock. username=bidder1
15:54:53.998 [main] INFO  admin-flow - User lock completed. username=bidder1
15:54:53.998 [main] INFO  admin-flow - Starting user unlock. username=bidder1
15:54:54.000 [main] INFO  admin-flow - User unlock completed. username=bidder1
15:54:54.013 [main] INFO  admin-flow - Starting manual package assignment. username=bidder1, packageId=1
15:54:54.018 [main] INFO  admin-flow - Manual package assignment completed. username=bidder1, packageId=1
15:54:54.023 [main] INFO  admin-flow - Getting all granted user package infos.
15:58:22.014 [main] INFO  admin-flow - Loading admin bid confirmations page.
15:58:22.015 [main] INFO  admin-flow - Getting all bids for admin
15:58:22.021 [main] INFO  admin-flow - Returning all bids
15:58:22.079 [main] INFO  admin-flow - Admin bid confirmations page loaded.
15:58:22.137 [main] INFO  admin-flow - Loading admin category page.
15:58:22.138 [main] INFO  admin-flow - Getting all categories
15:58:22.138 [main] INFO  admin-flow - returning all categories
15:58:22.142 [main] INFO  admin-flow - Admin category page loaded.
15:58:22.172 [main] INFO  admin-flow - Loading admin location page. countryId=null, stateId=null, cityId=null
15:58:22.172 [main] INFO  admin-flow - Getting all countries
15:58:22.172 [main] INFO  admin-flow - Returning all countries
15:58:22.178 [main] INFO  admin-flow - Getting all cities
15:58:22.178 [main] INFO  admin-flow - Returning all cities
15:58:22.180 [main] INFO  admin-flow - Admin location page loaded.
15:58:22.196 [main] INFO  admin-flow - Processing country save. countryId=null, countryName=Japan
15:58:22.197 [main] INFO  admin-flow - Starting country save. countryId=null, countryName=Japan
15:58:22.247 [main] INFO  admin-flow - Country save completed. countryId=null, countryName=Japan
15:58:22.247 [main] INFO  admin-flow - Country save completed. countryId=null, countryName=Japan
15:58:22.270 [main] INFO  admin-flow - Loading admin news page. newsId=null
15:58:22.270 [main] INFO  admin-flow - Getting all news
15:58:22.270 [main] INFO  admin-flow - Returning all news
15:58:22.274 [main] INFO  admin-flow - Admin news page loaded. newsId=null
15:58:22.288 [main] INFO  admin-flow - Processing news save. newsId=null, title=Tomorrow holiday
15:58:22.288 [main] INFO  admin-flow - Starting news save. newsId=null, newsTitle=Tomorrow holiday
15:58:22.293 [main] INFO  admin-flow - News save completed. newsId=null, newsTitle=Tomorrow holiday
15:58:22.293 [main] INFO  admin-flow - News save completed. newsId=null, title=Tomorrow holiday
15:58:22.319 [main] INFO  admin-flow - Processing admin package save. packageId=null, packageName=gold package
15:58:22.323 [main] INFO  admin-flow - Starting package save. packageId=null, packageName=gold package
15:58:22.327 [main] INFO  admin-flow - Package save completed. packageId=95, packageName=gold package
15:58:22.327 [main] INFO  admin-flow - Admin package save completed. packageId=null, packageName=gold package
15:58:22.335 [main] INFO  admin-flow - Loading admin package page.
15:58:22.335 [main] INFO  admin-flow - Getting all packages
15:58:22.335 [main] INFO  admin-flow - Returning all packages
15:58:22.337 [main] INFO  admin-flow - Admin package page loaded.
15:58:22.355 [main] INFO  admin-flow - Processing admin product close. productId=2
15:58:22.355 [main] INFO  admin-flow - Starting admin product close. productId=2
15:58:22.358 [main] INFO  admin-flow - Admin product close completed. productId=2
15:58:22.358 [main] INFO  admin-flow - Admin product close completed. productId=2
15:58:22.366 [main] INFO  admin-flow - Loading admin product page. productId=null, status=null, sellerUsername=null
15:58:22.366 [main] INFO  admin-flow - Getting categories
15:58:22.366 [main] INFO  admin-flow - Returning categories
15:58:22.371 [main] INFO  admin-flow - Getting all products
15:58:22.371 [main] INFO  admin-flow - Returning all products
15:58:22.377 [main] INFO  admin-flow - Admin product page loaded. productId=null
15:58:22.389 [main] INFO  admin-flow - Processing admin product save. productId=null, productName=admin test item
15:58:22.391 [main] INFO  admin-flow - Starting admin product save. productId=null, productName=admin test item
15:58:22.396 [main] INFO  admin-flow - Admin product save completed. productId=159, productName=admin test item
15:58:22.396 [main] INFO  admin-flow - Admin product save completed. productId=null, productName=admin test item
15:58:22.409 [main] INFO  admin-flow - Loading admin report page.
15:58:22.409 [main] INFO  admin-flow - Admin report page loaded.
15:58:22.419 [main] INFO  admin-flow - Processing user lock. username=bidder1
15:58:22.419 [main] INFO  admin-flow - Starting user lock. username=bidder1
15:58:22.420 [main] INFO  admin-flow - User lock completed. username=bidder1
15:58:22.420 [main] INFO  admin-flow - User lock completed. username=bidder1
15:58:22.429 [main] INFO  admin-flow - Loading admin user page. userType=null
15:58:22.429 [main] INFO  admin-flow - Getting all users
15:58:22.429 [main] INFO  admin-flow - Returning all users
15:58:22.432 [main] INFO  admin-flow - Admin user page loaded. userType=null
15:58:22.442 [main] INFO  admin-flow - Loading admin user-package page. userPackageId=null
15:58:22.443 [main] INFO  admin-flow - Getting bidders.
15:58:22.444 [main] INFO  admin-flow - Getting packages.
15:58:22.446 [main] INFO  admin-flow - Getting all granted user package infos.
15:58:22.449 [main] INFO  admin-flow - Getting all package purchase request infos.
15:58:22.450 [main] INFO  admin-flow - Admin user-package page loaded. userPackageId=null
15:58:22.459 [main] INFO  admin-flow - Processing manual user-package assignment. username=bidder1, packageId=1
15:58:22.459 [main] INFO  admin-flow - Starting manual package assignment. username=bidder1, packageId=1
15:58:22.464 [main] INFO  admin-flow - Manual package assignment completed. username=bidder1, packageId=1
15:58:22.464 [main] INFO  admin-flow - Manual user-package assignment completed. username=bidder1, packageId=1
15:58:22.800 [main] INFO  admin-flow - Getting all bids for admin
15:58:22.800 [main] INFO  admin-flow - Returning all bids
15:58:22.817 [main] INFO  admin-flow - Getting all categories
15:58:22.818 [main] INFO  admin-flow - returning all categories
15:58:22.825 [main] INFO  admin-flow - Starting category save. catId=null, catName=Home Decor
15:58:22.828 [main] INFO  admin-flow - Category save completed. catId=52, catName=Home Decor
15:58:22.839 [main] INFO  admin-flow - Getting all countries
15:58:22.839 [main] INFO  admin-flow - Returning all countries
15:58:22.847 [main] INFO  admin-flow - Starting country save. countryId=null, countryName=Japan
15:58:22.850 [main] INFO  admin-flow - Country save completed. countryId=null, countryName=Japan
15:58:22.862 [main] INFO  admin-flow - Starting news save. newsId=null, newsTitle=Tomorrow holiday
15:58:22.865 [main] INFO  admin-flow - News save completed. newsId=null, newsTitle=Tomorrow holiday
15:58:22.870 [main] INFO  admin-flow - Getting all news
15:58:22.870 [main] INFO  admin-flow - Returning all news
15:58:22.880 [main] INFO  admin-flow - Getting all packages
15:58:22.880 [main] INFO  admin-flow - Returning all packages
15:58:22.887 [main] INFO  admin-flow - Starting package save. packageId=null, packageName=silver package
15:58:22.889 [main] INFO  admin-flow - Package save completed. packageId=96, packageName=silver package
15:58:22.896 [main] INFO  admin-flow - Starting admin product close. productId=2
15:58:22.897 [main] INFO  admin-flow - Admin product close completed. productId=2
15:58:22.901 [main] INFO  admin-flow - Starting admin product save. productId=null, productName=admin dao item
15:58:22.905 [main] INFO  admin-flow - Admin product save completed. productId=160, productName=admin dao item
15:58:22.912 [main] INFO  admin-flow - Getting all products
15:58:22.912 [main] INFO  admin-flow - Returning all products
15:58:22.923 [main] INFO  admin-flow - Getting confirmed bids report
15:58:22.923 [main] INFO  admin-flow - Returning confirmed bids report
15:58:22.932 [main] INFO  admin-flow - Getting user registration report
15:58:22.932 [main] INFO  admin-flow - Returning user registration report
15:58:22.939 [main] INFO  admin-flow - Getting bid report
15:58:22.939 [main] INFO  admin-flow - Returning bid report
15:58:22.947 [main] INFO  admin-flow - Getting auction report
15:58:22.947 [main] INFO  admin-flow - Returning auction report
15:58:22.959 [main] INFO  admin-flow - Getting all users
15:58:22.959 [main] INFO  admin-flow - Returning all users
15:58:22.967 [main] INFO  admin-flow - Starting user lock. username=bidder1
15:58:22.968 [main] INFO  admin-flow - User lock completed. username=bidder1
15:58:22.968 [main] INFO  admin-flow - Starting user unlock. username=bidder1
15:58:22.969 [main] INFO  admin-flow - User unlock completed. username=bidder1
15:58:22.979 [main] INFO  admin-flow - Starting manual package assignment. username=bidder1, packageId=1
15:58:22.983 [main] INFO  admin-flow - Manual package assignment completed. username=bidder1, packageId=1
15:58:22.987 [main] INFO  admin-flow - Getting all granted user package infos.
16:07:40.039 [main] INFO  admin-flow - Loading admin bid confirmations page.
16:07:40.039 [main] INFO  admin-flow - Getting all bids for admin
16:07:40.044 [main] INFO  admin-flow - Returning all bids
16:07:40.101 [main] INFO  admin-flow - Admin bid confirmations page loaded.
16:07:40.159 [main] INFO  admin-flow - Loading admin category page.
16:07:40.159 [main] INFO  admin-flow - Getting all categories
16:07:40.159 [main] INFO  admin-flow - returning all categories
16:07:40.162 [main] INFO  admin-flow - Admin category page loaded.
16:07:40.192 [main] INFO  admin-flow - Loading admin location page. countryId=null, stateId=null, cityId=null
16:07:40.192 [main] INFO  admin-flow - Getting all countries
16:07:40.192 [main] INFO  admin-flow - Returning all countries
16:07:40.198 [main] INFO  admin-flow - Getting all cities
16:07:40.199 [main] INFO  admin-flow - Returning all cities
16:07:40.201 [main] INFO  admin-flow - Admin location page loaded.
16:07:40.222 [main] INFO  admin-flow - Processing country save. countryId=null, countryName=Japan
16:07:40.222 [main] INFO  admin-flow - Starting country save. countryId=null, countryName=Japan
16:07:40.276 [main] INFO  admin-flow - Country save completed. countryId=null, countryName=Japan
16:07:40.276 [main] INFO  admin-flow - Country save completed. countryId=null, countryName=Japan
16:07:40.299 [main] INFO  admin-flow - Loading admin news page. newsId=null
16:07:40.299 [main] INFO  admin-flow - Getting all news
16:07:40.299 [main] INFO  admin-flow - Returning all news
16:07:40.302 [main] INFO  admin-flow - Admin news page loaded. newsId=null
16:07:40.312 [main] INFO  admin-flow - Processing news save. newsId=null, title=Tomorrow holiday
16:07:40.312 [main] INFO  admin-flow - Starting news save. newsId=null, newsTitle=Tomorrow holiday
16:07:40.316 [main] INFO  admin-flow - News save completed. newsId=null, newsTitle=Tomorrow holiday
16:07:40.317 [main] INFO  admin-flow - News save completed. newsId=null, title=Tomorrow holiday
16:07:40.344 [main] INFO  admin-flow - Processing admin package save. packageId=null, packageName=gold package
16:07:40.350 [main] INFO  admin-flow - Starting package save. packageId=null, packageName=gold package
16:07:40.354 [main] INFO  admin-flow - Package save completed. packageId=97, packageName=gold package
16:07:40.354 [main] INFO  admin-flow - Admin package save completed. packageId=null, packageName=gold package
16:07:40.363 [main] INFO  admin-flow - Loading admin package page.
16:07:40.364 [main] INFO  admin-flow - Getting all packages
16:07:40.364 [main] INFO  admin-flow - Returning all packages
16:07:40.366 [main] INFO  admin-flow - Admin package page loaded.
16:07:40.378 [main] INFO  admin-flow - Processing admin product close. productId=2
16:07:40.378 [main] INFO  admin-flow - Starting admin product close. productId=2
16:07:40.380 [main] INFO  admin-flow - Admin product close completed. productId=2
16:07:40.381 [main] INFO  admin-flow - Admin product close completed. productId=2
16:07:40.391 [main] INFO  admin-flow - Loading admin product page. productId=null, status=null, sellerUsername=null
16:07:40.392 [main] INFO  admin-flow - Getting categories
16:07:40.392 [main] INFO  admin-flow - Returning categories
16:07:40.398 [main] INFO  admin-flow - Getting all products
16:07:40.398 [main] INFO  admin-flow - Returning all products
16:07:40.404 [main] INFO  admin-flow - Admin product page loaded. productId=null
16:07:40.419 [main] INFO  admin-flow - Processing admin product save. productId=null, productName=admin test item
16:07:40.422 [main] INFO  admin-flow - Starting admin product save. productId=null, productName=admin test item
16:07:40.429 [main] INFO  admin-flow - Admin product save completed. productId=162, productName=admin test item
16:07:40.429 [main] INFO  admin-flow - Admin product save completed. productId=null, productName=admin test item
16:07:40.445 [main] INFO  admin-flow - Loading admin report page.
16:07:40.445 [main] INFO  admin-flow - Admin report page loaded.
16:07:40.461 [main] INFO  admin-flow - Processing user lock. username=bidder1
16:07:40.461 [main] INFO  admin-flow - Starting user lock. username=bidder1
16:07:40.463 [main] INFO  admin-flow - User lock completed. username=bidder1
16:07:40.463 [main] INFO  admin-flow - User lock completed. username=bidder1
16:07:40.474 [main] INFO  admin-flow - Loading admin user page. userType=null
16:07:40.475 [main] INFO  admin-flow - Getting all users
16:07:40.475 [main] INFO  admin-flow - Returning all users
16:07:40.479 [main] INFO  admin-flow - Admin user page loaded. userType=null
16:07:40.495 [main] INFO  admin-flow - Loading admin user-package page. userPackageId=null
16:07:40.495 [main] INFO  admin-flow - Getting bidders.
16:07:40.498 [main] INFO  admin-flow - Getting packages.
16:07:40.499 [main] INFO  admin-flow - Getting all granted user package infos.
16:07:40.502 [main] INFO  admin-flow - Getting all package purchase request infos.
16:07:40.504 [main] INFO  admin-flow - Admin user-package page loaded. userPackageId=null
16:07:40.514 [main] INFO  admin-flow - Processing manual user-package assignment. username=bidder1, packageId=1
16:07:40.514 [main] INFO  admin-flow - Starting manual package assignment. username=bidder1, packageId=1
16:07:40.520 [main] INFO  admin-flow - Manual package assignment completed. username=bidder1, packageId=1
16:07:40.520 [main] INFO  admin-flow - Manual user-package assignment completed. username=bidder1, packageId=1
16:07:40.818 [main] INFO  admin-flow - Getting all bids for admin
16:07:40.818 [main] INFO  admin-flow - Returning all bids
16:07:40.835 [main] INFO  admin-flow - Getting all categories
16:07:40.835 [main] INFO  admin-flow - returning all categories
16:07:40.843 [main] INFO  admin-flow - Starting category save. catId=null, catName=Home Decor
16:07:40.846 [main] INFO  admin-flow - Category save completed. catId=53, catName=Home Decor
16:07:40.855 [main] INFO  admin-flow - Getting all countries
16:07:40.855 [main] INFO  admin-flow - Returning all countries
16:07:40.862 [main] INFO  admin-flow - Starting country save. countryId=null, countryName=Japan
16:07:40.865 [main] INFO  admin-flow - Country save completed. countryId=null, countryName=Japan
16:07:40.876 [main] INFO  admin-flow - Starting news save. newsId=null, newsTitle=Tomorrow holiday
16:07:40.878 [main] INFO  admin-flow - News save completed. newsId=null, newsTitle=Tomorrow holiday
16:07:40.884 [main] INFO  admin-flow - Getting all news
16:07:40.884 [main] INFO  admin-flow - Returning all news
16:07:40.894 [main] INFO  admin-flow - Getting all packages
16:07:40.895 [main] INFO  admin-flow - Returning all packages
16:07:40.902 [main] INFO  admin-flow - Starting package save. packageId=null, packageName=silver package
16:07:40.905 [main] INFO  admin-flow - Package save completed. packageId=98, packageName=silver package
16:07:40.911 [main] INFO  admin-flow - Starting admin product close. productId=2
16:07:40.912 [main] INFO  admin-flow - Admin product close completed. productId=2
16:07:40.919 [main] INFO  admin-flow - Starting admin product save. productId=null, productName=admin dao item
16:07:40.923 [main] INFO  admin-flow - Admin product save completed. productId=163, productName=admin dao item
16:07:40.929 [main] INFO  admin-flow - Getting all products
16:07:40.929 [main] INFO  admin-flow - Returning all products
16:07:40.942 [main] INFO  admin-flow - Getting confirmed bids report
16:07:40.942 [main] INFO  admin-flow - Returning confirmed bids report
16:07:40.951 [main] INFO  admin-flow - Getting user registration report
16:07:40.952 [main] INFO  admin-flow - Returning user registration report
16:07:40.957 [main] INFO  admin-flow - Getting bid report
16:07:40.957 [main] INFO  admin-flow - Returning bid report
16:07:40.964 [main] INFO  admin-flow - Getting auction report
16:07:40.964 [main] INFO  admin-flow - Returning auction report
16:07:40.974 [main] INFO  admin-flow - Getting all users
16:07:40.974 [main] INFO  admin-flow - Returning all users
16:07:40.982 [main] INFO  admin-flow - Starting user lock. username=bidder1
16:07:40.983 [main] INFO  admin-flow - User lock completed. username=bidder1
16:07:40.983 [main] INFO  admin-flow - Starting user unlock. username=bidder1
16:07:40.985 [main] INFO  admin-flow - User unlock completed. username=bidder1
16:07:40.995 [main] INFO  admin-flow - Starting manual package assignment. username=bidder1, packageId=1
16:07:41.000 [main] INFO  admin-flow - Manual package assignment completed. username=bidder1, packageId=1
16:07:41.006 [main] INFO  admin-flow - Getting all granted user package infos.
16:21:35.074 [main] INFO  admin-flow - Loading admin bid confirmations page.
16:21:35.074 [main] INFO  admin-flow - Getting all bids for admin
16:21:35.081 [main] INFO  admin-flow - Returning all bids
16:21:35.130 [main] INFO  admin-flow - Admin bid confirmations page loaded.
16:21:35.190 [main] INFO  admin-flow - Loading admin category page.
16:21:35.190 [main] INFO  admin-flow - Getting all categories
16:21:35.190 [main] INFO  admin-flow - returning all categories
16:21:35.194 [main] INFO  admin-flow - Admin category page loaded.
16:21:35.225 [main] INFO  admin-flow - Loading admin location page. countryId=null, stateId=null, cityId=null
16:21:35.225 [main] INFO  admin-flow - Getting all countries
16:21:35.226 [main] INFO  admin-flow - Returning all countries
16:21:35.230 [main] INFO  admin-flow - Getting all cities
16:21:35.230 [main] INFO  admin-flow - Returning all cities
16:21:35.233 [main] INFO  admin-flow - Admin location page loaded.
16:21:35.261 [main] INFO  admin-flow - Processing country save. countryId=null, countryName=Japan
16:21:35.262 [main] INFO  admin-flow - Starting country save. countryId=null, countryName=Japan
16:21:35.312 [main] INFO  admin-flow - Country save completed. countryId=null, countryName=Japan
16:21:35.312 [main] INFO  admin-flow - Country save completed. countryId=null, countryName=Japan
16:21:35.333 [main] INFO  admin-flow - Loading admin news page. newsId=null
16:21:35.333 [main] INFO  admin-flow - Getting all news
16:21:35.333 [main] INFO  admin-flow - Returning all news
16:21:35.336 [main] INFO  admin-flow - Admin news page loaded. newsId=null
16:21:35.349 [main] INFO  admin-flow - Processing news save. newsId=null, title=Tomorrow holiday
16:21:35.350 [main] INFO  admin-flow - Starting news save. newsId=null, newsTitle=Tomorrow holiday
16:21:35.353 [main] INFO  admin-flow - News save completed. newsId=null, newsTitle=Tomorrow holiday
16:21:35.353 [main] INFO  admin-flow - News save completed. newsId=null, title=Tomorrow holiday
16:21:35.379 [main] INFO  admin-flow - Processing admin package save. packageId=null, packageName=gold package
16:21:35.385 [main] INFO  admin-flow - Starting package save. packageId=null, packageName=gold package
16:21:35.389 [main] INFO  admin-flow - Package save completed. packageId=99, packageName=gold package
16:21:35.390 [main] INFO  admin-flow - Admin package save completed. packageId=null, packageName=gold package
16:21:35.400 [main] INFO  admin-flow - Loading admin package page.
16:21:35.400 [main] INFO  admin-flow - Getting all packages
16:21:35.400 [main] INFO  admin-flow - Returning all packages
16:21:35.402 [main] INFO  admin-flow - Admin package page loaded.
16:21:35.421 [main] INFO  admin-flow - Processing admin product close. productId=2
16:21:35.421 [main] INFO  admin-flow - Starting admin product close. productId=2
16:21:35.424 [main] INFO  admin-flow - Admin product close completed. productId=2
16:21:35.424 [main] INFO  admin-flow - Admin product close completed. productId=2
16:21:35.434 [main] INFO  admin-flow - Loading admin product page. productId=null, status=null, sellerUsername=null
16:21:35.434 [main] INFO  admin-flow - Getting categories
16:21:35.435 [main] INFO  admin-flow - Returning categories
16:21:35.438 [main] INFO  admin-flow - Getting all products
16:21:35.438 [main] INFO  admin-flow - Returning all products
16:21:35.444 [main] INFO  admin-flow - Admin product page loaded. productId=null
16:21:35.457 [main] INFO  admin-flow - Processing admin product save. productId=null, productName=admin test item
16:21:35.459 [main] INFO  admin-flow - Starting admin product save. productId=null, productName=admin test item
16:21:35.463 [main] INFO  admin-flow - Admin product save completed. productId=165, productName=admin test item
16:21:35.464 [main] INFO  admin-flow - Admin product save completed. productId=null, productName=admin test item
16:21:35.474 [main] INFO  admin-flow - Loading admin report page.
16:21:35.474 [main] INFO  admin-flow - Admin report page loaded.
16:21:35.490 [main] INFO  admin-flow - Processing user lock. username=bidder1
16:21:35.490 [main] INFO  admin-flow - Starting user lock. username=bidder1
16:21:35.491 [main] INFO  admin-flow - User lock completed. username=bidder1
16:21:35.491 [main] INFO  admin-flow - User lock completed. username=bidder1
16:21:35.502 [main] INFO  admin-flow - Loading admin user page. userType=null
16:21:35.502 [main] INFO  admin-flow - Getting all users
16:21:35.502 [main] INFO  admin-flow - Returning all users
16:21:35.506 [main] INFO  admin-flow - Admin user page loaded. userType=null
16:21:35.519 [main] INFO  admin-flow - Loading admin user-package page. userPackageId=null
16:21:35.519 [main] INFO  admin-flow - Getting bidders.
16:21:35.521 [main] INFO  admin-flow - Getting packages.
16:21:35.522 [main] INFO  admin-flow - Getting all granted user package infos.
16:21:35.524 [main] INFO  admin-flow - Getting all package purchase request infos.
16:21:35.527 [main] INFO  admin-flow - Admin user-package page loaded. userPackageId=null
16:21:35.534 [main] INFO  admin-flow - Processing manual user-package assignment. username=bidder1, packageId=1
16:21:35.534 [main] INFO  admin-flow - Starting manual package assignment. username=bidder1, packageId=1
16:21:35.540 [main] INFO  admin-flow - Manual package assignment completed. username=bidder1, packageId=1
16:21:35.540 [main] INFO  admin-flow - Manual user-package assignment completed. username=bidder1, packageId=1
16:21:35.879 [main] INFO  admin-flow - Getting all bids for admin
16:21:35.879 [main] INFO  admin-flow - Returning all bids
16:21:35.893 [main] INFO  admin-flow - Getting all categories
16:21:35.894 [main] INFO  admin-flow - returning all categories
16:21:35.900 [main] INFO  admin-flow - Starting category save. catId=null, catName=Home Decor
16:21:35.902 [main] INFO  admin-flow - Category save completed. catId=54, catName=Home Decor
16:21:35.909 [main] INFO  admin-flow - Getting all countries
16:21:35.910 [main] INFO  admin-flow - Returning all countries
16:21:35.915 [main] INFO  admin-flow - Starting country save. countryId=null, countryName=Japan
16:21:35.917 [main] INFO  admin-flow - Country save completed. countryId=null, countryName=Japan
16:21:35.925 [main] INFO  admin-flow - Starting news save. newsId=null, newsTitle=Tomorrow holiday
16:21:35.928 [main] INFO  admin-flow - News save completed. newsId=null, newsTitle=Tomorrow holiday
16:21:35.934 [main] INFO  admin-flow - Getting all news
16:21:35.934 [main] INFO  admin-flow - Returning all news
16:21:35.943 [main] INFO  admin-flow - Getting all packages
16:21:35.943 [main] INFO  admin-flow - Returning all packages
16:21:35.949 [main] INFO  admin-flow - Starting package save. packageId=null, packageName=silver package
16:21:35.952 [main] INFO  admin-flow - Package save completed. packageId=100, packageName=silver package
16:21:35.961 [main] INFO  admin-flow - Starting admin product close. productId=2
16:21:35.962 [main] INFO  admin-flow - Admin product close completed. productId=2
16:21:35.968 [main] INFO  admin-flow - Starting admin product save. productId=null, productName=admin dao item
16:21:35.971 [main] INFO  admin-flow - Admin product save completed. productId=166, productName=admin dao item
16:21:35.978 [main] INFO  admin-flow - Getting all products
16:21:35.978 [main] INFO  admin-flow - Returning all products
16:21:35.991 [main] INFO  admin-flow - Getting confirmed bids report
16:21:35.991 [main] INFO  admin-flow - Returning confirmed bids report
16:21:36.000 [main] INFO  admin-flow - Getting user registration report
16:21:36.000 [main] INFO  admin-flow - Returning user registration report
16:21:36.008 [main] INFO  admin-flow - Getting bid report
16:21:36.008 [main] INFO  admin-flow - Returning bid report
16:21:36.017 [main] INFO  admin-flow - Getting auction report
16:21:36.017 [main] INFO  admin-flow - Returning auction report
16:21:36.028 [main] INFO  admin-flow - Getting all users
16:21:36.028 [main] INFO  admin-flow - Returning all users
16:21:36.035 [main] INFO  admin-flow - Starting user lock. username=bidder1
16:21:36.036 [main] INFO  admin-flow - User lock completed. username=bidder1
16:21:36.036 [main] INFO  admin-flow - Starting user unlock. username=bidder1
16:21:36.038 [main] INFO  admin-flow - User unlock completed. username=bidder1
16:21:36.049 [main] INFO  admin-flow - Starting manual package assignment. username=bidder1, packageId=1
16:21:36.055 [main] INFO  admin-flow - Manual package assignment completed. username=bidder1, packageId=1
16:21:36.062 [main] INFO  admin-flow - Getting all granted user package infos.
16:23:27.422 [main] INFO  admin-flow - Loading admin bid confirmations page.
16:23:27.423 [main] INFO  admin-flow - Getting all bids for admin
16:23:27.428 [main] INFO  admin-flow - Returning all bids
16:23:27.475 [main] INFO  admin-flow - Admin bid confirmations page loaded.
16:23:27.533 [main] INFO  admin-flow - Loading admin category page.
16:23:27.533 [main] INFO  admin-flow - Getting all categories
16:23:27.533 [main] INFO  admin-flow - returning all categories
16:23:27.537 [main] INFO  admin-flow - Admin category page loaded.
16:23:27.562 [main] INFO  admin-flow - Loading admin location page. countryId=null, stateId=null, cityId=null
16:23:27.562 [main] INFO  admin-flow - Getting all countries
16:23:27.562 [main] INFO  admin-flow - Returning all countries
16:23:27.568 [main] INFO  admin-flow - Getting all cities
16:23:27.568 [main] INFO  admin-flow - Returning all cities
16:23:27.572 [main] INFO  admin-flow - Admin location page loaded.
16:23:27.594 [main] INFO  admin-flow - Processing country save. countryId=null, countryName=Japan
16:23:27.595 [main] INFO  admin-flow - Starting country save. countryId=null, countryName=Japan
16:23:27.648 [main] INFO  admin-flow - Country save completed. countryId=null, countryName=Japan
16:23:27.648 [main] INFO  admin-flow - Country save completed. countryId=null, countryName=Japan
16:23:27.671 [main] INFO  admin-flow - Loading admin news page. newsId=null
16:23:27.672 [main] INFO  admin-flow - Getting all news
16:23:27.672 [main] INFO  admin-flow - Returning all news
16:23:27.675 [main] INFO  admin-flow - Admin news page loaded. newsId=null
16:23:27.684 [main] INFO  admin-flow - Processing news save. newsId=null, title=Tomorrow holiday
16:23:27.684 [main] INFO  admin-flow - Starting news save. newsId=null, newsTitle=Tomorrow holiday
16:23:27.687 [main] INFO  admin-flow - News save completed. newsId=null, newsTitle=Tomorrow holiday
16:23:27.688 [main] INFO  admin-flow - News save completed. newsId=null, title=Tomorrow holiday
16:23:27.711 [main] INFO  admin-flow - Processing admin package save. packageId=null, packageName=gold package
16:23:27.718 [main] INFO  admin-flow - Starting package save. packageId=null, packageName=gold package
16:23:27.724 [main] INFO  admin-flow - Package save completed. packageId=101, packageName=gold package
16:23:27.724 [main] INFO  admin-flow - Admin package save completed. packageId=null, packageName=gold package
16:23:27.736 [main] INFO  admin-flow - Loading admin package page.
16:23:27.736 [main] INFO  admin-flow - Getting all packages
16:23:27.736 [main] INFO  admin-flow - Returning all packages
16:23:27.739 [main] INFO  admin-flow - Admin package page loaded.
16:23:27.757 [main] INFO  admin-flow - Processing admin product close. productId=2
16:23:27.757 [main] INFO  admin-flow - Starting admin product close. productId=2
16:23:27.759 [main] INFO  admin-flow - Admin product close completed. productId=2
16:23:27.760 [main] INFO  admin-flow - Admin product close completed. productId=2
16:23:27.773 [main] INFO  admin-flow - Loading admin product page. productId=null, status=null, sellerUsername=null
16:23:27.773 [main] INFO  admin-flow - Getting categories
16:23:27.773 [main] INFO  admin-flow - Returning categories
16:23:27.777 [main] INFO  admin-flow - Getting all products
16:23:27.777 [main] INFO  admin-flow - Returning all products
16:23:27.781 [main] INFO  admin-flow - Admin product page loaded. productId=null
16:23:27.792 [main] INFO  admin-flow - Processing admin product save. productId=null, productName=admin test item
16:23:27.794 [main] INFO  admin-flow - Starting admin product save. productId=null, productName=admin test item
16:23:27.799 [main] INFO  admin-flow - Admin product save completed. productId=168, productName=admin test item
16:23:27.799 [main] INFO  admin-flow - Admin product save completed. productId=null, productName=admin test item
16:23:27.811 [main] INFO  admin-flow - Loading admin report page.
16:23:27.811 [main] INFO  admin-flow - Admin report page loaded.
16:23:27.828 [main] INFO  admin-flow - Processing user lock. username=bidder1
16:23:27.828 [main] INFO  admin-flow - Starting user lock. username=bidder1
16:23:27.830 [main] INFO  admin-flow - User lock completed. username=bidder1
16:23:27.830 [main] INFO  admin-flow - User lock completed. username=bidder1
16:23:27.839 [main] INFO  admin-flow - Loading admin user page. userType=null
16:23:27.839 [main] INFO  admin-flow - Getting all users
16:23:27.839 [main] INFO  admin-flow - Returning all users
16:23:27.843 [main] INFO  admin-flow - Admin user page loaded. userType=null
16:23:27.854 [main] INFO  admin-flow - Loading admin user-package page. userPackageId=null
16:23:27.855 [main] INFO  admin-flow - Getting bidders.
16:23:27.857 [main] INFO  admin-flow - Getting packages.
16:23:27.859 [main] INFO  admin-flow - Getting all granted user package infos.
16:23:27.862 [main] INFO  admin-flow - Getting all package purchase request infos.
16:23:27.864 [main] INFO  admin-flow - Admin user-package page loaded. userPackageId=null
16:23:27.873 [main] INFO  admin-flow - Processing manual user-package assignment. username=bidder1, packageId=1
16:23:27.874 [main] INFO  admin-flow - Starting manual package assignment. username=bidder1, packageId=1
16:23:27.879 [main] INFO  admin-flow - Manual package assignment completed. username=bidder1, packageId=1
16:23:27.879 [main] INFO  admin-flow - Manual user-package assignment completed. username=bidder1, packageId=1
16:23:28.230 [main] INFO  admin-flow - Getting all bids for admin
16:23:28.230 [main] INFO  admin-flow - Returning all bids
16:23:28.248 [main] INFO  admin-flow - Getting all categories
16:23:28.249 [main] INFO  admin-flow - returning all categories
16:23:28.258 [main] INFO  admin-flow - Starting category save. catId=null, catName=Home Decor
16:23:28.261 [main] INFO  admin-flow - Category save completed. catId=55, catName=Home Decor
16:23:28.268 [main] INFO  admin-flow - Getting all countries
16:23:28.268 [main] INFO  admin-flow - Returning all countries
16:23:28.275 [main] INFO  admin-flow - Starting country save. countryId=null, countryName=Japan
16:23:28.276 [main] INFO  admin-flow - Country save completed. countryId=null, countryName=Japan
16:23:28.285 [main] INFO  admin-flow - Starting news save. newsId=null, newsTitle=Tomorrow holiday
16:23:28.288 [main] INFO  admin-flow - News save completed. newsId=null, newsTitle=Tomorrow holiday
16:23:28.293 [main] INFO  admin-flow - Getting all news
16:23:28.293 [main] INFO  admin-flow - Returning all news
16:23:28.305 [main] INFO  admin-flow - Getting all packages
16:23:28.305 [main] INFO  admin-flow - Returning all packages
16:23:28.313 [main] INFO  admin-flow - Starting package save. packageId=null, packageName=silver package
16:23:28.316 [main] INFO  admin-flow - Package save completed. packageId=102, packageName=silver package
16:23:28.323 [main] INFO  admin-flow - Starting admin product close. productId=2
16:23:28.324 [main] INFO  admin-flow - Admin product close completed. productId=2
16:23:28.330 [main] INFO  admin-flow - Starting admin product save. productId=null, productName=admin dao item
16:23:28.334 [main] INFO  admin-flow - Admin product save completed. productId=169, productName=admin dao item
16:23:28.340 [main] INFO  admin-flow - Getting all products
16:23:28.340 [main] INFO  admin-flow - Returning all products
16:23:28.353 [main] INFO  admin-flow - Getting confirmed bids report
16:23:28.353 [main] INFO  admin-flow - Returning confirmed bids report
16:23:28.361 [main] INFO  admin-flow - Getting user registration report
16:23:28.361 [main] INFO  admin-flow - Returning user registration report
16:23:28.370 [main] INFO  admin-flow - Getting bid report
16:23:28.370 [main] INFO  admin-flow - Returning bid report
16:23:28.379 [main] INFO  admin-flow - Getting auction report
16:23:28.379 [main] INFO  admin-flow - Returning auction report
16:23:28.394 [main] INFO  admin-flow - Getting all users
16:23:28.394 [main] INFO  admin-flow - Returning all users
16:23:28.402 [main] INFO  admin-flow - Starting user lock. username=bidder1
16:23:28.404 [main] INFO  admin-flow - User lock completed. username=bidder1
16:23:28.404 [main] INFO  admin-flow - Starting user unlock. username=bidder1
16:23:28.406 [main] INFO  admin-flow - User unlock completed. username=bidder1
16:23:28.419 [main] INFO  admin-flow - Starting manual package assignment. username=bidder1, packageId=1
16:23:28.424 [main] INFO  admin-flow - Manual package assignment completed. username=bidder1, packageId=1
16:23:28.428 [main] INFO  admin-flow - Getting all granted user package infos.
16:28:18.460 [main] INFO  admin-flow - Loading admin bid confirmations page.
16:28:18.460 [main] INFO  admin-flow - Getting all bids for admin
16:28:18.465 [main] INFO  admin-flow - Returning all bids
16:28:18.512 [main] INFO  admin-flow - Admin bid confirmations page loaded.
16:28:18.566 [main] INFO  admin-flow - Loading admin category page.
16:28:18.567 [main] INFO  admin-flow - Getting all categories
16:28:18.567 [main] INFO  admin-flow - returning all categories
16:28:18.570 [main] INFO  admin-flow - Admin category page loaded.
16:28:18.602 [main] INFO  admin-flow - Loading admin location page. countryId=null, stateId=null, cityId=null
16:28:18.602 [main] INFO  admin-flow - Getting all countries
16:28:18.602 [main] INFO  admin-flow - Returning all countries
16:28:18.608 [main] INFO  admin-flow - Getting all cities
16:28:18.608 [main] INFO  admin-flow - Returning all cities
16:28:18.611 [main] INFO  admin-flow - Admin location page loaded.
16:28:18.629 [main] INFO  admin-flow - Processing country save. countryId=null, countryName=Japan
16:28:18.630 [main] INFO  admin-flow - Starting country save. countryId=null, countryName=Japan
16:28:18.678 [main] INFO  admin-flow - Country save completed. countryId=null, countryName=Japan
16:28:18.678 [main] INFO  admin-flow - Country save completed. countryId=null, countryName=Japan
16:28:18.703 [main] INFO  admin-flow - Loading admin news page. newsId=null
16:28:18.703 [main] INFO  admin-flow - Getting all news
16:28:18.703 [main] INFO  admin-flow - Returning all news
16:28:18.706 [main] INFO  admin-flow - Admin news page loaded. newsId=null
16:28:18.718 [main] INFO  admin-flow - Processing news save. newsId=null, title=Tomorrow holiday
16:28:18.719 [main] INFO  admin-flow - Starting news save. newsId=null, newsTitle=Tomorrow holiday
16:28:18.722 [main] INFO  admin-flow - News save completed. newsId=null, newsTitle=Tomorrow holiday
16:28:18.722 [main] INFO  admin-flow - News save completed. newsId=null, title=Tomorrow holiday
16:28:18.747 [main] INFO  admin-flow - Processing admin package save. packageId=null, packageName=gold package
16:28:18.753 [main] INFO  admin-flow - Starting package save. packageId=null, packageName=gold package
16:28:18.760 [main] INFO  admin-flow - Package save completed. packageId=103, packageName=gold package
16:28:18.760 [main] INFO  admin-flow - Admin package save completed. packageId=null, packageName=gold package
16:28:18.770 [main] INFO  admin-flow - Loading admin package page.
16:28:18.771 [main] INFO  admin-flow - Getting all packages
16:28:18.771 [main] INFO  admin-flow - Returning all packages
16:28:18.774 [main] INFO  admin-flow - Admin package page loaded.
16:28:18.795 [main] INFO  admin-flow - Processing admin product close. productId=2
16:28:18.796 [main] INFO  admin-flow - Starting admin product close. productId=2
16:28:18.798 [main] INFO  admin-flow - Admin product close completed. productId=2
16:28:18.798 [main] INFO  admin-flow - Admin product close completed. productId=2
16:28:18.810 [main] INFO  admin-flow - Loading admin product page. productId=null, status=null, sellerUsername=null
16:28:18.810 [main] INFO  admin-flow - Getting categories
16:28:18.810 [main] INFO  admin-flow - Returning categories
16:28:18.813 [main] INFO  admin-flow - Getting all products
16:28:18.813 [main] INFO  admin-flow - Returning all products
16:28:18.817 [main] INFO  admin-flow - Admin product page loaded. productId=null
16:28:18.828 [main] INFO  admin-flow - Processing admin product save. productId=null, productName=admin test item
16:28:18.829 [main] INFO  admin-flow - Starting admin product save. productId=null, productName=admin test item
16:28:18.835 [main] INFO  admin-flow - Admin product save completed. productId=171, productName=admin test item
16:28:18.835 [main] INFO  admin-flow - Admin product save completed. productId=null, productName=admin test item
16:28:18.848 [main] INFO  admin-flow - Loading admin report page.
16:28:18.848 [main] INFO  admin-flow - Admin report page loaded.
16:28:18.860 [main] INFO  admin-flow - Processing user lock. username=bidder1
16:28:18.860 [main] INFO  admin-flow - Starting user lock. username=bidder1
16:28:18.861 [main] INFO  admin-flow - User lock completed. username=bidder1
16:28:18.861 [main] INFO  admin-flow - User lock completed. username=bidder1
16:28:18.868 [main] INFO  admin-flow - Loading admin user page. userType=null
16:28:18.868 [main] INFO  admin-flow - Getting all users
16:28:18.868 [main] INFO  admin-flow - Returning all users
16:28:18.871 [main] INFO  admin-flow - Admin user page loaded. userType=null
16:28:18.882 [main] INFO  admin-flow - Loading admin user-package page. userPackageId=null
16:28:18.883 [main] INFO  admin-flow - Getting bidders.
16:28:18.884 [main] INFO  admin-flow - Getting packages.
16:28:18.886 [main] INFO  admin-flow - Getting all granted user package infos.
16:28:18.889 [main] INFO  admin-flow - Getting all package purchase request infos.
16:28:18.891 [main] INFO  admin-flow - Admin user-package page loaded. userPackageId=null
16:28:18.900 [main] INFO  admin-flow - Processing manual user-package assignment. username=bidder1, packageId=1
16:28:18.900 [main] INFO  admin-flow - Starting manual package assignment. username=bidder1, packageId=1
16:28:18.906 [main] INFO  admin-flow - Manual package assignment completed. username=bidder1, packageId=1
16:28:18.906 [main] INFO  admin-flow - Manual user-package assignment completed. username=bidder1, packageId=1
16:28:19.190 [main] INFO  admin-flow - Getting all bids for admin
16:28:19.190 [main] INFO  admin-flow - Returning all bids
16:28:19.203 [main] INFO  admin-flow - Getting all categories
16:28:19.203 [main] INFO  admin-flow - returning all categories
16:28:19.208 [main] INFO  admin-flow - Starting category save. catId=null, catName=Home Decor
16:28:19.210 [main] INFO  admin-flow - Category save completed. catId=56, catName=Home Decor
16:28:19.215 [main] INFO  admin-flow - Getting all countries
16:28:19.216 [main] INFO  admin-flow - Returning all countries
16:28:19.219 [main] INFO  admin-flow - Starting country save. countryId=null, countryName=Japan
16:28:19.221 [main] INFO  admin-flow - Country save completed. countryId=null, countryName=Japan
16:28:19.226 [main] INFO  admin-flow - Starting news save. newsId=null, newsTitle=Tomorrow holiday
16:28:19.228 [main] INFO  admin-flow - News save completed. newsId=null, newsTitle=Tomorrow holiday
16:28:19.233 [main] INFO  admin-flow - Getting all news
16:28:19.233 [main] INFO  admin-flow - Returning all news
16:28:19.239 [main] INFO  admin-flow - Getting all packages
16:28:19.239 [main] INFO  admin-flow - Returning all packages
16:28:19.246 [main] INFO  admin-flow - Starting package save. packageId=null, packageName=silver package
16:28:19.248 [main] INFO  admin-flow - Package save completed. packageId=104, packageName=silver package
16:28:19.253 [main] INFO  admin-flow - Starting admin product close. productId=2
16:28:19.254 [main] INFO  admin-flow - Admin product close completed. productId=2
16:28:19.259 [main] INFO  admin-flow - Starting admin product save. productId=null, productName=admin dao item
16:28:19.262 [main] INFO  admin-flow - Admin product save completed. productId=172, productName=admin dao item
16:28:19.266 [main] INFO  admin-flow - Getting all products
16:28:19.267 [main] INFO  admin-flow - Returning all products
16:28:19.279 [main] INFO  admin-flow - Getting confirmed bids report
16:28:19.280 [main] INFO  admin-flow - Returning confirmed bids report
16:28:19.288 [main] INFO  admin-flow - Getting user registration report
16:28:19.288 [main] INFO  admin-flow - Returning user registration report
16:28:19.294 [main] INFO  admin-flow - Getting bid report
16:28:19.294 [main] INFO  admin-flow - Returning bid report
16:28:19.301 [main] INFO  admin-flow - Getting auction report
16:28:19.301 [main] INFO  admin-flow - Returning auction report
16:28:19.313 [main] INFO  admin-flow - Getting all users
16:28:19.313 [main] INFO  admin-flow - Returning all users
16:28:19.319 [main] INFO  admin-flow - Starting user lock. username=bidder1
16:28:19.321 [main] INFO  admin-flow - User lock completed. username=bidder1
16:28:19.321 [main] INFO  admin-flow - Starting user unlock. username=bidder1
16:28:19.322 [main] INFO  admin-flow - User unlock completed. username=bidder1
16:28:19.334 [main] INFO  admin-flow - Starting manual package assignment. username=bidder1, packageId=1
16:28:19.339 [main] INFO  admin-flow - Manual package assignment completed. username=bidder1, packageId=1
16:28:19.345 [main] INFO  admin-flow - Getting all granted user package infos.
16:30:36.669 [main] INFO  admin-flow - Loading admin bid confirmations page.
16:30:36.669 [main] INFO  admin-flow - Getting all bids for admin
16:30:36.674 [main] INFO  admin-flow - Returning all bids
16:30:36.727 [main] INFO  admin-flow - Admin bid confirmations page loaded.
16:30:36.788 [main] INFO  admin-flow - Loading admin category page.
16:30:36.789 [main] INFO  admin-flow - Getting all categories
16:30:36.789 [main] INFO  admin-flow - returning all categories
16:30:36.792 [main] INFO  admin-flow - Admin category page loaded.
16:30:36.824 [main] INFO  admin-flow - Loading admin location page. countryId=null, stateId=null, cityId=null
16:30:36.824 [main] INFO  admin-flow - Getting all countries
16:30:36.824 [main] INFO  admin-flow - Returning all countries
16:30:36.830 [main] INFO  admin-flow - Getting all cities
16:30:36.830 [main] INFO  admin-flow - Returning all cities
16:30:36.833 [main] INFO  admin-flow - Admin location page loaded.
16:30:36.853 [main] INFO  admin-flow - Processing country save. countryId=null, countryName=Japan
16:30:36.854 [main] INFO  admin-flow - Starting country save. countryId=null, countryName=Japan
16:30:36.923 [main] INFO  admin-flow - Country save completed. countryId=null, countryName=Japan
16:30:36.923 [main] INFO  admin-flow - Country save completed. countryId=null, countryName=Japan
16:30:36.944 [main] INFO  admin-flow - Loading admin news page. newsId=null
16:30:36.944 [main] INFO  admin-flow - Getting all news
16:30:36.944 [main] INFO  admin-flow - Returning all news
16:30:36.947 [main] INFO  admin-flow - Admin news page loaded. newsId=null
16:30:36.958 [main] INFO  admin-flow - Processing news save. newsId=null, title=Tomorrow holiday
16:30:36.959 [main] INFO  admin-flow - Starting news save. newsId=null, newsTitle=Tomorrow holiday
16:30:36.961 [main] INFO  admin-flow - News save completed. newsId=null, newsTitle=Tomorrow holiday
16:30:36.961 [main] INFO  admin-flow - News save completed. newsId=null, title=Tomorrow holiday
16:30:36.986 [main] INFO  admin-flow - Processing admin package save. packageId=null, packageName=gold package
16:30:36.990 [main] INFO  admin-flow - Starting package save. packageId=null, packageName=gold package
16:30:36.995 [main] INFO  admin-flow - Package save completed. packageId=105, packageName=gold package
16:30:36.995 [main] INFO  admin-flow - Admin package save completed. packageId=null, packageName=gold package
16:30:37.003 [main] INFO  admin-flow - Loading admin package page.
16:30:37.003 [main] INFO  admin-flow - Getting all packages
16:30:37.003 [main] INFO  admin-flow - Returning all packages
16:30:37.005 [main] INFO  admin-flow - Admin package page loaded.
16:30:37.018 [main] INFO  admin-flow - Processing admin product close. productId=2
16:30:37.018 [main] INFO  admin-flow - Starting admin product close. productId=2
16:30:37.022 [main] INFO  admin-flow - Admin product close completed. productId=2
16:30:37.022 [main] INFO  admin-flow - Admin product close completed. productId=2
16:30:37.030 [main] INFO  admin-flow - Loading admin product page. productId=null, status=null, sellerUsername=null
16:30:37.031 [main] INFO  admin-flow - Getting categories
16:30:37.031 [main] INFO  admin-flow - Returning categories
16:30:37.035 [main] INFO  admin-flow - Getting all products
16:30:37.035 [main] INFO  admin-flow - Returning all products
16:30:37.040 [main] INFO  admin-flow - Admin product page loaded. productId=null
16:30:37.049 [main] INFO  admin-flow - Processing admin product save. productId=null, productName=admin test item
16:30:37.051 [main] INFO  admin-flow - Starting admin product save. productId=null, productName=admin test item
16:30:37.056 [main] INFO  admin-flow - Admin product save completed. productId=174, productName=admin test item
16:30:37.056 [main] INFO  admin-flow - Admin product save completed. productId=null, productName=admin test item
16:30:37.065 [main] INFO  admin-flow - Loading admin report page.
16:30:37.065 [main] INFO  admin-flow - Admin report page loaded.
16:30:37.077 [main] INFO  admin-flow - Processing user lock. username=bidder1
16:30:37.077 [main] INFO  admin-flow - Starting user lock. username=bidder1
16:30:37.078 [main] INFO  admin-flow - User lock completed. username=bidder1
16:30:37.078 [main] INFO  admin-flow - User lock completed. username=bidder1
16:30:37.086 [main] INFO  admin-flow - Loading admin user page. userType=null
16:30:37.086 [main] INFO  admin-flow - Getting all users
16:30:37.086 [main] INFO  admin-flow - Returning all users
16:30:37.089 [main] INFO  admin-flow - Admin user page loaded. userType=null
16:30:37.102 [main] INFO  admin-flow - Loading admin user-package page. userPackageId=null
16:30:37.102 [main] INFO  admin-flow - Getting bidders.
16:30:37.104 [main] INFO  admin-flow - Getting packages.
16:30:37.106 [main] INFO  admin-flow - Getting all granted user package infos.
16:30:37.110 [main] INFO  admin-flow - Getting all package purchase request infos.
16:30:37.113 [main] INFO  admin-flow - Admin user-package page loaded. userPackageId=null
16:30:37.124 [main] INFO  admin-flow - Processing manual user-package assignment. username=bidder1, packageId=1
16:30:37.124 [main] INFO  admin-flow - Starting manual package assignment. username=bidder1, packageId=1
16:30:37.132 [main] INFO  admin-flow - Manual package assignment completed. username=bidder1, packageId=1
16:30:37.132 [main] INFO  admin-flow - Manual user-package assignment completed. username=bidder1, packageId=1
16:30:37.436 [main] INFO  admin-flow - Getting all bids for admin
16:30:37.436 [main] INFO  admin-flow - Returning all bids
16:30:37.450 [main] INFO  admin-flow - Getting all categories
16:30:37.450 [main] INFO  admin-flow - returning all categories
16:30:37.456 [main] INFO  admin-flow - Starting category save. catId=null, catName=Home Decor
16:30:37.460 [main] INFO  admin-flow - Category save completed. catId=57, catName=Home Decor
16:30:37.471 [main] INFO  admin-flow - Getting all countries
16:30:37.471 [main] INFO  admin-flow - Returning all countries
16:30:37.477 [main] INFO  admin-flow - Starting country save. countryId=null, countryName=Japan
16:30:37.479 [main] INFO  admin-flow - Country save completed. countryId=null, countryName=Japan
16:30:37.485 [main] INFO  admin-flow - Starting news save. newsId=null, newsTitle=Tomorrow holiday
16:30:37.488 [main] INFO  admin-flow - News save completed. newsId=null, newsTitle=Tomorrow holiday
16:30:37.492 [main] INFO  admin-flow - Getting all news
16:30:37.492 [main] INFO  admin-flow - Returning all news
16:30:37.505 [main] INFO  admin-flow - Getting all packages
16:30:37.506 [main] INFO  admin-flow - Returning all packages
16:30:37.512 [main] INFO  admin-flow - Starting package save. packageId=null, packageName=silver package
16:30:37.514 [main] INFO  admin-flow - Package save completed. packageId=106, packageName=silver package
16:30:37.522 [main] INFO  admin-flow - Starting admin product close. productId=2
16:30:37.523 [main] INFO  admin-flow - Admin product close completed. productId=2
16:30:37.526 [main] INFO  admin-flow - Starting admin product save. productId=null, productName=admin dao item
16:30:37.529 [main] INFO  admin-flow - Admin product save completed. productId=175, productName=admin dao item
16:30:37.532 [main] INFO  admin-flow - Getting all products
16:30:37.533 [main] INFO  admin-flow - Returning all products
16:30:37.541 [main] INFO  admin-flow - Getting confirmed bids report
16:30:37.541 [main] INFO  admin-flow - Returning confirmed bids report
16:30:37.547 [main] INFO  admin-flow - Getting user registration report
16:30:37.547 [main] INFO  admin-flow - Returning user registration report
16:30:37.553 [main] INFO  admin-flow - Getting bid report
16:30:37.553 [main] INFO  admin-flow - Returning bid report
16:30:37.558 [main] INFO  admin-flow - Getting auction report
16:30:37.558 [main] INFO  admin-flow - Returning auction report
16:30:37.569 [main] INFO  admin-flow - Getting all users
16:30:37.569 [main] INFO  admin-flow - Returning all users
16:30:37.575 [main] INFO  admin-flow - Starting user lock. username=bidder1
16:30:37.576 [main] INFO  admin-flow - User lock completed. username=bidder1
16:30:37.576 [main] INFO  admin-flow - Starting user unlock. username=bidder1
16:30:37.577 [main] INFO  admin-flow - User unlock completed. username=bidder1
16:30:37.584 [main] INFO  admin-flow - Starting manual package assignment. username=bidder1, packageId=1
16:30:37.589 [main] INFO  admin-flow - Manual package assignment completed. username=bidder1, packageId=1
16:30:37.594 [main] INFO  admin-flow - Getting all granted user package infos.
16:37:10.603 [main] INFO  admin-flow - Loading admin bid confirmations page.
16:37:10.604 [main] INFO  admin-flow - Getting all bids for admin
16:37:10.609 [main] INFO  admin-flow - Returning all bids
16:37:10.669 [main] INFO  admin-flow - Admin bid confirmations page loaded.
16:37:10.729 [main] INFO  admin-flow - Loading admin category page.
16:37:10.730 [main] INFO  admin-flow - Getting all categories
16:37:10.730 [main] INFO  admin-flow - returning all categories
16:37:10.733 [main] INFO  admin-flow - Admin category page loaded.
16:37:10.756 [main] INFO  admin-flow - Loading admin location page. countryId=null, stateId=null, cityId=null
16:37:10.757 [main] INFO  admin-flow - Getting all countries
16:37:10.757 [main] INFO  admin-flow - Returning all countries
16:37:10.764 [main] INFO  admin-flow - Getting all cities
16:37:10.764 [main] INFO  admin-flow - Returning all cities
16:37:10.767 [main] INFO  admin-flow - Admin location page loaded.
16:37:10.784 [main] INFO  admin-flow - Processing country save. countryId=null, countryName=Japan
16:37:10.784 [main] INFO  admin-flow - Starting country save. countryId=null, countryName=Japan
16:37:10.842 [main] INFO  admin-flow - Country save completed. countryId=null, countryName=Japan
16:37:10.842 [main] INFO  admin-flow - Country save completed. countryId=null, countryName=Japan
16:37:10.867 [main] INFO  admin-flow - Loading admin news page. newsId=null
16:37:10.867 [main] INFO  admin-flow - Getting all news
16:37:10.867 [main] INFO  admin-flow - Returning all news
16:37:10.870 [main] INFO  admin-flow - Admin news page loaded. newsId=null
16:37:10.877 [main] INFO  admin-flow - Processing news save. newsId=null, title=Tomorrow holiday
16:37:10.877 [main] INFO  admin-flow - Starting news save. newsId=null, newsTitle=Tomorrow holiday
16:37:10.879 [main] INFO  admin-flow - News save completed. newsId=null, newsTitle=Tomorrow holiday
16:37:10.879 [main] INFO  admin-flow - News save completed. newsId=null, title=Tomorrow holiday
16:37:10.900 [main] INFO  admin-flow - Processing admin package save. packageId=null, packageName=gold package
16:37:10.907 [main] INFO  admin-flow - Starting package save. packageId=null, packageName=gold package
16:37:10.912 [main] INFO  admin-flow - Package save completed. packageId=107, packageName=gold package
16:37:10.912 [main] INFO  admin-flow - Admin package save completed. packageId=null, packageName=gold package
16:37:10.921 [main] INFO  admin-flow - Loading admin package page.
16:37:10.922 [main] INFO  admin-flow - Getting all packages
16:37:10.922 [main] INFO  admin-flow - Returning all packages
16:37:10.924 [main] INFO  admin-flow - Admin package page loaded.
16:37:10.940 [main] INFO  admin-flow - Processing admin product close. productId=2
16:37:10.940 [main] INFO  admin-flow - Starting admin product close. productId=2
16:37:10.942 [main] INFO  admin-flow - Admin product close completed. productId=2
16:37:10.942 [main] INFO  admin-flow - Admin product close completed. productId=2
16:37:10.954 [main] INFO  admin-flow - Loading admin product page. productId=null, status=null, sellerUsername=null
16:37:10.954 [main] INFO  admin-flow - Getting categories
16:37:10.954 [main] INFO  admin-flow - Returning categories
16:37:10.959 [main] INFO  admin-flow - Getting all products
16:37:10.959 [main] INFO  admin-flow - Returning all products
16:37:10.962 [main] INFO  admin-flow - Admin product page loaded. productId=null
16:37:10.973 [main] INFO  admin-flow - Processing admin product save. productId=null, productName=admin test item
16:37:10.975 [main] INFO  admin-flow - Starting admin product save. productId=null, productName=admin test item
16:37:10.980 [main] INFO  admin-flow - Admin product save completed. productId=177, productName=admin test item
16:37:10.980 [main] INFO  admin-flow - Admin product save completed. productId=null, productName=admin test item
16:37:10.996 [main] INFO  admin-flow - Loading admin report page.
16:37:10.996 [main] INFO  admin-flow - Admin report page loaded.
16:37:11.010 [main] INFO  admin-flow - Processing user lock. username=bidder1
16:37:11.010 [main] INFO  admin-flow - Starting user lock. username=bidder1
16:37:11.012 [main] INFO  admin-flow - User lock completed. username=bidder1
16:37:11.012 [main] INFO  admin-flow - User lock completed. username=bidder1
16:37:11.022 [main] INFO  admin-flow - Loading admin user page. userType=null
16:37:11.022 [main] INFO  admin-flow - Getting all users
16:37:11.022 [main] INFO  admin-flow - Returning all users
16:37:11.026 [main] INFO  admin-flow - Admin user page loaded. userType=null
16:37:11.037 [main] INFO  admin-flow - Loading admin user-package page. userPackageId=null
16:37:11.038 [main] INFO  admin-flow - Getting bidders.
16:37:11.039 [main] INFO  admin-flow - Getting packages.
16:37:11.041 [main] INFO  admin-flow - Getting all granted user package infos.
16:37:11.044 [main] INFO  admin-flow - Getting all package purchase request infos.
16:37:11.046 [main] INFO  admin-flow - Admin user-package page loaded. userPackageId=null
16:37:11.053 [main] INFO  admin-flow - Processing manual user-package assignment. username=bidder1, packageId=1
16:37:11.053 [main] INFO  admin-flow - Starting manual package assignment. username=bidder1, packageId=1
16:37:11.057 [main] INFO  admin-flow - Manual package assignment completed. username=bidder1, packageId=1
16:37:11.057 [main] INFO  admin-flow - Manual user-package assignment completed. username=bidder1, packageId=1
16:37:11.326 [main] INFO  admin-flow - Getting all bids for admin
16:37:11.326 [main] INFO  admin-flow - Returning all bids
16:37:11.339 [main] INFO  admin-flow - Getting all categories
16:37:11.339 [main] INFO  admin-flow - returning all categories
16:37:11.344 [main] INFO  admin-flow - Starting category save. catId=null, catName=Home Decor
16:37:11.346 [main] INFO  admin-flow - Category save completed. catId=58, catName=Home Decor
16:37:11.354 [main] INFO  admin-flow - Getting all countries
16:37:11.354 [main] INFO  admin-flow - Returning all countries
16:37:11.360 [main] INFO  admin-flow - Starting country save. countryId=null, countryName=Japan
16:37:11.362 [main] INFO  admin-flow - Country save completed. countryId=null, countryName=Japan
16:37:11.369 [main] INFO  admin-flow - Starting news save. newsId=null, newsTitle=Tomorrow holiday
16:37:11.371 [main] INFO  admin-flow - News save completed. newsId=null, newsTitle=Tomorrow holiday
16:37:11.375 [main] INFO  admin-flow - Getting all news
16:37:11.376 [main] INFO  admin-flow - Returning all news
16:37:11.383 [main] INFO  admin-flow - Getting all packages
16:37:11.383 [main] INFO  admin-flow - Returning all packages
16:37:11.390 [main] INFO  admin-flow - Starting package save. packageId=null, packageName=silver package
16:37:11.393 [main] INFO  admin-flow - Package save completed. packageId=108, packageName=silver package
16:37:11.402 [main] INFO  admin-flow - Starting admin product close. productId=2
16:37:11.403 [main] INFO  admin-flow - Admin product close completed. productId=2
16:37:11.408 [main] INFO  admin-flow - Starting admin product save. productId=null, productName=admin dao item
16:37:11.411 [main] INFO  admin-flow - Admin product save completed. productId=178, productName=admin dao item
16:37:11.416 [main] INFO  admin-flow - Getting all products
16:37:11.416 [main] INFO  admin-flow - Returning all products
16:37:11.428 [main] INFO  admin-flow - Getting confirmed bids report
16:37:11.428 [main] INFO  admin-flow - Returning confirmed bids report
16:37:11.437 [main] INFO  admin-flow - Getting user registration report
16:37:11.437 [main] INFO  admin-flow - Returning user registration report
16:37:11.444 [main] INFO  admin-flow - Getting bid report
16:37:11.445 [main] INFO  admin-flow - Returning bid report
16:37:11.451 [main] INFO  admin-flow - Getting auction report
16:37:11.452 [main] INFO  admin-flow - Returning auction report
16:37:11.462 [main] INFO  admin-flow - Getting all users
16:37:11.463 [main] INFO  admin-flow - Returning all users
16:37:11.470 [main] INFO  admin-flow - Starting user lock. username=bidder1
16:37:11.471 [main] INFO  admin-flow - User lock completed. username=bidder1
16:37:11.471 [main] INFO  admin-flow - Starting user unlock. username=bidder1
16:37:11.473 [main] INFO  admin-flow - User unlock completed. username=bidder1
16:37:11.478 [main] INFO  admin-flow - Starting manual package assignment. username=bidder1, packageId=1
16:37:11.483 [main] INFO  admin-flow - Manual package assignment completed. username=bidder1, packageId=1
16:37:11.489 [main] INFO  admin-flow - Getting all granted user package infos.
16:39:43.999 [main] INFO  admin-flow - Loading admin bid confirmations page.
16:39:43.999 [main] INFO  admin-flow - Getting all bids for admin
16:39:44.005 [main] INFO  admin-flow - Returning all bids
16:39:44.052 [main] INFO  admin-flow - Admin bid confirmations page loaded.
16:39:44.102 [main] INFO  admin-flow - Loading admin category page.
16:39:44.102 [main] INFO  admin-flow - Getting all categories
16:39:44.102 [main] INFO  admin-flow - returning all categories
16:39:44.105 [main] INFO  admin-flow - Admin category page loaded.
16:39:44.127 [main] INFO  admin-flow - Loading admin location page. countryId=null, stateId=null, cityId=null
16:39:44.127 [main] INFO  admin-flow - Getting all countries
16:39:44.128 [main] INFO  admin-flow - Returning all countries
16:39:44.133 [main] INFO  admin-flow - Getting all cities
16:39:44.134 [main] INFO  admin-flow - Returning all cities
16:39:44.136 [main] INFO  admin-flow - Admin location page loaded.
16:39:44.158 [main] INFO  admin-flow - Processing country save. countryId=null, countryName=Japan
16:39:44.158 [main] INFO  admin-flow - Starting country save. countryId=null, countryName=Japan
16:39:44.221 [main] INFO  admin-flow - Country save completed. countryId=null, countryName=Japan
16:39:44.221 [main] INFO  admin-flow - Country save completed. countryId=null, countryName=Japan
16:39:44.247 [main] INFO  admin-flow - Loading admin news page. newsId=null
16:39:44.248 [main] INFO  admin-flow - Getting all news
16:39:44.248 [main] INFO  admin-flow - Returning all news
16:39:44.251 [main] INFO  admin-flow - Admin news page loaded. newsId=null
16:39:44.262 [main] INFO  admin-flow - Processing news save. newsId=null, title=Tomorrow holiday
16:39:44.262 [main] INFO  admin-flow - Starting news save. newsId=null, newsTitle=Tomorrow holiday
16:39:44.266 [main] INFO  admin-flow - News save completed. newsId=null, newsTitle=Tomorrow holiday
16:39:44.266 [main] INFO  admin-flow - News save completed. newsId=null, title=Tomorrow holiday
16:39:44.292 [main] INFO  admin-flow - Processing admin package save. packageId=null, packageName=gold package
16:39:44.297 [main] INFO  admin-flow - Starting package save. packageId=null, packageName=gold package
16:39:44.303 [main] INFO  admin-flow - Package save completed. packageId=109, packageName=gold package
16:39:44.303 [main] INFO  admin-flow - Admin package save completed. packageId=null, packageName=gold package
16:39:44.313 [main] INFO  admin-flow - Loading admin package page.
16:39:44.314 [main] INFO  admin-flow - Getting all packages
16:39:44.314 [main] INFO  admin-flow - Returning all packages
16:39:44.315 [main] INFO  admin-flow - Admin package page loaded.
16:39:44.328 [main] INFO  admin-flow - Processing admin product close. productId=2
16:39:44.329 [main] INFO  admin-flow - Starting admin product close. productId=2
16:39:44.330 [main] INFO  admin-flow - Admin product close completed. productId=2
16:39:44.330 [main] INFO  admin-flow - Admin product close completed. productId=2
16:39:44.337 [main] INFO  admin-flow - Loading admin product page. productId=null, status=null, sellerUsername=null
16:39:44.338 [main] INFO  admin-flow - Getting categories
16:39:44.338 [main] INFO  admin-flow - Returning categories
16:39:44.342 [main] INFO  admin-flow - Getting all products
16:39:44.342 [main] INFO  admin-flow - Returning all products
16:39:44.346 [main] INFO  admin-flow - Admin product page loaded. productId=null
16:39:44.356 [main] INFO  admin-flow - Processing admin product save. productId=null, productName=admin test item
16:39:44.358 [main] INFO  admin-flow - Starting admin product save. productId=null, productName=admin test item
16:39:44.362 [main] INFO  admin-flow - Admin product save completed. productId=180, productName=admin test item
16:39:44.363 [main] INFO  admin-flow - Admin product save completed. productId=null, productName=admin test item
16:39:44.374 [main] INFO  admin-flow - Loading admin report page.
16:39:44.374 [main] INFO  admin-flow - Admin report page loaded.
16:39:44.386 [main] INFO  admin-flow - Processing user lock. username=bidder1
16:39:44.386 [main] INFO  admin-flow - Starting user lock. username=bidder1
16:39:44.389 [main] INFO  admin-flow - User lock completed. username=bidder1
16:39:44.389 [main] INFO  admin-flow - User lock completed. username=bidder1
16:39:44.398 [main] INFO  admin-flow - Loading admin user page. userType=null
16:39:44.398 [main] INFO  admin-flow - Getting all users
16:39:44.398 [main] INFO  admin-flow - Returning all users
16:39:44.401 [main] INFO  admin-flow - Admin user page loaded. userType=null
16:39:44.415 [main] INFO  admin-flow - Loading admin user-package page. userPackageId=null
16:39:44.415 [main] INFO  admin-flow - Getting bidders.
16:39:44.417 [main] INFO  admin-flow - Getting packages.
16:39:44.418 [main] INFO  admin-flow - Getting all granted user package infos.
16:39:44.421 [main] INFO  admin-flow - Getting all package purchase request infos.
16:39:44.423 [main] INFO  admin-flow - Admin user-package page loaded. userPackageId=null
16:39:44.431 [main] INFO  admin-flow - Processing manual user-package assignment. username=bidder1, packageId=1
16:39:44.431 [main] INFO  admin-flow - Starting manual package assignment. username=bidder1, packageId=1
16:39:44.436 [main] INFO  admin-flow - Manual package assignment completed. username=bidder1, packageId=1
16:39:44.436 [main] INFO  admin-flow - Manual user-package assignment completed. username=bidder1, packageId=1
16:39:44.720 [main] INFO  admin-flow - Getting all bids for admin
16:39:44.720 [main] INFO  admin-flow - Returning all bids
16:39:44.733 [main] INFO  admin-flow - Getting all categories
16:39:44.733 [main] INFO  admin-flow - returning all categories
16:39:44.739 [main] INFO  admin-flow - Starting category save. catId=null, catName=Home Decor
16:39:44.741 [main] INFO  admin-flow - Category save completed. catId=59, catName=Home Decor
16:39:44.748 [main] INFO  admin-flow - Getting all countries
16:39:44.749 [main] INFO  admin-flow - Returning all countries
16:39:44.753 [main] INFO  admin-flow - Starting country save. countryId=null, countryName=Japan
16:39:44.755 [main] INFO  admin-flow - Country save completed. countryId=null, countryName=Japan
16:39:44.763 [main] INFO  admin-flow - Starting news save. newsId=null, newsTitle=Tomorrow holiday
16:39:44.765 [main] INFO  admin-flow - News save completed. newsId=null, newsTitle=Tomorrow holiday
16:39:44.771 [main] INFO  admin-flow - Getting all news
16:39:44.771 [main] INFO  admin-flow - Returning all news
16:39:44.784 [main] INFO  admin-flow - Getting all packages
16:39:44.784 [main] INFO  admin-flow - Returning all packages
16:39:44.791 [main] INFO  admin-flow - Starting package save. packageId=null, packageName=silver package
16:39:44.794 [main] INFO  admin-flow - Package save completed. packageId=110, packageName=silver package
16:39:44.804 [main] INFO  admin-flow - Starting admin product close. productId=2
16:39:44.806 [main] INFO  admin-flow - Admin product close completed. productId=2
16:39:44.812 [main] INFO  admin-flow - Starting admin product save. productId=null, productName=admin dao item
16:39:44.817 [main] INFO  admin-flow - Admin product save completed. productId=181, productName=admin dao item
16:39:44.823 [main] INFO  admin-flow - Getting all products
16:39:44.823 [main] INFO  admin-flow - Returning all products
16:39:44.837 [main] INFO  admin-flow - Getting confirmed bids report
16:39:44.838 [main] INFO  admin-flow - Returning confirmed bids report
16:39:44.848 [main] INFO  admin-flow - Getting user registration report
16:39:44.848 [main] INFO  admin-flow - Returning user registration report
16:39:44.855 [main] INFO  admin-flow - Getting bid report
16:39:44.856 [main] INFO  admin-flow - Returning bid report
16:39:44.863 [main] INFO  admin-flow - Getting auction report
16:39:44.863 [main] INFO  admin-flow - Returning auction report
16:39:44.880 [main] INFO  admin-flow - Getting all users
16:39:44.880 [main] INFO  admin-flow - Returning all users
16:39:44.887 [main] INFO  admin-flow - Starting user lock. username=bidder1
16:39:44.888 [main] INFO  admin-flow - User lock completed. username=bidder1
16:39:44.888 [main] INFO  admin-flow - Starting user unlock. username=bidder1
16:39:44.890 [main] INFO  admin-flow - User unlock completed. username=bidder1
16:39:44.900 [main] INFO  admin-flow - Starting manual package assignment. username=bidder1, packageId=1
16:39:44.905 [main] INFO  admin-flow - Manual package assignment completed. username=bidder1, packageId=1
16:39:44.912 [main] INFO  admin-flow - Getting all granted user package infos.
16:58:37.176 [main] INFO  admin-flow - Loading admin bid confirmations page.
16:58:37.176 [main] INFO  admin-flow - Getting all bids for admin
16:58:37.182 [main] INFO  admin-flow - Returning all bids
16:58:37.231 [main] INFO  admin-flow - Admin bid confirmations page loaded.
16:58:37.293 [main] INFO  admin-flow - Loading admin category page.
16:58:37.293 [main] INFO  admin-flow - Getting all categories
16:58:37.293 [main] INFO  admin-flow - returning all categories
16:58:37.296 [main] INFO  admin-flow - Admin category page loaded.
16:58:37.325 [main] INFO  admin-flow - Loading admin location page. countryId=null, stateId=null, cityId=null
16:58:37.325 [main] INFO  admin-flow - Getting all countries
16:58:37.326 [main] INFO  admin-flow - Returning all countries
16:58:37.330 [main] INFO  admin-flow - Getting all cities
16:58:37.331 [main] INFO  admin-flow - Returning all cities
16:58:37.333 [main] INFO  admin-flow - Admin location page loaded.
16:58:37.351 [main] INFO  admin-flow - Processing country save. countryId=null, countryName=Japan
16:58:37.351 [main] INFO  admin-flow - Starting country save. countryId=null, countryName=Japan
16:58:37.401 [main] INFO  admin-flow - Country save completed. countryId=null, countryName=Japan
16:58:37.402 [main] INFO  admin-flow - Country save completed. countryId=null, countryName=Japan
16:58:37.425 [main] INFO  admin-flow - Loading admin news page. newsId=null
16:58:37.425 [main] INFO  admin-flow - Getting all news
16:58:37.425 [main] INFO  admin-flow - Returning all news
16:58:37.428 [main] INFO  admin-flow - Admin news page loaded. newsId=null
16:58:37.438 [main] INFO  admin-flow - Processing news save. newsId=null, title=Tomorrow holiday
16:58:37.438 [main] INFO  admin-flow - Starting news save. newsId=null, newsTitle=Tomorrow holiday
16:58:37.441 [main] INFO  admin-flow - News save completed. newsId=null, newsTitle=Tomorrow holiday
16:58:37.442 [main] INFO  admin-flow - News save completed. newsId=null, title=Tomorrow holiday
16:58:37.467 [main] INFO  admin-flow - Processing admin package save. packageId=null, packageName=gold package
16:58:37.473 [main] INFO  admin-flow - Starting package save. packageId=null, packageName=gold package
16:58:37.479 [main] INFO  admin-flow - Package save completed. packageId=111, packageName=gold package
16:58:37.479 [main] INFO  admin-flow - Admin package save completed. packageId=null, packageName=gold package
16:58:37.489 [main] INFO  admin-flow - Loading admin package page.
16:58:37.489 [main] INFO  admin-flow - Getting all packages
16:58:37.489 [main] INFO  admin-flow - Returning all packages
16:58:37.491 [main] INFO  admin-flow - Admin package page loaded.
16:58:37.509 [main] INFO  admin-flow - Processing admin product close. productId=2
16:58:37.509 [main] INFO  admin-flow - Starting admin product close. productId=2
16:58:37.512 [main] INFO  admin-flow - Admin product close completed. productId=2
16:58:37.512 [main] INFO  admin-flow - Admin product close completed. productId=2
16:58:37.521 [main] INFO  admin-flow - Loading admin product page. productId=null, status=null, sellerUsername=null
16:58:37.522 [main] INFO  admin-flow - Getting categories
16:58:37.522 [main] INFO  admin-flow - Returning categories
16:58:37.526 [main] INFO  admin-flow - Getting all products
16:58:37.526 [main] INFO  admin-flow - Returning all products
16:58:37.530 [main] INFO  admin-flow - Admin product page loaded. productId=null
16:58:37.541 [main] INFO  admin-flow - Processing admin product save. productId=null, productName=admin test item
16:58:37.543 [main] INFO  admin-flow - Starting admin product save. productId=null, productName=admin test item
16:58:37.549 [main] INFO  admin-flow - Admin product save completed. productId=183, productName=admin test item
16:58:37.549 [main] INFO  admin-flow - Admin product save completed. productId=null, productName=admin test item
16:58:37.561 [main] INFO  admin-flow - Loading admin report page.
16:58:37.561 [main] INFO  admin-flow - Admin report page loaded.
16:58:37.579 [main] INFO  admin-flow - Processing user lock. username=bidder1
16:58:37.580 [main] INFO  admin-flow - Starting user lock. username=bidder1
16:58:37.581 [main] INFO  admin-flow - User lock completed. username=bidder1
16:58:37.581 [main] INFO  admin-flow - User lock completed. username=bidder1
16:58:37.592 [main] INFO  admin-flow - Loading admin user page. userType=null
16:58:37.592 [main] INFO  admin-flow - Getting all users
16:58:37.593 [main] INFO  admin-flow - Returning all users
16:58:37.596 [main] INFO  admin-flow - Admin user page loaded. userType=null
16:58:37.610 [main] INFO  admin-flow - Loading admin user-package page. userPackageId=null
16:58:37.611 [main] INFO  admin-flow - Getting bidders.
16:58:37.612 [main] INFO  admin-flow - Getting packages.
16:58:37.614 [main] INFO  admin-flow - Getting all granted user package infos.
16:58:37.618 [main] INFO  admin-flow - Getting all package purchase request infos.
16:58:37.620 [main] INFO  admin-flow - Admin user-package page loaded. userPackageId=null
16:58:37.629 [main] INFO  admin-flow - Processing manual user-package assignment. username=bidder1, packageId=1
16:58:37.629 [main] INFO  admin-flow - Starting manual package assignment. username=bidder1, packageId=1
16:58:37.633 [main] INFO  admin-flow - Manual package assignment completed. username=bidder1, packageId=1
16:58:37.633 [main] INFO  admin-flow - Manual user-package assignment completed. username=bidder1, packageId=1
16:58:37.934 [main] INFO  admin-flow - Getting all bids for admin
16:58:37.935 [main] INFO  admin-flow - Returning all bids
16:58:37.951 [main] INFO  admin-flow - Getting all categories
16:58:37.951 [main] INFO  admin-flow - returning all categories
16:58:37.960 [main] INFO  admin-flow - Starting category save. catId=null, catName=Home Decor
16:58:37.963 [main] INFO  admin-flow - Category save completed. catId=60, catName=Home Decor
16:58:37.973 [main] INFO  admin-flow - Getting all countries
16:58:37.973 [main] INFO  admin-flow - Returning all countries
16:58:37.980 [main] INFO  admin-flow - Starting country save. countryId=null, countryName=Japan
16:58:37.983 [main] INFO  admin-flow - Country save completed. countryId=null, countryName=Japan
16:58:37.993 [main] INFO  admin-flow - Starting news save. newsId=null, newsTitle=Tomorrow holiday
16:58:37.996 [main] INFO  admin-flow - News save completed. newsId=null, newsTitle=Tomorrow holiday
16:58:38.001 [main] INFO  admin-flow - Getting all news
16:58:38.001 [main] INFO  admin-flow - Returning all news
16:58:38.009 [main] INFO  admin-flow - Getting all packages
16:58:38.009 [main] INFO  admin-flow - Returning all packages
16:58:38.016 [main] INFO  admin-flow - Starting package save. packageId=null, packageName=silver package
16:58:38.017 [main] INFO  admin-flow - Package save completed. packageId=112, packageName=silver package
16:58:38.023 [main] INFO  admin-flow - Starting admin product close. productId=2
16:58:38.025 [main] INFO  admin-flow - Admin product close completed. productId=2
16:58:38.031 [main] INFO  admin-flow - Starting admin product save. productId=null, productName=admin dao item
16:58:38.035 [main] INFO  admin-flow - Admin product save completed. productId=184, productName=admin dao item
16:58:38.041 [main] INFO  admin-flow - Getting all products
16:58:38.041 [main] INFO  admin-flow - Returning all products
16:58:38.053 [main] INFO  admin-flow - Getting confirmed bids report
16:58:38.054 [main] INFO  admin-flow - Returning confirmed bids report
16:58:38.062 [main] INFO  admin-flow - Getting user registration report
16:58:38.062 [main] INFO  admin-flow - Returning user registration report
16:58:38.070 [main] INFO  admin-flow - Getting bid report
16:58:38.071 [main] INFO  admin-flow - Returning bid report
16:58:38.078 [main] INFO  admin-flow - Getting auction report
16:58:38.078 [main] INFO  admin-flow - Returning auction report
16:58:38.092 [main] INFO  admin-flow - Getting all users
16:58:38.092 [main] INFO  admin-flow - Returning all users
16:58:38.099 [main] INFO  admin-flow - Starting user lock. username=bidder1
16:58:38.101 [main] INFO  admin-flow - User lock completed. username=bidder1
16:58:38.101 [main] INFO  admin-flow - Starting user unlock. username=bidder1
16:58:38.102 [main] INFO  admin-flow - User unlock completed. username=bidder1
16:58:38.115 [main] INFO  admin-flow - Starting manual package assignment. username=bidder1, packageId=1
16:58:38.119 [main] INFO  admin-flow - Manual package assignment completed. username=bidder1, packageId=1
16:58:38.125 [main] INFO  admin-flow - Getting all granted user package infos.
17:01:03.511 [main] INFO  admin-flow - Loading admin bid confirmations page.
17:01:03.511 [main] INFO  admin-flow - Getting all bids for admin
17:01:03.517 [main] INFO  admin-flow - Returning all bids
17:01:03.569 [main] INFO  admin-flow - Admin bid confirmations page loaded.
17:01:03.625 [main] INFO  admin-flow - Loading admin category page.
17:01:03.625 [main] INFO  admin-flow - Getting all categories
17:01:03.625 [main] INFO  admin-flow - returning all categories
17:01:03.628 [main] INFO  admin-flow - Admin category page loaded.
17:01:03.657 [main] INFO  admin-flow - Loading admin location page. countryId=null, stateId=null, cityId=null
17:01:03.657 [main] INFO  admin-flow - Getting all countries
17:01:03.657 [main] INFO  admin-flow - Returning all countries
17:01:03.664 [main] INFO  admin-flow - Getting all cities
17:01:03.664 [main] INFO  admin-flow - Returning all cities
17:01:03.668 [main] INFO  admin-flow - Admin location page loaded.
17:01:03.690 [main] INFO  admin-flow - Processing country save. countryId=null, countryName=Japan
17:01:03.691 [main] INFO  admin-flow - Starting country save. countryId=null, countryName=Japan
17:01:03.746 [main] INFO  admin-flow - Country save completed. countryId=null, countryName=Japan
17:01:03.746 [main] INFO  admin-flow - Country save completed. countryId=null, countryName=Japan
17:01:03.769 [main] INFO  admin-flow - Loading admin news page. newsId=null
17:01:03.769 [main] INFO  admin-flow - Getting all news
17:01:03.769 [main] INFO  admin-flow - Returning all news
17:01:03.772 [main] INFO  admin-flow - Admin news page loaded. newsId=null
17:01:03.783 [main] INFO  admin-flow - Processing news save. newsId=null, title=Tomorrow holiday
17:01:03.783 [main] INFO  admin-flow - Starting news save. newsId=null, newsTitle=Tomorrow holiday
17:01:03.787 [main] INFO  admin-flow - News save completed. newsId=null, newsTitle=Tomorrow holiday
17:01:03.787 [main] INFO  admin-flow - News save completed. newsId=null, title=Tomorrow holiday
17:01:03.809 [main] INFO  admin-flow - Processing admin package save. packageId=null, packageName=gold package
17:01:03.815 [main] INFO  admin-flow - Starting package save. packageId=null, packageName=gold package
17:01:03.821 [main] INFO  admin-flow - Package save completed. packageId=113, packageName=gold package
17:01:03.821 [main] INFO  admin-flow - Admin package save completed. packageId=null, packageName=gold package
17:01:03.828 [main] INFO  admin-flow - Loading admin package page.
17:01:03.828 [main] INFO  admin-flow - Getting all packages
17:01:03.828 [main] INFO  admin-flow - Returning all packages
17:01:03.830 [main] INFO  admin-flow - Admin package page loaded.
17:01:03.841 [main] INFO  admin-flow - Processing admin product close. productId=2
17:01:03.841 [main] INFO  admin-flow - Starting admin product close. productId=2
17:01:03.842 [main] INFO  admin-flow - Admin product close completed. productId=2
17:01:03.842 [main] INFO  admin-flow - Admin product close completed. productId=2
17:01:03.849 [main] INFO  admin-flow - Loading admin product page. productId=null, status=null, sellerUsername=null
17:01:03.849 [main] INFO  admin-flow - Getting categories
17:01:03.849 [main] INFO  admin-flow - Returning categories
17:01:03.853 [main] INFO  admin-flow - Getting all products
17:01:03.854 [main] INFO  admin-flow - Returning all products
17:01:03.857 [main] INFO  admin-flow - Admin product page loaded. productId=null
17:01:03.865 [main] INFO  admin-flow - Processing admin product save. productId=null, productName=admin test item
17:01:03.867 [main] INFO  admin-flow - Starting admin product save. productId=null, productName=admin test item
17:01:03.873 [main] INFO  admin-flow - Admin product save completed. productId=186, productName=admin test item
17:01:03.873 [main] INFO  admin-flow - Admin product save completed. productId=null, productName=admin test item
17:01:03.883 [main] INFO  admin-flow - Loading admin report page.
17:01:03.883 [main] INFO  admin-flow - Admin report page loaded.
17:01:03.895 [main] INFO  admin-flow - Processing user lock. username=bidder1
17:01:03.895 [main] INFO  admin-flow - Starting user lock. username=bidder1
17:01:03.896 [main] INFO  admin-flow - User lock completed. username=bidder1
17:01:03.896 [main] INFO  admin-flow - User lock completed. username=bidder1
17:01:03.906 [main] INFO  admin-flow - Loading admin user page. userType=null
17:01:03.906 [main] INFO  admin-flow - Getting all users
17:01:03.906 [main] INFO  admin-flow - Returning all users
17:01:03.909 [main] INFO  admin-flow - Admin user page loaded. userType=null
17:01:03.923 [main] INFO  admin-flow - Loading admin user-package page. userPackageId=null
17:01:03.923 [main] INFO  admin-flow - Getting bidders.
17:01:03.925 [main] INFO  admin-flow - Getting packages.
17:01:03.926 [main] INFO  admin-flow - Getting all granted user package infos.
17:01:03.928 [main] INFO  admin-flow - Getting all package purchase request infos.
17:01:03.929 [main] INFO  admin-flow - Admin user-package page loaded. userPackageId=null
17:01:03.940 [main] INFO  admin-flow - Processing manual user-package assignment. username=bidder1, packageId=1
17:01:03.940 [main] INFO  admin-flow - Starting manual package assignment. username=bidder1, packageId=1
17:01:03.943 [main] INFO  admin-flow - Manual package assignment completed. username=bidder1, packageId=1
17:01:03.944 [main] INFO  admin-flow - Manual user-package assignment completed. username=bidder1, packageId=1
17:01:04.209 [main] INFO  admin-flow - Getting all bids for admin
17:01:04.209 [main] INFO  admin-flow - Returning all bids
17:01:04.220 [main] INFO  admin-flow - Getting all categories
17:01:04.220 [main] INFO  admin-flow - returning all categories
17:01:04.228 [main] INFO  admin-flow - Starting category save. catId=null, catName=Home Decor
17:01:04.230 [main] INFO  admin-flow - Category save completed. catId=61, catName=Home Decor
17:01:04.238 [main] INFO  admin-flow - Getting all countries
17:01:04.238 [main] INFO  admin-flow - Returning all countries
17:01:04.244 [main] INFO  admin-flow - Starting country save. countryId=null, countryName=Japan
17:01:04.246 [main] INFO  admin-flow - Country save completed. countryId=null, countryName=Japan
17:01:04.256 [main] INFO  admin-flow - Starting news save. newsId=null, newsTitle=Tomorrow holiday
17:01:04.258 [main] INFO  admin-flow - News save completed. newsId=null, newsTitle=Tomorrow holiday
17:01:04.264 [main] INFO  admin-flow - Getting all news
17:01:04.264 [main] INFO  admin-flow - Returning all news
17:01:04.273 [main] INFO  admin-flow - Getting all packages
17:01:04.273 [main] INFO  admin-flow - Returning all packages
17:01:04.280 [main] INFO  admin-flow - Starting package save. packageId=null, packageName=silver package
17:01:04.283 [main] INFO  admin-flow - Package save completed. packageId=114, packageName=silver package
17:01:04.289 [main] INFO  admin-flow - Starting admin product close. productId=2
17:01:04.290 [main] INFO  admin-flow - Admin product close completed. productId=2
17:01:04.296 [main] INFO  admin-flow - Starting admin product save. productId=null, productName=admin dao item
17:01:04.301 [main] INFO  admin-flow - Admin product save completed. productId=187, productName=admin dao item
17:01:04.308 [main] INFO  admin-flow - Getting all products
17:01:04.308 [main] INFO  admin-flow - Returning all products
17:01:04.323 [main] INFO  admin-flow - Getting confirmed bids report
17:01:04.324 [main] INFO  admin-flow - Returning confirmed bids report
17:01:04.331 [main] INFO  admin-flow - Getting user registration report
17:01:04.332 [main] INFO  admin-flow - Returning user registration report
17:01:04.340 [main] INFO  admin-flow - Getting bid report
17:01:04.340 [main] INFO  admin-flow - Returning bid report
17:01:04.347 [main] INFO  admin-flow - Getting auction report
17:01:04.347 [main] INFO  admin-flow - Returning auction report
17:01:04.358 [main] INFO  admin-flow - Getting all users
17:01:04.358 [main] INFO  admin-flow - Returning all users
17:01:04.366 [main] INFO  admin-flow - Starting user lock. username=bidder1
17:01:04.368 [main] INFO  admin-flow - User lock completed. username=bidder1
17:01:04.368 [main] INFO  admin-flow - Starting user unlock. username=bidder1
17:01:04.369 [main] INFO  admin-flow - User unlock completed. username=bidder1
17:01:04.378 [main] INFO  admin-flow - Starting manual package assignment. username=bidder1, packageId=1
17:01:04.382 [main] INFO  admin-flow - Manual package assignment completed. username=bidder1, packageId=1
17:01:04.387 [main] INFO  admin-flow - Getting all granted user package infos.
17:14:29.672 [main] INFO  admin-flow - Loading admin bid confirmations page.
17:14:29.672 [main] INFO  admin-flow - Getting all bids for admin
17:14:29.681 [main] INFO  admin-flow - Returning all bids
17:14:29.737 [main] INFO  admin-flow - Admin bid confirmations page loaded.
17:14:29.801 [main] INFO  admin-flow - Loading admin category page.
17:14:29.801 [main] INFO  admin-flow - Getting all categories
17:14:29.801 [main] INFO  admin-flow - returning all categories
17:14:29.804 [main] INFO  admin-flow - Admin category page loaded.
17:14:29.834 [main] INFO  admin-flow - Loading admin location page. countryId=null, stateId=null, cityId=null
17:14:29.834 [main] INFO  admin-flow - Getting all countries
17:14:29.834 [main] INFO  admin-flow - Returning all countries
17:14:29.840 [main] INFO  admin-flow - Getting all cities
17:14:29.841 [main] INFO  admin-flow - Returning all cities
17:14:29.844 [main] INFO  admin-flow - Admin location page loaded.
17:14:29.868 [main] INFO  admin-flow - Processing country save. countryId=null, countryName=Japan
17:14:29.868 [main] INFO  admin-flow - Starting country save. countryId=null, countryName=Japan
17:14:29.926 [main] INFO  admin-flow - Country save completed. countryId=null, countryName=Japan
17:14:29.926 [main] INFO  admin-flow - Country save completed. countryId=null, countryName=Japan
17:14:29.948 [main] INFO  admin-flow - Loading admin news page. newsId=null
17:14:29.949 [main] INFO  admin-flow - Getting all news
17:14:29.949 [main] INFO  admin-flow - Returning all news
17:14:29.952 [main] INFO  admin-flow - Admin news page loaded. newsId=null
17:14:29.963 [main] INFO  admin-flow - Processing news save. newsId=null, title=Tomorrow holiday
17:14:29.963 [main] INFO  admin-flow - Starting news save. newsId=null, newsTitle=Tomorrow holiday
17:14:29.967 [main] INFO  admin-flow - News save completed. newsId=null, newsTitle=Tomorrow holiday
17:14:29.967 [main] INFO  admin-flow - News save completed. newsId=null, title=Tomorrow holiday
17:14:29.992 [main] INFO  admin-flow - Processing admin package save. packageId=null, packageName=gold package
17:14:29.998 [main] INFO  admin-flow - Starting package save. packageId=null, packageName=gold package
17:14:30.003 [main] INFO  admin-flow - Package save completed. packageId=115, packageName=gold package
17:14:30.003 [main] INFO  admin-flow - Admin package save completed. packageId=null, packageName=gold package
17:14:30.013 [main] INFO  admin-flow - Loading admin package page.
17:14:30.013 [main] INFO  admin-flow - Getting all packages
17:14:30.013 [main] INFO  admin-flow - Returning all packages
17:14:30.017 [main] INFO  admin-flow - Admin package page loaded.
17:14:30.035 [main] INFO  admin-flow - Processing admin product close. productId=2
17:14:30.035 [main] INFO  admin-flow - Starting admin product close. productId=2
17:14:30.036 [main] INFO  admin-flow - Admin product close completed. productId=2
17:14:30.037 [main] INFO  admin-flow - Admin product close completed. productId=2
17:14:30.044 [main] INFO  admin-flow - Loading admin product page. productId=null, status=null, sellerUsername=null
17:14:30.045 [main] INFO  admin-flow - Getting categories
17:14:30.045 [main] INFO  admin-flow - Returning categories
17:14:30.050 [main] INFO  admin-flow - Getting all products
17:14:30.051 [main] INFO  admin-flow - Returning all products
17:14:30.055 [main] INFO  admin-flow - Admin product page loaded. productId=null
17:14:30.069 [main] INFO  admin-flow - Processing admin product save. productId=null, productName=admin test item
17:14:30.074 [main] INFO  admin-flow - Starting admin product save. productId=null, productName=admin test item
17:14:30.081 [main] INFO  admin-flow - Admin product save completed. productId=189, productName=admin test item
17:14:30.081 [main] INFO  admin-flow - Admin product save completed. productId=null, productName=admin test item
17:14:30.097 [main] INFO  admin-flow - Loading admin report page.
17:14:30.097 [main] INFO  admin-flow - Admin report page loaded.
17:14:30.112 [main] INFO  admin-flow - Processing user lock. username=bidder1
17:14:30.112 [main] INFO  admin-flow - Starting user lock. username=bidder1
17:14:30.113 [main] INFO  admin-flow - User lock completed. username=bidder1
17:14:30.113 [main] INFO  admin-flow - User lock completed. username=bidder1
17:14:30.124 [main] INFO  admin-flow - Loading admin user page. userType=null
17:14:30.125 [main] INFO  admin-flow - Getting all users
17:14:30.125 [main] INFO  admin-flow - Returning all users
17:14:30.129 [main] INFO  admin-flow - Admin user page loaded. userType=null
17:14:30.143 [main] INFO  admin-flow - Loading admin user-package page. userPackageId=null
17:14:30.143 [main] INFO  admin-flow - Getting bidders.
17:14:30.145 [main] INFO  admin-flow - Getting packages.
17:14:30.147 [main] INFO  admin-flow - Getting all granted user package infos.
17:14:30.150 [main] INFO  admin-flow - Getting all package purchase request infos.
17:14:30.152 [main] INFO  admin-flow - Admin user-package page loaded. userPackageId=null
17:14:30.162 [main] INFO  admin-flow - Processing manual user-package assignment. username=bidder1, packageId=1
17:14:30.162 [main] INFO  admin-flow - Starting manual package assignment. username=bidder1, packageId=1
17:14:30.169 [main] INFO  admin-flow - Manual package assignment completed. username=bidder1, packageId=1
17:14:30.169 [main] INFO  admin-flow - Manual user-package assignment completed. username=bidder1, packageId=1
17:14:30.453 [main] INFO  admin-flow - Getting all bids for admin
17:14:30.453 [main] INFO  admin-flow - Returning all bids
17:14:30.467 [main] INFO  admin-flow - Getting all categories
17:14:30.467 [main] INFO  admin-flow - returning all categories
17:14:30.473 [main] INFO  admin-flow - Starting category save. catId=null, catName=Home Decor
17:14:30.475 [main] INFO  admin-flow - Category save completed. catId=62, catName=Home Decor
17:14:30.482 [main] INFO  admin-flow - Getting all countries
17:14:30.482 [main] INFO  admin-flow - Returning all countries
17:14:30.489 [main] INFO  admin-flow - Starting country save. countryId=null, countryName=Japan
17:14:30.492 [main] INFO  admin-flow - Country save completed. countryId=null, countryName=Japan
17:14:30.501 [main] INFO  admin-flow - Starting news save. newsId=null, newsTitle=Tomorrow holiday
17:14:30.504 [main] INFO  admin-flow - News save completed. newsId=null, newsTitle=Tomorrow holiday
17:14:30.511 [main] INFO  admin-flow - Getting all news
17:14:30.511 [main] INFO  admin-flow - Returning all news
17:14:30.523 [main] INFO  admin-flow - Getting all packages
17:14:30.523 [main] INFO  admin-flow - Returning all packages
17:14:30.530 [main] INFO  admin-flow - Starting package save. packageId=null, packageName=silver package
17:14:30.533 [main] INFO  admin-flow - Package save completed. packageId=116, packageName=silver package
17:14:30.544 [main] INFO  admin-flow - Starting admin product close. productId=2
17:14:30.545 [main] INFO  admin-flow - Admin product close completed. productId=2
17:14:30.551 [main] INFO  admin-flow - Starting admin product save. productId=null, productName=admin dao item
17:14:30.554 [main] INFO  admin-flow - Admin product save completed. productId=190, productName=admin dao item
17:14:30.559 [main] INFO  admin-flow - Getting all products
17:14:30.559 [main] INFO  admin-flow - Returning all products
17:14:30.569 [main] INFO  admin-flow - Getting confirmed bids report
17:14:30.569 [main] INFO  admin-flow - Returning confirmed bids report
17:14:30.578 [main] INFO  admin-flow - Getting user registration report
17:14:30.579 [main] INFO  admin-flow - Returning user registration report
17:14:30.587 [main] INFO  admin-flow - Getting bid report
17:14:30.587 [main] INFO  admin-flow - Returning bid report
17:14:30.595 [main] INFO  admin-flow - Getting auction report
17:14:30.595 [main] INFO  admin-flow - Returning auction report
17:14:30.608 [main] INFO  admin-flow - Getting all users
17:14:30.608 [main] INFO  admin-flow - Returning all users
17:14:30.618 [main] INFO  admin-flow - Starting user lock. username=bidder1
17:14:30.619 [main] INFO  admin-flow - User lock completed. username=bidder1
17:14:30.619 [main] INFO  admin-flow - Starting user unlock. username=bidder1
17:14:30.620 [main] INFO  admin-flow - User unlock completed. username=bidder1
17:14:30.630 [main] INFO  admin-flow - Starting manual package assignment. username=bidder1, packageId=1
17:14:30.635 [main] INFO  admin-flow - Manual package assignment completed. username=bidder1, packageId=1
17:14:30.641 [main] INFO  admin-flow - Getting all granted user package infos.
17:31:21.890 [main] INFO  admin-flow - Loading admin bid confirmations page.
17:31:21.891 [main] INFO  admin-flow - Getting all bids for admin
17:31:21.897 [main] INFO  admin-flow - Returning all bids
17:31:21.942 [main] INFO  admin-flow - Admin bid confirmations page loaded.
17:31:22.004 [main] INFO  admin-flow - Loading admin category page.
17:31:22.005 [main] INFO  admin-flow - Getting all categories
17:31:22.005 [main] INFO  admin-flow - returning all categories
17:31:22.007 [main] INFO  admin-flow - Admin category page loaded.
17:31:22.033 [main] INFO  admin-flow - Loading admin location page. countryId=null, stateId=null, cityId=null
17:31:22.033 [main] INFO  admin-flow - Getting all countries
17:31:22.034 [main] INFO  admin-flow - Returning all countries
17:31:22.039 [main] INFO  admin-flow - Getting all cities
17:31:22.039 [main] INFO  admin-flow - Returning all cities
17:31:22.043 [main] INFO  admin-flow - Admin location page loaded.
17:31:22.064 [main] INFO  admin-flow - Processing country save. countryId=null, countryName=Japan
17:31:22.064 [main] INFO  admin-flow - Starting country save. countryId=null, countryName=Japan
17:31:22.126 [main] INFO  admin-flow - Country save completed. countryId=null, countryName=Japan
17:31:22.127 [main] INFO  admin-flow - Country save completed. countryId=null, countryName=Japan
17:31:22.149 [main] INFO  admin-flow - Loading admin news page. newsId=null
17:31:22.149 [main] INFO  admin-flow - Getting all news
17:31:22.149 [main] INFO  admin-flow - Returning all news
17:31:22.152 [main] INFO  admin-flow - Admin news page loaded. newsId=null
17:31:22.161 [main] INFO  admin-flow - Processing news save. newsId=null, title=Tomorrow holiday
17:31:22.162 [main] INFO  admin-flow - Starting news save. newsId=null, newsTitle=Tomorrow holiday
17:31:22.164 [main] INFO  admin-flow - News save completed. newsId=null, newsTitle=Tomorrow holiday
17:31:22.164 [main] INFO  admin-flow - News save completed. newsId=null, title=Tomorrow holiday
17:31:22.182 [main] INFO  admin-flow - Processing admin package save. packageId=null, packageName=gold package
17:31:22.186 [main] INFO  admin-flow - Starting package save. packageId=null, packageName=gold package
17:31:22.191 [main] INFO  admin-flow - Package save completed. packageId=117, packageName=gold package
17:31:22.191 [main] INFO  admin-flow - Admin package save completed. packageId=null, packageName=gold package
17:31:22.199 [main] INFO  admin-flow - Loading admin package page.
17:31:22.199 [main] INFO  admin-flow - Getting all packages
17:31:22.199 [main] INFO  admin-flow - Returning all packages
17:31:22.201 [main] INFO  admin-flow - Admin package page loaded.
17:31:22.214 [main] INFO  admin-flow - Processing admin product close. productId=2
17:31:22.214 [main] INFO  admin-flow - Starting admin product close. productId=2
17:31:22.216 [main] INFO  admin-flow - Admin product close completed. productId=2
17:31:22.216 [main] INFO  admin-flow - Admin product close completed. productId=2
17:31:22.227 [main] INFO  admin-flow - Loading admin product page. productId=null, status=null, sellerUsername=null
17:31:22.228 [main] INFO  admin-flow - Getting categories
17:31:22.228 [main] INFO  admin-flow - Returning categories
17:31:22.232 [main] INFO  admin-flow - Getting all products
17:31:22.232 [main] INFO  admin-flow - Returning all products
17:31:22.234 [main] INFO  admin-flow - Admin product page loaded. productId=null
17:31:22.247 [main] INFO  admin-flow - Processing admin product save. productId=null, productName=admin test item
17:31:22.248 [main] INFO  admin-flow - Starting admin product save. productId=null, productName=admin test item
17:31:22.253 [main] INFO  admin-flow - Admin product save completed. productId=192, productName=admin test item
17:31:22.253 [main] INFO  admin-flow - Admin product save completed. productId=null, productName=admin test item
17:31:22.264 [main] INFO  admin-flow - Loading admin report page.
17:31:22.264 [main] INFO  admin-flow - Admin report page loaded.
17:31:22.276 [main] INFO  admin-flow - Processing user lock. username=bidder1
17:31:22.276 [main] INFO  admin-flow - Starting user lock. username=bidder1
17:31:22.277 [main] INFO  admin-flow - User lock completed. username=bidder1
17:31:22.277 [main] INFO  admin-flow - User lock completed. username=bidder1
17:31:22.286 [main] INFO  admin-flow - Loading admin user page. userType=null
17:31:22.286 [main] INFO  admin-flow - Getting all users
17:31:22.286 [main] INFO  admin-flow - Returning all users
17:31:22.289 [main] INFO  admin-flow - Admin user page loaded. userType=null
17:31:22.300 [main] INFO  admin-flow - Loading admin user-package page. userPackageId=null
17:31:22.300 [main] INFO  admin-flow - Getting bidders.
17:31:22.302 [main] INFO  admin-flow - Getting packages.
17:31:22.304 [main] INFO  admin-flow - Getting all granted user package infos.
17:31:22.307 [main] INFO  admin-flow - Getting all package purchase request infos.
17:31:22.309 [main] INFO  admin-flow - Admin user-package page loaded. userPackageId=null
17:31:22.317 [main] INFO  admin-flow - Processing manual user-package assignment. username=bidder1, packageId=1
17:31:22.317 [main] INFO  admin-flow - Starting manual package assignment. username=bidder1, packageId=1
17:31:22.321 [main] INFO  admin-flow - Manual package assignment completed. username=bidder1, packageId=1
17:31:22.322 [main] INFO  admin-flow - Manual user-package assignment completed. username=bidder1, packageId=1
17:31:22.583 [main] INFO  admin-flow - Getting all bids for admin
17:31:22.584 [main] INFO  admin-flow - Returning all bids
17:31:22.598 [main] INFO  admin-flow - Getting all categories
17:31:22.599 [main] INFO  admin-flow - returning all categories
17:31:22.603 [main] INFO  admin-flow - Starting category save. catId=null, catName=Home Decor
17:31:22.605 [main] INFO  admin-flow - Category save completed. catId=63, catName=Home Decor
17:31:22.612 [main] INFO  admin-flow - Getting all countries
17:31:22.612 [main] INFO  admin-flow - Returning all countries
17:31:22.617 [main] INFO  admin-flow - Starting country save. countryId=null, countryName=Japan
17:31:22.618 [main] INFO  admin-flow - Country save completed. countryId=null, countryName=Japan
17:31:22.623 [main] INFO  admin-flow - Starting news save. newsId=null, newsTitle=Tomorrow holiday
17:31:22.626 [main] INFO  admin-flow - News save completed. newsId=null, newsTitle=Tomorrow holiday
17:31:22.630 [main] INFO  admin-flow - Getting all news
17:31:22.631 [main] INFO  admin-flow - Returning all news
17:31:22.636 [main] INFO  admin-flow - Getting all packages
17:31:22.636 [main] INFO  admin-flow - Returning all packages
17:31:22.641 [main] INFO  admin-flow - Starting package save. packageId=null, packageName=silver package
17:31:22.643 [main] INFO  admin-flow - Package save completed. packageId=118, packageName=silver package
17:31:22.648 [main] INFO  admin-flow - Starting admin product close. productId=2
17:31:22.649 [main] INFO  admin-flow - Admin product close completed. productId=2
17:31:22.653 [main] INFO  admin-flow - Starting admin product save. productId=null, productName=admin dao item
17:31:22.659 [main] INFO  admin-flow - Admin product save completed. productId=193, productName=admin dao item
17:31:22.664 [main] INFO  admin-flow - Getting all products
17:31:22.664 [main] INFO  admin-flow - Returning all products
17:31:22.676 [main] INFO  admin-flow - Getting confirmed bids report
17:31:22.676 [main] INFO  admin-flow - Returning confirmed bids report
17:31:22.684 [main] INFO  admin-flow - Getting user registration report
17:31:22.685 [main] INFO  admin-flow - Returning user registration report
17:31:22.693 [main] INFO  admin-flow - Getting bid report
17:31:22.693 [main] INFO  admin-flow - Returning bid report
17:31:22.700 [main] INFO  admin-flow - Getting auction report
17:31:22.700 [main] INFO  admin-flow - Returning auction report
17:31:22.713 [main] INFO  admin-flow - Getting all users
17:31:22.713 [main] INFO  admin-flow - Returning all users
17:31:22.722 [main] INFO  admin-flow - Starting user lock. username=bidder1
17:31:22.723 [main] INFO  admin-flow - User lock completed. username=bidder1
17:31:22.723 [main] INFO  admin-flow - Starting user unlock. username=bidder1
17:31:22.726 [main] INFO  admin-flow - User unlock completed. username=bidder1
17:31:22.732 [main] INFO  admin-flow - Starting manual package assignment. username=bidder1, packageId=1
17:31:22.737 [main] INFO  admin-flow - Manual package assignment completed. username=bidder1, packageId=1
17:31:22.743 [main] INFO  admin-flow - Getting all granted user package infos.
18:00:32.232 [main] INFO  admin-flow - Loading admin bid confirmations page.
18:00:32.233 [main] INFO  admin-flow - Getting all bids for admin
18:00:32.239 [main] INFO  admin-flow - Returning all bids
18:00:32.294 [main] INFO  admin-flow - Admin bid confirmations page loaded.
18:00:32.355 [main] INFO  admin-flow - Loading admin category page.
18:00:32.355 [main] INFO  admin-flow - Getting all categories
18:00:32.355 [main] INFO  admin-flow - returning all categories
18:00:32.358 [main] INFO  admin-flow - Admin category page loaded.
18:00:32.384 [main] INFO  admin-flow - Loading admin location page. countryId=null, stateId=null, cityId=null
18:00:32.384 [main] INFO  admin-flow - Getting all countries
18:00:32.384 [main] INFO  admin-flow - Returning all countries
18:00:32.392 [main] INFO  admin-flow - Getting all cities
18:00:32.392 [main] INFO  admin-flow - Returning all cities
18:00:32.395 [main] INFO  admin-flow - Admin location page loaded.
18:00:32.413 [main] INFO  admin-flow - Processing country save. countryId=null, countryName=Japan
18:00:32.413 [main] INFO  admin-flow - Starting country save. countryId=null, countryName=Japan
18:00:32.480 [main] INFO  admin-flow - Country save completed. countryId=null, countryName=Japan
18:00:32.480 [main] INFO  admin-flow - Country save completed. countryId=null, countryName=Japan
18:00:32.505 [main] INFO  admin-flow - Loading admin news page. newsId=null
18:00:32.505 [main] INFO  admin-flow - Getting all news
18:00:32.505 [main] INFO  admin-flow - Returning all news
18:00:32.508 [main] INFO  admin-flow - Admin news page loaded. newsId=null
18:00:32.520 [main] INFO  admin-flow - Processing news save. newsId=null, title=Tomorrow holiday
18:00:32.520 [main] INFO  admin-flow - Starting news save. newsId=null, newsTitle=Tomorrow holiday
18:00:32.524 [main] INFO  admin-flow - News save completed. newsId=null, newsTitle=Tomorrow holiday
18:00:32.524 [main] INFO  admin-flow - News save completed. newsId=null, title=Tomorrow holiday
18:00:32.550 [main] INFO  admin-flow - Processing admin package save. packageId=null, packageName=gold package
18:00:32.556 [main] INFO  admin-flow - Starting package save. packageId=null, packageName=gold package
18:00:32.562 [main] INFO  admin-flow - Package save completed. packageId=119, packageName=gold package
18:00:32.563 [main] INFO  admin-flow - Admin package save completed. packageId=null, packageName=gold package
18:00:32.572 [main] INFO  admin-flow - Loading admin package page.
18:00:32.572 [main] INFO  admin-flow - Getting all packages
18:00:32.572 [main] INFO  admin-flow - Returning all packages
18:00:32.575 [main] INFO  admin-flow - Admin package page loaded.
18:00:32.591 [main] INFO  admin-flow - Processing admin product close. productId=2
18:00:32.592 [main] INFO  admin-flow - Starting admin product close. productId=2
18:00:32.594 [main] INFO  admin-flow - Admin product close completed. productId=2
18:00:32.594 [main] INFO  admin-flow - Admin product close completed. productId=2
18:00:32.603 [main] INFO  admin-flow - Loading admin product page. productId=null, status=null, sellerUsername=null
18:00:32.604 [main] INFO  admin-flow - Getting categories
18:00:32.604 [main] INFO  admin-flow - Returning categories
18:00:32.610 [main] INFO  admin-flow - Getting all products
18:00:32.610 [main] INFO  admin-flow - Returning all products
18:00:32.616 [main] INFO  admin-flow - Admin product page loaded. productId=null
18:00:32.631 [main] INFO  admin-flow - Processing admin product save. productId=null, productName=admin test item
18:00:32.632 [main] INFO  admin-flow - Starting admin product save. productId=null, productName=admin test item
18:00:32.639 [main] INFO  admin-flow - Admin product save completed. productId=195, productName=admin test item
18:00:32.639 [main] INFO  admin-flow - Admin product save completed. productId=null, productName=admin test item
18:00:32.649 [main] INFO  admin-flow - Loading admin report page.
18:00:32.649 [main] INFO  admin-flow - Admin report page loaded.
18:00:32.664 [main] INFO  admin-flow - Processing user lock. username=bidder1
18:00:32.664 [main] INFO  admin-flow - Starting user lock. username=bidder1
18:00:32.665 [main] INFO  admin-flow - User lock completed. username=bidder1
18:00:32.666 [main] INFO  admin-flow - User lock completed. username=bidder1
18:00:32.675 [main] INFO  admin-flow - Loading admin user page. userType=null
18:00:32.675 [main] INFO  admin-flow - Getting all users
18:00:32.676 [main] INFO  admin-flow - Returning all users
18:00:32.678 [main] INFO  admin-flow - Admin user page loaded. userType=null
18:00:32.690 [main] INFO  admin-flow - Loading admin user-package page. userPackageId=null
18:00:32.691 [main] INFO  admin-flow - Getting bidders.
18:00:32.693 [main] INFO  admin-flow - Getting packages.
18:00:32.695 [main] INFO  admin-flow - Getting all granted user package infos.
18:00:32.699 [main] INFO  admin-flow - Getting all package purchase request infos.
18:00:32.702 [main] INFO  admin-flow - Admin user-package page loaded. userPackageId=null
18:00:32.713 [main] INFO  admin-flow - Processing manual user-package assignment. username=bidder1, packageId=1
18:00:32.713 [main] INFO  admin-flow - Starting manual package assignment. username=bidder1, packageId=1
18:00:32.720 [main] INFO  admin-flow - Manual package assignment completed. username=bidder1, packageId=1
18:00:32.720 [main] INFO  admin-flow - Manual user-package assignment completed. username=bidder1, packageId=1
18:00:33.024 [main] INFO  admin-flow - Getting all bids for admin
18:00:33.024 [main] INFO  admin-flow - Returning all bids
18:00:33.041 [main] INFO  admin-flow - Getting all categories
18:00:33.041 [main] INFO  admin-flow - returning all categories
18:00:33.047 [main] INFO  admin-flow - Starting category save. catId=null, catName=Home Decor
18:00:33.049 [main] INFO  admin-flow - Category save completed. catId=64, catName=Home Decor
18:00:33.060 [main] INFO  admin-flow - Getting all countries
18:00:33.061 [main] INFO  admin-flow - Returning all countries
18:00:33.066 [main] INFO  admin-flow - Starting country save. countryId=null, countryName=Japan
18:00:33.068 [main] INFO  admin-flow - Country save completed. countryId=null, countryName=Japan
18:00:33.077 [main] INFO  admin-flow - Starting news save. newsId=null, newsTitle=Tomorrow holiday
18:00:33.079 [main] INFO  admin-flow - News save completed. newsId=null, newsTitle=Tomorrow holiday
18:00:33.084 [main] INFO  admin-flow - Getting all news
18:00:33.085 [main] INFO  admin-flow - Returning all news
18:00:33.095 [main] INFO  admin-flow - Getting all packages
18:00:33.095 [main] INFO  admin-flow - Returning all packages
18:00:33.103 [main] INFO  admin-flow - Starting package save. packageId=null, packageName=silver package
18:00:33.106 [main] INFO  admin-flow - Package save completed. packageId=120, packageName=silver package
18:00:33.117 [main] INFO  admin-flow - Starting admin product close. productId=2
18:00:33.119 [main] INFO  admin-flow - Admin product close completed. productId=2
18:00:33.127 [main] INFO  admin-flow - Starting admin product save. productId=null, productName=admin dao item
18:00:33.131 [main] INFO  admin-flow - Admin product save completed. productId=196, productName=admin dao item
18:00:33.138 [main] INFO  admin-flow - Getting all products
18:00:33.138 [main] INFO  admin-flow - Returning all products
18:00:33.151 [main] INFO  admin-flow - Getting confirmed bids report
18:00:33.152 [main] INFO  admin-flow - Returning confirmed bids report
18:00:33.162 [main] INFO  admin-flow - Getting user registration report
18:00:33.162 [main] INFO  admin-flow - Returning user registration report
18:00:33.172 [main] INFO  admin-flow - Getting bid report
18:00:33.172 [main] INFO  admin-flow - Returning bid report
18:00:33.181 [main] INFO  admin-flow - Getting auction report
18:00:33.181 [main] INFO  admin-flow - Returning auction report
18:00:33.194 [main] INFO  admin-flow - Getting all users
18:00:33.194 [main] INFO  admin-flow - Returning all users
18:00:33.201 [main] INFO  admin-flow - Starting user lock. username=bidder1
18:00:33.203 [main] INFO  admin-flow - User lock completed. username=bidder1
18:00:33.203 [main] INFO  admin-flow - Starting user unlock. username=bidder1
18:00:33.205 [main] INFO  admin-flow - User unlock completed. username=bidder1
18:00:33.213 [main] INFO  admin-flow - Starting manual package assignment. username=bidder1, packageId=1
18:00:33.217 [main] INFO  admin-flow - Manual package assignment completed. username=bidder1, packageId=1
18:00:33.222 [main] INFO  admin-flow - Getting all granted user package infos.
18:08:45.081 [main] INFO  admin-flow - Loading admin bid confirmations page.
18:08:45.081 [main] INFO  admin-flow - Getting all bids for admin
18:08:45.086 [main] INFO  admin-flow - Returning all bids
18:08:45.136 [main] INFO  admin-flow - Admin bid confirmations page loaded.
18:08:45.190 [main] INFO  admin-flow - Loading admin category page.
18:08:45.190 [main] INFO  admin-flow - Getting all categories
18:08:45.190 [main] INFO  admin-flow - returning all categories
18:08:45.193 [main] INFO  admin-flow - Admin category page loaded.
18:08:45.220 [main] INFO  admin-flow - Loading admin location page. countryId=null, stateId=null, cityId=null
18:08:45.220 [main] INFO  admin-flow - Getting all countries
18:08:45.220 [main] INFO  admin-flow - Returning all countries
18:08:45.224 [main] INFO  admin-flow - Getting all cities
18:08:45.224 [main] INFO  admin-flow - Returning all cities
18:08:45.227 [main] INFO  admin-flow - Admin location page loaded.
18:08:45.248 [main] INFO  admin-flow - Processing country save. countryId=null, countryName=Japan
18:08:45.248 [main] INFO  admin-flow - Starting country save. countryId=null, countryName=Japan
18:08:45.296 [main] INFO  admin-flow - Country save completed. countryId=null, countryName=Japan
18:08:45.296 [main] INFO  admin-flow - Country save completed. countryId=null, countryName=Japan
18:08:45.320 [main] INFO  admin-flow - Loading admin news page. newsId=null
18:08:45.320 [main] INFO  admin-flow - Getting all news
18:08:45.320 [main] INFO  admin-flow - Returning all news
18:08:45.323 [main] INFO  admin-flow - Admin news page loaded. newsId=null
18:08:45.336 [main] INFO  admin-flow - Processing news save. newsId=null, title=Tomorrow holiday
18:08:45.336 [main] INFO  admin-flow - Starting news save. newsId=null, newsTitle=Tomorrow holiday
18:08:45.341 [main] INFO  admin-flow - News save completed. newsId=null, newsTitle=Tomorrow holiday
18:08:45.341 [main] INFO  admin-flow - News save completed. newsId=null, title=Tomorrow holiday
18:08:45.371 [main] INFO  admin-flow - Processing admin package save. packageId=null, packageName=gold package
18:08:45.376 [main] INFO  admin-flow - Starting package save. packageId=null, packageName=gold package
18:08:45.382 [main] INFO  admin-flow - Package save completed. packageId=121, packageName=gold package
18:08:45.382 [main] INFO  admin-flow - Admin package save completed. packageId=null, packageName=gold package
18:08:45.389 [main] INFO  admin-flow - Loading admin package page.
18:08:45.389 [main] INFO  admin-flow - Getting all packages
18:08:45.389 [main] INFO  admin-flow - Returning all packages
18:08:45.391 [main] INFO  admin-flow - Admin package page loaded.
18:08:45.405 [main] INFO  admin-flow - Processing admin product close. productId=2
18:08:45.406 [main] INFO  admin-flow - Starting admin product close. productId=2
18:08:45.408 [main] INFO  admin-flow - Admin product close completed. productId=2
18:08:45.409 [main] INFO  admin-flow - Admin product close completed. productId=2
18:08:45.420 [main] INFO  admin-flow - Loading admin product page. productId=null, status=null, sellerUsername=null
18:08:45.421 [main] INFO  admin-flow - Getting categories
18:08:45.421 [main] INFO  admin-flow - Returning categories
18:08:45.424 [main] INFO  admin-flow - Getting all products
18:08:45.424 [main] INFO  admin-flow - Returning all products
18:08:45.427 [main] INFO  admin-flow - Admin product page loaded. productId=null
18:08:45.439 [main] INFO  admin-flow - Processing admin product save. productId=null, productName=admin test item
18:08:45.441 [main] INFO  admin-flow - Starting admin product save. productId=null, productName=admin test item
18:08:45.445 [main] INFO  admin-flow - Admin product save completed. productId=198, productName=admin test item
18:08:45.446 [main] INFO  admin-flow - Admin product save completed. productId=null, productName=admin test item
18:08:45.456 [main] INFO  admin-flow - Loading admin report page.
18:08:45.456 [main] INFO  admin-flow - Admin report page loaded.
18:08:45.466 [main] INFO  admin-flow - Processing user lock. username=bidder1
18:08:45.466 [main] INFO  admin-flow - Starting user lock. username=bidder1
18:08:45.468 [main] INFO  admin-flow - User lock completed. username=bidder1
18:08:45.468 [main] INFO  admin-flow - User lock completed. username=bidder1
18:08:45.477 [main] INFO  admin-flow - Loading admin user page. userType=null
18:08:45.478 [main] INFO  admin-flow - Getting all users
18:08:45.478 [main] INFO  admin-flow - Returning all users
18:08:45.482 [main] INFO  admin-flow - Admin user page loaded. userType=null
18:08:45.494 [main] INFO  admin-flow - Loading admin user-package page. userPackageId=null
18:08:45.494 [main] INFO  admin-flow - Getting bidders.
18:08:45.497 [main] INFO  admin-flow - Getting packages.
18:08:45.498 [main] INFO  admin-flow - Getting all granted user package infos.
18:08:45.501 [main] INFO  admin-flow - Getting all package purchase request infos.
18:08:45.502 [main] INFO  admin-flow - Admin user-package page loaded. userPackageId=null
18:08:45.509 [main] INFO  admin-flow - Processing manual user-package assignment. username=bidder1, packageId=1
18:08:45.509 [main] INFO  admin-flow - Starting manual package assignment. username=bidder1, packageId=1
18:08:45.514 [main] INFO  admin-flow - Manual package assignment completed. username=bidder1, packageId=1
18:08:45.514 [main] INFO  admin-flow - Manual user-package assignment completed. username=bidder1, packageId=1
18:08:45.784 [main] INFO  admin-flow - Getting all bids for admin
18:08:45.785 [main] INFO  admin-flow - Returning all bids
18:08:45.799 [main] INFO  admin-flow - Getting all categories
18:08:45.800 [main] INFO  admin-flow - returning all categories
18:08:45.804 [main] INFO  admin-flow - Starting category save. catId=null, catName=Home Decor
18:08:45.806 [main] INFO  admin-flow - Category save completed. catId=65, catName=Home Decor
18:08:45.814 [main] INFO  admin-flow - Getting all countries
18:08:45.815 [main] INFO  admin-flow - Returning all countries
18:08:45.822 [main] INFO  admin-flow - Starting country save. countryId=null, countryName=Japan
18:08:45.824 [main] INFO  admin-flow - Country save completed. countryId=null, countryName=Japan
18:08:45.834 [main] INFO  admin-flow - Starting news save. newsId=null, newsTitle=Tomorrow holiday
18:08:45.837 [main] INFO  admin-flow - News save completed. newsId=null, newsTitle=Tomorrow holiday
18:08:45.842 [main] INFO  admin-flow - Getting all news
18:08:45.843 [main] INFO  admin-flow - Returning all news
18:08:45.851 [main] INFO  admin-flow - Getting all packages
18:08:45.851 [main] INFO  admin-flow - Returning all packages
18:08:45.859 [main] INFO  admin-flow - Starting package save. packageId=null, packageName=silver package
18:08:45.861 [main] INFO  admin-flow - Package save completed. packageId=122, packageName=silver package
18:08:45.870 [main] INFO  admin-flow - Starting admin product close. productId=2
18:08:45.871 [main] INFO  admin-flow - Admin product close completed. productId=2
18:08:45.877 [main] INFO  admin-flow - Starting admin product save. productId=null, productName=admin dao item
18:08:45.882 [main] INFO  admin-flow - Admin product save completed. productId=199, productName=admin dao item
18:08:45.888 [main] INFO  admin-flow - Getting all products
18:08:45.888 [main] INFO  admin-flow - Returning all products
18:08:45.902 [main] INFO  admin-flow - Getting confirmed bids report
18:08:45.902 [main] INFO  admin-flow - Returning confirmed bids report
18:08:45.910 [main] INFO  admin-flow - Getting user registration report
18:08:45.910 [main] INFO  admin-flow - Returning user registration report
18:08:45.918 [main] INFO  admin-flow - Getting bid report
18:08:45.918 [main] INFO  admin-flow - Returning bid report
18:08:45.927 [main] INFO  admin-flow - Getting auction report
18:08:45.927 [main] INFO  admin-flow - Returning auction report
18:08:45.941 [main] INFO  admin-flow - Getting all users
18:08:45.942 [main] INFO  admin-flow - Returning all users
18:08:45.951 [main] INFO  admin-flow - Starting user lock. username=bidder1
18:08:45.953 [main] INFO  admin-flow - User lock completed. username=bidder1
18:08:45.953 [main] INFO  admin-flow - Starting user unlock. username=bidder1
18:08:45.954 [main] INFO  admin-flow - User unlock completed. username=bidder1
18:08:45.966 [main] INFO  admin-flow - Starting manual package assignment. username=bidder1, packageId=1
18:08:45.973 [main] INFO  admin-flow - Manual package assignment completed. username=bidder1, packageId=1
18:08:45.979 [main] INFO  admin-flow - Getting all granted user package infos.
18:12:59.672 [main] INFO  admin-flow - Loading admin bid confirmations page.
18:12:59.672 [main] INFO  admin-flow - Getting all bids for admin
18:12:59.678 [main] INFO  admin-flow - Returning all bids
18:12:59.722 [main] INFO  admin-flow - Admin bid confirmations page loaded.
18:12:59.775 [main] INFO  admin-flow - Loading admin category page.
18:12:59.775 [main] INFO  admin-flow - Getting all categories
18:12:59.775 [main] INFO  admin-flow - returning all categories
18:12:59.778 [main] INFO  admin-flow - Admin category page loaded.
18:12:59.811 [main] INFO  admin-flow - Loading admin location page. countryId=null, stateId=null, cityId=null
18:12:59.812 [main] INFO  admin-flow - Getting all countries
18:12:59.812 [main] INFO  admin-flow - Returning all countries
18:12:59.819 [main] INFO  admin-flow - Getting all cities
18:12:59.819 [main] INFO  admin-flow - Returning all cities
18:12:59.822 [main] INFO  admin-flow - Admin location page loaded.
18:12:59.843 [main] INFO  admin-flow - Processing country save. countryId=null, countryName=Japan
18:12:59.843 [main] INFO  admin-flow - Starting country save. countryId=null, countryName=Japan
18:12:59.899 [main] INFO  admin-flow - Country save completed. countryId=null, countryName=Japan
18:12:59.899 [main] INFO  admin-flow - Country save completed. countryId=null, countryName=Japan
18:12:59.924 [main] INFO  admin-flow - Loading admin news page. newsId=null
18:12:59.924 [main] INFO  admin-flow - Getting all news
18:12:59.924 [main] INFO  admin-flow - Returning all news
18:12:59.927 [main] INFO  admin-flow - Admin news page loaded. newsId=null
18:12:59.936 [main] INFO  admin-flow - Processing news save. newsId=null, title=Tomorrow holiday
18:12:59.936 [main] INFO  admin-flow - Starting news save. newsId=null, newsTitle=Tomorrow holiday
18:12:59.939 [main] INFO  admin-flow - News save completed. newsId=null, newsTitle=Tomorrow holiday
18:12:59.939 [main] INFO  admin-flow - News save completed. newsId=null, title=Tomorrow holiday
18:12:59.963 [main] INFO  admin-flow - Processing admin package save. packageId=null, packageName=gold package
18:12:59.970 [main] INFO  admin-flow - Starting package save. packageId=null, packageName=gold package
18:12:59.975 [main] INFO  admin-flow - Package save completed. packageId=123, packageName=gold package
18:12:59.975 [main] INFO  admin-flow - Admin package save completed. packageId=null, packageName=gold package
18:12:59.982 [main] INFO  admin-flow - Loading admin package page.
18:12:59.982 [main] INFO  admin-flow - Getting all packages
18:12:59.983 [main] INFO  admin-flow - Returning all packages
18:12:59.985 [main] INFO  admin-flow - Admin package page loaded.
18:12:59.999 [main] INFO  admin-flow - Processing admin product close. productId=2
18:13:00.000 [main] INFO  admin-flow - Starting admin product close. productId=2
18:13:00.003 [main] INFO  admin-flow - Admin product close completed. productId=2
18:13:00.003 [main] INFO  admin-flow - Admin product close completed. productId=2
18:13:00.014 [main] INFO  admin-flow - Loading admin product page. productId=null, status=null, sellerUsername=null
18:13:00.014 [main] INFO  admin-flow - Getting categories
18:13:00.014 [main] INFO  admin-flow - Returning categories
18:13:00.020 [main] INFO  admin-flow - Getting all products
18:13:00.020 [main] INFO  admin-flow - Returning all products
18:13:00.024 [main] INFO  admin-flow - Admin product page loaded. productId=null
18:13:00.037 [main] INFO  admin-flow - Processing admin product save. productId=null, productName=admin test item
18:13:00.039 [main] INFO  admin-flow - Starting admin product save. productId=null, productName=admin test item
18:13:00.044 [main] INFO  admin-flow - Admin product save completed. productId=201, productName=admin test item
18:13:00.044 [main] INFO  admin-flow - Admin product save completed. productId=null, productName=admin test item
18:13:00.057 [main] INFO  admin-flow - Loading admin report page.
18:13:00.057 [main] INFO  admin-flow - Admin report page loaded.
18:13:00.071 [main] INFO  admin-flow - Processing user lock. username=bidder1
18:13:00.071 [main] INFO  admin-flow - Starting user lock. username=bidder1
18:13:00.073 [main] INFO  admin-flow - User lock completed. username=bidder1
18:13:00.073 [main] INFO  admin-flow - User lock completed. username=bidder1
18:13:00.084 [main] INFO  admin-flow - Loading admin user page. userType=null
18:13:00.084 [main] INFO  admin-flow - Getting all users
18:13:00.084 [main] INFO  admin-flow - Returning all users
18:13:00.088 [main] INFO  admin-flow - Admin user page loaded. userType=null
18:13:00.103 [main] INFO  admin-flow - Loading admin user-package page. userPackageId=null
18:13:00.103 [main] INFO  admin-flow - Getting bidders.
18:13:00.104 [main] INFO  admin-flow - Getting packages.
18:13:00.105 [main] INFO  admin-flow - Getting all granted user package infos.
18:13:00.107 [main] INFO  admin-flow - Getting all package purchase request infos.
18:13:00.108 [main] INFO  admin-flow - Admin user-package page loaded. userPackageId=null
18:13:00.116 [main] INFO  admin-flow - Processing manual user-package assignment. username=bidder1, packageId=1
18:13:00.116 [main] INFO  admin-flow - Starting manual package assignment. username=bidder1, packageId=1
18:13:00.121 [main] INFO  admin-flow - Manual package assignment completed. username=bidder1, packageId=1
18:13:00.122 [main] INFO  admin-flow - Manual user-package assignment completed. username=bidder1, packageId=1
18:13:00.382 [main] INFO  admin-flow - Getting all bids for admin
18:13:00.382 [main] INFO  admin-flow - Returning all bids
18:13:00.397 [main] INFO  admin-flow - Getting all categories
18:13:00.397 [main] INFO  admin-flow - returning all categories
18:13:00.403 [main] INFO  admin-flow - Starting category save. catId=null, catName=Home Decor
18:13:00.406 [main] INFO  admin-flow - Category save completed. catId=66, catName=Home Decor
18:13:00.414 [main] INFO  admin-flow - Getting all countries
18:13:00.414 [main] INFO  admin-flow - Returning all countries
18:13:00.420 [main] INFO  admin-flow - Starting country save. countryId=null, countryName=Japan
18:13:00.422 [main] INFO  admin-flow - Country save completed. countryId=null, countryName=Japan
18:13:00.433 [main] INFO  admin-flow - Starting news save. newsId=null, newsTitle=Tomorrow holiday
18:13:00.435 [main] INFO  admin-flow - News save completed. newsId=null, newsTitle=Tomorrow holiday
18:13:00.440 [main] INFO  admin-flow - Getting all news
18:13:00.440 [main] INFO  admin-flow - Returning all news
18:13:00.451 [main] INFO  admin-flow - Getting all packages
18:13:00.451 [main] INFO  admin-flow - Returning all packages
18:13:00.457 [main] INFO  admin-flow - Starting package save. packageId=null, packageName=silver package
18:13:00.459 [main] INFO  admin-flow - Package save completed. packageId=124, packageName=silver package
18:13:00.466 [main] INFO  admin-flow - Starting admin product close. productId=2
18:13:00.467 [main] INFO  admin-flow - Admin product close completed. productId=2
18:13:00.471 [main] INFO  admin-flow - Starting admin product save. productId=null, productName=admin dao item
18:13:00.475 [main] INFO  admin-flow - Admin product save completed. productId=202, productName=admin dao item
18:13:00.480 [main] INFO  admin-flow - Getting all products
18:13:00.481 [main] INFO  admin-flow - Returning all products
18:13:00.492 [main] INFO  admin-flow - Getting confirmed bids report
18:13:00.492 [main] INFO  admin-flow - Returning confirmed bids report
18:13:00.499 [main] INFO  admin-flow - Getting user registration report
18:13:00.499 [main] INFO  admin-flow - Returning user registration report
18:13:00.508 [main] INFO  admin-flow - Getting bid report
18:13:00.508 [main] INFO  admin-flow - Returning bid report
18:13:00.515 [main] INFO  admin-flow - Getting auction report
18:13:00.516 [main] INFO  admin-flow - Returning auction report
18:13:00.529 [main] INFO  admin-flow - Getting all users
18:13:00.529 [main] INFO  admin-flow - Returning all users
18:13:00.537 [main] INFO  admin-flow - Starting user lock. username=bidder1
18:13:00.538 [main] INFO  admin-flow - User lock completed. username=bidder1
18:13:00.538 [main] INFO  admin-flow - Starting user unlock. username=bidder1
18:13:00.540 [main] INFO  admin-flow - User unlock completed. username=bidder1
18:13:00.547 [main] INFO  admin-flow - Starting manual package assignment. username=bidder1, packageId=1
18:13:00.551 [main] INFO  admin-flow - Manual package assignment completed. username=bidder1, packageId=1
18:13:00.557 [main] INFO  admin-flow - Getting all granted user package infos.
19:01:08.786 [main] INFO  admin-flow - Loading admin bid confirmations page.
19:01:08.787 [main] INFO  admin-flow - Getting all bids for admin
19:01:08.793 [main] INFO  admin-flow - Returning all bids
19:01:08.840 [main] INFO  admin-flow - Admin bid confirmations page loaded.
19:01:08.892 [main] INFO  admin-flow - Loading admin category page.
19:01:08.893 [main] INFO  admin-flow - Getting all categories
19:01:08.893 [main] INFO  admin-flow - returning all categories
19:01:08.896 [main] INFO  admin-flow - Admin category page loaded.
19:01:08.919 [main] INFO  admin-flow - Loading admin location page. countryId=null, stateId=null, cityId=null
19:01:08.920 [main] INFO  admin-flow - Getting all countries
19:01:08.920 [main] INFO  admin-flow - Returning all countries
19:01:08.926 [main] INFO  admin-flow - Getting all cities
19:01:08.926 [main] INFO  admin-flow - Returning all cities
19:01:08.930 [main] INFO  admin-flow - Admin location page loaded.
19:01:08.951 [main] INFO  admin-flow - Processing country save. countryId=null, countryName=Japan
19:01:08.951 [main] INFO  admin-flow - Starting country save. countryId=null, countryName=Japan
19:01:09.014 [main] INFO  admin-flow - Country save completed. countryId=null, countryName=Japan
19:01:09.014 [main] INFO  admin-flow - Country save completed. countryId=null, countryName=Japan
19:01:09.041 [main] INFO  admin-flow - Loading admin news page. newsId=null
19:01:09.042 [main] INFO  admin-flow - Getting all news
19:01:09.042 [main] INFO  admin-flow - Returning all news
19:01:09.044 [main] INFO  admin-flow - Admin news page loaded. newsId=null
19:01:09.055 [main] INFO  admin-flow - Processing news save. newsId=null, title=Tomorrow holiday
19:01:09.055 [main] INFO  admin-flow - Starting news save. newsId=null, newsTitle=Tomorrow holiday
19:01:09.059 [main] INFO  admin-flow - News save completed. newsId=null, newsTitle=Tomorrow holiday
19:01:09.059 [main] INFO  admin-flow - News save completed. newsId=null, title=Tomorrow holiday
19:01:09.084 [main] INFO  admin-flow - Processing admin package save. packageId=null, packageName=gold package
19:01:09.090 [main] INFO  admin-flow - Starting package save. packageId=null, packageName=gold package
19:01:09.096 [main] INFO  admin-flow - Package save completed. packageId=125, packageName=gold package
19:01:09.097 [main] INFO  admin-flow - Admin package save completed. packageId=null, packageName=gold package
19:01:09.105 [main] INFO  admin-flow - Loading admin package page.
19:01:09.105 [main] INFO  admin-flow - Getting all packages
19:01:09.105 [main] INFO  admin-flow - Returning all packages
19:01:09.107 [main] INFO  admin-flow - Admin package page loaded.
19:01:09.121 [main] INFO  admin-flow - Processing admin product close. productId=2
19:01:09.121 [main] INFO  admin-flow - Starting admin product close. productId=2
19:01:09.123 [main] INFO  admin-flow - Admin product close completed. productId=2
19:01:09.124 [main] INFO  admin-flow - Admin product close completed. productId=2
19:01:09.135 [main] INFO  admin-flow - Loading admin product page. productId=null, status=null, sellerUsername=null
19:01:09.135 [main] INFO  admin-flow - Getting categories
19:01:09.135 [main] INFO  admin-flow - Returning categories
19:01:09.138 [main] INFO  admin-flow - Getting all products
19:01:09.139 [main] INFO  admin-flow - Returning all products
19:01:09.143 [main] INFO  admin-flow - Admin product page loaded. productId=null
19:01:09.153 [main] INFO  admin-flow - Processing admin product save. productId=null, productName=admin test item
19:01:09.155 [main] INFO  admin-flow - Starting admin product save. productId=null, productName=admin test item
19:01:09.160 [main] INFO  admin-flow - Admin product save completed. productId=204, productName=admin test item
19:01:09.160 [main] INFO  admin-flow - Admin product save completed. productId=null, productName=admin test item
19:01:09.172 [main] INFO  admin-flow - Loading admin report page.
19:01:09.172 [main] INFO  admin-flow - Admin report page loaded.
19:01:09.183 [main] INFO  admin-flow - Processing user lock. username=bidder1
19:01:09.184 [main] INFO  admin-flow - Starting user lock. username=bidder1
19:01:09.185 [main] INFO  admin-flow - User lock completed. username=bidder1
19:01:09.185 [main] INFO  admin-flow - User lock completed. username=bidder1
19:01:09.192 [main] INFO  admin-flow - Loading admin user page. userType=null
19:01:09.192 [main] INFO  admin-flow - Getting all users
19:01:09.192 [main] INFO  admin-flow - Returning all users
19:01:09.195 [main] INFO  admin-flow - Admin user page loaded. userType=null
19:01:09.207 [main] INFO  admin-flow - Loading admin user-package page. userPackageId=null
19:01:09.207 [main] INFO  admin-flow - Getting bidders.
19:01:09.208 [main] INFO  admin-flow - Getting packages.
19:01:09.210 [main] INFO  admin-flow - Getting all granted user package infos.
19:01:09.214 [main] INFO  admin-flow - Getting all package purchase request infos.
19:01:09.216 [main] INFO  admin-flow - Admin user-package page loaded. userPackageId=null
19:01:09.223 [main] INFO  admin-flow - Processing manual user-package assignment. username=bidder1, packageId=1
19:01:09.223 [main] INFO  admin-flow - Starting manual package assignment. username=bidder1, packageId=1
19:01:09.228 [main] INFO  admin-flow - Manual package assignment completed. username=bidder1, packageId=1
19:01:09.228 [main] INFO  admin-flow - Manual user-package assignment completed. username=bidder1, packageId=1
19:01:09.489 [main] INFO  admin-flow - Getting all bids for admin
19:01:09.489 [main] INFO  admin-flow - Returning all bids
19:01:09.503 [main] INFO  admin-flow - Getting all categories
19:01:09.503 [main] INFO  admin-flow - returning all categories
19:01:09.511 [main] INFO  admin-flow - Starting category save. catId=null, catName=Home Decor
19:01:09.514 [main] INFO  admin-flow - Category save completed. catId=67, catName=Home Decor
19:01:09.521 [main] INFO  admin-flow - Getting all countries
19:01:09.521 [main] INFO  admin-flow - Returning all countries
19:01:09.528 [main] INFO  admin-flow - Starting country save. countryId=null, countryName=Japan
19:01:09.531 [main] INFO  admin-flow - Country save completed. countryId=null, countryName=Japan
19:01:09.539 [main] INFO  admin-flow - Starting news save. newsId=null, newsTitle=Tomorrow holiday
19:01:09.541 [main] INFO  admin-flow - News save completed. newsId=null, newsTitle=Tomorrow holiday
19:01:09.547 [main] INFO  admin-flow - Getting all news
19:01:09.547 [main] INFO  admin-flow - Returning all news
19:01:09.556 [main] INFO  admin-flow - Getting all packages
19:01:09.556 [main] INFO  admin-flow - Returning all packages
19:01:09.563 [main] INFO  admin-flow - Starting package save. packageId=null, packageName=silver package
19:01:09.566 [main] INFO  admin-flow - Package save completed. packageId=126, packageName=silver package
19:01:09.575 [main] INFO  admin-flow - Starting admin product close. productId=2
19:01:09.576 [main] INFO  admin-flow - Admin product close completed. productId=2
19:01:09.582 [main] INFO  admin-flow - Starting admin product save. productId=null, productName=admin dao item
19:01:09.586 [main] INFO  admin-flow - Admin product save completed. productId=205, productName=admin dao item
19:01:09.592 [main] INFO  admin-flow - Getting all products
19:01:09.592 [main] INFO  admin-flow - Returning all products
19:01:09.601 [main] INFO  admin-flow - Getting confirmed bids report
19:01:09.601 [main] INFO  admin-flow - Returning confirmed bids report
19:01:09.610 [main] INFO  admin-flow - Getting user registration report
19:01:09.610 [main] INFO  admin-flow - Returning user registration report
19:01:09.619 [main] INFO  admin-flow - Getting bid report
19:01:09.619 [main] INFO  admin-flow - Returning bid report
19:01:09.626 [main] INFO  admin-flow - Getting auction report
19:01:09.626 [main] INFO  admin-flow - Returning auction report
19:01:09.640 [main] INFO  admin-flow - Getting all users
19:01:09.641 [main] INFO  admin-flow - Returning all users
19:01:09.650 [main] INFO  admin-flow - Starting user lock. username=bidder1
19:01:09.651 [main] INFO  admin-flow - User lock completed. username=bidder1
19:01:09.651 [main] INFO  admin-flow - Starting user unlock. username=bidder1
19:01:09.653 [main] INFO  admin-flow - User unlock completed. username=bidder1
19:01:09.662 [main] INFO  admin-flow - Starting manual package assignment. username=bidder1, packageId=1
19:01:09.666 [main] INFO  admin-flow - Manual package assignment completed. username=bidder1, packageId=1
19:01:09.672 [main] INFO  admin-flow - Getting all granted user package infos.
22:13:54.953 [main] INFO  admin-flow - Loading admin bid confirmations page.
22:13:54.954 [main] INFO  admin-flow - Getting all bids for admin
22:13:54.962 [main] INFO  admin-flow - Returning all bids
22:13:55.034 [main] INFO  admin-flow - Admin bid confirmations page loaded.
22:13:55.100 [main] INFO  admin-flow - Loading admin category page.
22:13:55.101 [main] INFO  admin-flow - Getting all categories
22:13:55.101 [main] INFO  admin-flow - returning all categories
22:13:55.103 [main] INFO  admin-flow - Admin category page loaded.
22:13:55.135 [main] INFO  admin-flow - Loading admin location page. countryId=null, stateId=null, cityId=null
22:13:55.135 [main] INFO  admin-flow - Getting all countries
22:13:55.135 [main] INFO  admin-flow - Returning all countries
22:13:55.141 [main] INFO  admin-flow - Getting all cities
22:13:55.141 [main] INFO  admin-flow - Returning all cities
22:13:55.145 [main] INFO  admin-flow - Admin location page loaded.
22:13:55.163 [main] INFO  admin-flow - Processing country save. countryId=null, countryName=Japan
22:13:55.163 [main] INFO  admin-flow - Starting country save. countryId=null, countryName=Japan
22:13:55.223 [main] INFO  admin-flow - Country save completed. countryId=null, countryName=Japan
22:13:55.223 [main] INFO  admin-flow - Country save completed. countryId=null, countryName=Japan
22:13:55.246 [main] INFO  admin-flow - Loading admin news page. newsId=null
22:13:55.246 [main] INFO  admin-flow - Getting all news
22:13:55.246 [main] INFO  admin-flow - Returning all news
22:13:55.249 [main] INFO  admin-flow - Admin news page loaded. newsId=null
22:13:55.260 [main] INFO  admin-flow - Processing news save. newsId=null, title=Tomorrow holiday
22:13:55.260 [main] INFO  admin-flow - Starting news save. newsId=null, newsTitle=Tomorrow holiday
22:13:55.264 [main] INFO  admin-flow - News save completed. newsId=null, newsTitle=Tomorrow holiday
22:13:55.264 [main] INFO  admin-flow - News save completed. newsId=null, title=Tomorrow holiday
22:13:55.293 [main] INFO  admin-flow - Processing admin package save. packageId=null, packageName=gold package
22:13:55.297 [main] INFO  admin-flow - Starting package save. packageId=null, packageName=gold package
22:13:55.301 [main] INFO  admin-flow - Package save completed. packageId=127, packageName=gold package
22:13:55.301 [main] INFO  admin-flow - Admin package save completed. packageId=null, packageName=gold package
22:13:55.310 [main] INFO  admin-flow - Loading admin package page.
22:13:55.310 [main] INFO  admin-flow - Getting all packages
22:13:55.310 [main] INFO  admin-flow - Returning all packages
22:13:55.312 [main] INFO  admin-flow - Admin package page loaded.
22:13:55.325 [main] INFO  admin-flow - Processing admin product close. productId=2
22:13:55.325 [main] INFO  admin-flow - Starting admin product close. productId=2
22:13:55.328 [main] INFO  admin-flow - Admin product close completed. productId=2
22:13:55.328 [main] INFO  admin-flow - Admin product close completed. productId=2
22:13:55.339 [main] INFO  admin-flow - Loading admin product page. productId=null, status=null, sellerUsername=null
22:13:55.340 [main] INFO  admin-flow - Getting categories
22:13:55.340 [main] INFO  admin-flow - Returning categories
22:13:55.343 [main] INFO  admin-flow - Getting all products
22:13:55.344 [main] INFO  admin-flow - Returning all products
22:13:55.348 [main] INFO  admin-flow - Admin product page loaded. productId=null
22:13:55.363 [main] INFO  admin-flow - Processing admin product save. productId=null, productName=admin test item
22:13:55.364 [main] INFO  admin-flow - Starting admin product save. productId=null, productName=admin test item
22:13:55.370 [main] INFO  admin-flow - Admin product save completed. productId=208, productName=admin test item
22:13:55.370 [main] INFO  admin-flow - Admin product save completed. productId=null, productName=admin test item
22:13:55.385 [main] INFO  admin-flow - Loading admin report page.
22:13:55.385 [main] INFO  admin-flow - Admin report page loaded.
22:13:55.397 [main] INFO  admin-flow - Processing user lock. username=bidder1
22:13:55.397 [main] INFO  admin-flow - Starting user lock. username=bidder1
22:13:55.398 [main] INFO  admin-flow - User lock completed. username=bidder1
22:13:55.399 [main] INFO  admin-flow - User lock completed. username=bidder1
22:13:55.407 [main] INFO  admin-flow - Loading admin user page. userType=null
22:13:55.407 [main] INFO  admin-flow - Getting all users
22:13:55.407 [main] INFO  admin-flow - Returning all users
22:13:55.410 [main] INFO  admin-flow - Admin user page loaded. userType=null
22:13:55.424 [main] INFO  admin-flow - Loading admin user-package page. userPackageId=null
22:13:55.424 [main] INFO  admin-flow - Getting bidders.
22:13:55.426 [main] INFO  admin-flow - Getting packages.
22:13:55.428 [main] INFO  admin-flow - Getting all granted user package infos.
22:13:55.431 [main] INFO  admin-flow - Getting all package purchase request infos.
22:13:55.433 [main] INFO  admin-flow - Admin user-package page loaded. userPackageId=null
22:13:55.444 [main] INFO  admin-flow - Processing manual user-package assignment. username=bidder1, packageId=1
22:13:55.444 [main] INFO  admin-flow - Starting manual package assignment. username=bidder1, packageId=1
22:13:55.449 [main] INFO  admin-flow - Manual package assignment completed. username=bidder1, packageId=1
22:13:55.449 [main] INFO  admin-flow - Manual user-package assignment completed. username=bidder1, packageId=1
22:13:55.813 [main] INFO  admin-flow - Getting all bids for admin
22:13:55.814 [main] INFO  admin-flow - Returning all bids
22:13:55.834 [main] INFO  admin-flow - Getting all categories
22:13:55.834 [main] INFO  admin-flow - returning all categories
22:13:55.843 [main] INFO  admin-flow - Starting category save. catId=null, catName=Home Decor
22:13:55.846 [main] INFO  admin-flow - Category save completed. catId=69, catName=Home Decor
22:13:55.856 [main] INFO  admin-flow - Getting all countries
22:13:55.857 [main] INFO  admin-flow - Returning all countries
22:13:55.866 [main] INFO  admin-flow - Starting country save. countryId=null, countryName=Japan
22:13:55.868 [main] INFO  admin-flow - Country save completed. countryId=null, countryName=Japan
22:13:55.877 [main] INFO  admin-flow - Starting news save. newsId=null, newsTitle=Tomorrow holiday
22:13:55.879 [main] INFO  admin-flow - News save completed. newsId=null, newsTitle=Tomorrow holiday
22:13:55.884 [main] INFO  admin-flow - Getting all news
22:13:55.884 [main] INFO  admin-flow - Returning all news
22:13:55.895 [main] INFO  admin-flow - Getting all packages
22:13:55.895 [main] INFO  admin-flow - Returning all packages
22:13:55.901 [main] INFO  admin-flow - Starting package save. packageId=null, packageName=silver package
22:13:55.904 [main] INFO  admin-flow - Package save completed. packageId=128, packageName=silver package
22:13:55.917 [main] INFO  admin-flow - Starting admin product close. productId=2
22:13:55.918 [main] INFO  admin-flow - Admin product close completed. productId=2
22:13:55.926 [main] INFO  admin-flow - Starting admin product save. productId=null, productName=admin dao item
22:13:55.930 [main] INFO  admin-flow - Admin product save completed. productId=209, productName=admin dao item
22:13:55.937 [main] INFO  admin-flow - Getting all products
22:13:55.938 [main] INFO  admin-flow - Returning all products
22:13:55.951 [main] INFO  admin-flow - Getting confirmed bids report
22:13:55.952 [main] INFO  admin-flow - Returning confirmed bids report
22:13:55.961 [main] INFO  admin-flow - Getting user registration report
22:13:55.961 [main] INFO  admin-flow - Returning user registration report
22:13:55.967 [main] INFO  admin-flow - Getting bid report
22:13:55.968 [main] INFO  admin-flow - Returning bid report
22:13:55.975 [main] INFO  admin-flow - Getting auction report
22:13:55.975 [main] INFO  admin-flow - Returning auction report
22:13:55.991 [main] INFO  admin-flow - Getting all users
22:13:55.991 [main] INFO  admin-flow - Returning all users
22:13:56.001 [main] INFO  admin-flow - Starting user lock. username=bidder1
22:13:56.003 [main] INFO  admin-flow - User lock completed. username=bidder1
22:13:56.003 [main] INFO  admin-flow - Starting user unlock. username=bidder1
22:13:56.004 [main] INFO  admin-flow - User unlock completed. username=bidder1
22:13:56.015 [main] INFO  admin-flow - Starting manual package assignment. username=bidder1, packageId=1
22:13:56.020 [main] INFO  admin-flow - Manual package assignment completed. username=bidder1, packageId=1
22:13:56.027 [main] INFO  admin-flow - Getting all granted user package infos.
22:29:04.610 [main] INFO  admin-flow - Loading admin bid confirmations page.
22:29:04.610 [main] INFO  admin-flow - Getting all bids for admin
22:29:04.614 [main] INFO  admin-flow - Returning all bids
22:29:04.655 [main] INFO  admin-flow - Admin bid confirmations page loaded.
22:29:04.711 [main] INFO  admin-flow - Loading admin category page.
22:29:04.711 [main] INFO  admin-flow - Getting all categories
22:29:04.711 [main] INFO  admin-flow - returning all categories
22:29:04.715 [main] INFO  admin-flow - Admin category page loaded.
22:29:04.745 [main] INFO  admin-flow - Loading admin location page. countryId=null, stateId=null, cityId=null
22:29:04.746 [main] INFO  admin-flow - Getting all countries
22:29:04.746 [main] INFO  admin-flow - Returning all countries
22:29:04.751 [main] INFO  admin-flow - Getting all cities
22:29:04.751 [main] INFO  admin-flow - Returning all cities
22:29:04.753 [main] INFO  admin-flow - Admin location page loaded.
22:29:04.772 [main] INFO  admin-flow - Processing country save. countryId=null, countryName=Japan
22:29:04.773 [main] INFO  admin-flow - Starting country save. countryId=null, countryName=Japan
22:29:04.828 [main] INFO  admin-flow - Country save completed. countryId=null, countryName=Japan
22:29:04.828 [main] INFO  admin-flow - Country save completed. countryId=null, countryName=Japan
22:29:04.856 [main] INFO  admin-flow - Loading admin news page. newsId=null
22:29:04.856 [main] INFO  admin-flow - Getting all news
22:29:04.856 [main] INFO  admin-flow - Returning all news
22:29:04.859 [main] INFO  admin-flow - Admin news page loaded. newsId=null
22:29:04.870 [main] INFO  admin-flow - Processing news save. newsId=null, title=Tomorrow holiday
22:29:04.870 [main] INFO  admin-flow - Starting news save. newsId=null, newsTitle=Tomorrow holiday
22:29:04.873 [main] INFO  admin-flow - News save completed. newsId=null, newsTitle=Tomorrow holiday
22:29:04.874 [main] INFO  admin-flow - News save completed. newsId=null, title=Tomorrow holiday
22:29:04.897 [main] INFO  admin-flow - Processing admin package save. packageId=null, packageName=gold package
22:29:04.901 [main] INFO  admin-flow - Starting package save. packageId=null, packageName=gold package
22:29:04.905 [main] INFO  admin-flow - Package save completed. packageId=129, packageName=gold package
22:29:04.905 [main] INFO  admin-flow - Admin package save completed. packageId=null, packageName=gold package
22:29:04.912 [main] INFO  admin-flow - Loading admin package page.
22:29:04.912 [main] INFO  admin-flow - Getting all packages
22:29:04.912 [main] INFO  admin-flow - Returning all packages
22:29:04.914 [main] INFO  admin-flow - Admin package page loaded.
22:29:04.932 [main] INFO  admin-flow - Processing admin product close. productId=2
22:29:04.933 [main] INFO  admin-flow - Starting admin product close. productId=2
22:29:04.935 [main] INFO  admin-flow - Admin product close completed. productId=2
22:29:04.935 [main] INFO  admin-flow - Admin product close completed. productId=2
22:29:04.945 [main] INFO  admin-flow - Loading admin product page. productId=null, status=null, sellerUsername=null
22:29:04.946 [main] INFO  admin-flow - Getting categories
22:29:04.946 [main] INFO  admin-flow - Returning categories
22:29:04.951 [main] INFO  admin-flow - Getting all products
22:29:04.951 [main] INFO  admin-flow - Returning all products
22:29:04.956 [main] INFO  admin-flow - Admin product page loaded. productId=null
22:29:04.968 [main] INFO  admin-flow - Processing admin product save. productId=null, productName=admin test item
22:29:04.970 [main] INFO  admin-flow - Starting admin product save. productId=null, productName=admin test item
22:29:04.974 [main] INFO  admin-flow - Admin product save completed. productId=211, productName=admin test item
22:29:04.975 [main] INFO  admin-flow - Admin product save completed. productId=null, productName=admin test item
22:29:04.989 [main] INFO  admin-flow - Loading admin report page.
22:29:04.989 [main] INFO  admin-flow - Admin report page loaded.
22:29:05.004 [main] INFO  admin-flow - Processing user lock. username=bidder1
22:29:05.004 [main] INFO  admin-flow - Starting user lock. username=bidder1
22:29:05.006 [main] INFO  admin-flow - User lock completed. username=bidder1
22:29:05.006 [main] INFO  admin-flow - User lock completed. username=bidder1
22:29:05.018 [main] INFO  admin-flow - Loading admin user page. userType=null
22:29:05.018 [main] INFO  admin-flow - Getting all users
22:29:05.018 [main] INFO  admin-flow - Returning all users
22:29:05.022 [main] INFO  admin-flow - Admin user page loaded. userType=null
22:29:05.032 [main] INFO  admin-flow - Loading admin user-package page. userPackageId=null
22:29:05.033 [main] INFO  admin-flow - Getting bidders.
22:29:05.035 [main] INFO  admin-flow - Getting packages.
22:29:05.037 [main] INFO  admin-flow - Getting all granted user package infos.
22:29:05.040 [main] INFO  admin-flow - Getting all package purchase request infos.
22:29:05.042 [main] INFO  admin-flow - Admin user-package page loaded. userPackageId=null
22:29:05.051 [main] INFO  admin-flow - Processing manual user-package assignment. username=bidder1, packageId=1
22:29:05.051 [main] INFO  admin-flow - Starting manual package assignment. username=bidder1, packageId=1
22:29:05.056 [main] INFO  admin-flow - Manual package assignment completed. username=bidder1, packageId=1
22:29:05.057 [main] INFO  admin-flow - Manual user-package assignment completed. username=bidder1, packageId=1
22:29:05.367 [main] INFO  admin-flow - Getting all bids for admin
22:29:05.367 [main] INFO  admin-flow - Returning all bids
22:29:05.382 [main] INFO  admin-flow - Getting all categories
22:29:05.382 [main] INFO  admin-flow - returning all categories
22:29:05.389 [main] INFO  admin-flow - Starting category save. catId=null, catName=Home Decor
22:29:05.392 [main] INFO  admin-flow - Category save completed. catId=70, catName=Home Decor
22:29:05.403 [main] INFO  admin-flow - Getting all countries
22:29:05.403 [main] INFO  admin-flow - Returning all countries
22:29:05.409 [main] INFO  admin-flow - Starting country save. countryId=null, countryName=Japan
22:29:05.410 [main] INFO  admin-flow - Country save completed. countryId=null, countryName=Japan
22:29:05.419 [main] INFO  admin-flow - Starting news save. newsId=null, newsTitle=Tomorrow holiday
22:29:05.421 [main] INFO  admin-flow - News save completed. newsId=null, newsTitle=Tomorrow holiday
22:29:05.425 [main] INFO  admin-flow - Getting all news
22:29:05.425 [main] INFO  admin-flow - Returning all news
22:29:05.434 [main] INFO  admin-flow - Getting all packages
22:29:05.434 [main] INFO  admin-flow - Returning all packages
22:29:05.439 [main] INFO  admin-flow - Starting package save. packageId=null, packageName=silver package
22:29:05.441 [main] INFO  admin-flow - Package save completed. packageId=130, packageName=silver package
22:29:05.448 [main] INFO  admin-flow - Starting admin product close. productId=2
22:29:05.449 [main] INFO  admin-flow - Admin product close completed. productId=2
22:29:05.453 [main] INFO  admin-flow - Starting admin product save. productId=null, productName=admin dao item
22:29:05.457 [main] INFO  admin-flow - Admin product save completed. productId=212, productName=admin dao item
22:29:05.462 [main] INFO  admin-flow - Getting all products
22:29:05.462 [main] INFO  admin-flow - Returning all products
22:29:05.474 [main] INFO  admin-flow - Getting confirmed bids report
22:29:05.474 [main] INFO  admin-flow - Returning confirmed bids report
22:29:05.483 [main] INFO  admin-flow - Getting user registration report
22:29:05.483 [main] INFO  admin-flow - Returning user registration report
22:29:05.488 [main] INFO  admin-flow - Getting bid report
22:29:05.488 [main] INFO  admin-flow - Returning bid report
22:29:05.494 [main] INFO  admin-flow - Getting auction report
22:29:05.494 [main] INFO  admin-flow - Returning auction report
22:29:05.504 [main] INFO  admin-flow - Getting all users
22:29:05.504 [main] INFO  admin-flow - Returning all users
22:29:05.512 [main] INFO  admin-flow - Starting user lock. username=bidder1
22:29:05.513 [main] INFO  admin-flow - User lock completed. username=bidder1
22:29:05.513 [main] INFO  admin-flow - Starting user unlock. username=bidder1
22:29:05.515 [main] INFO  admin-flow - User unlock completed. username=bidder1
22:29:05.525 [main] INFO  admin-flow - Starting manual package assignment. username=bidder1, packageId=1
22:29:05.529 [main] INFO  admin-flow - Manual package assignment completed. username=bidder1, packageId=1
22:29:05.534 [main] INFO  admin-flow - Getting all granted user package infos.
10:12:58.604 [main] INFO  admin-flow - Loading admin bid confirmations page.
10:12:58.605 [main] INFO  admin-flow - Getting all bids for admin
10:12:58.614 [main] INFO  admin-flow - Returning all bids
10:12:58.666 [main] INFO  admin-flow - Admin bid confirmations page loaded.
10:12:58.729 [main] INFO  admin-flow - Loading admin category page.
10:12:58.729 [main] INFO  admin-flow - Getting all categories
10:12:58.729 [main] INFO  admin-flow - returning all categories
10:12:58.733 [main] INFO  admin-flow - Admin category page loaded.
10:12:58.764 [main] INFO  admin-flow - Loading admin location page. countryId=null, stateId=null, cityId=null
10:12:58.764 [main] INFO  admin-flow - Getting all countries
10:12:58.764 [main] INFO  admin-flow - Returning all countries
10:12:58.771 [main] INFO  admin-flow - Getting all cities
10:12:58.772 [main] INFO  admin-flow - Returning all cities
10:12:58.775 [main] INFO  admin-flow - Admin location page loaded.
10:12:58.802 [main] INFO  admin-flow - Processing country save. countryId=null, countryName=Japan
10:12:58.803 [main] INFO  admin-flow - Starting country save. countryId=null, countryName=Japan
10:12:58.853 [main] INFO  admin-flow - Country save completed. countryId=null, countryName=Japan
10:12:58.853 [main] INFO  admin-flow - Country save completed. countryId=null, countryName=Japan
10:12:58.869 [main] INFO  admin-flow - Loading admin news page. newsId=null
10:12:58.869 [main] INFO  admin-flow - Getting all news
10:12:58.869 [main] INFO  admin-flow - Returning all news
10:12:58.872 [main] INFO  admin-flow - Admin news page loaded. newsId=null
10:12:58.884 [main] INFO  admin-flow - Processing news save. newsId=null, title=Tomorrow holiday
10:12:58.884 [main] INFO  admin-flow - Starting news save. newsId=null, newsTitle=Tomorrow holiday
10:12:58.890 [main] INFO  admin-flow - News save completed. newsId=null, newsTitle=Tomorrow holiday
10:12:58.890 [main] INFO  admin-flow - News save completed. newsId=null, title=Tomorrow holiday
10:12:58.913 [main] INFO  admin-flow - Processing admin package save. packageId=null, packageName=gold package
10:12:58.918 [main] INFO  admin-flow - Starting package save. packageId=null, packageName=gold package
10:12:58.923 [main] INFO  admin-flow - Package save completed. packageId=131, packageName=gold package
10:12:58.924 [main] INFO  admin-flow - Admin package save completed. packageId=null, packageName=gold package
10:12:58.933 [main] INFO  admin-flow - Loading admin package page.
10:12:58.934 [main] INFO  admin-flow - Getting all packages
10:12:58.934 [main] INFO  admin-flow - Returning all packages
10:12:58.936 [main] INFO  admin-flow - Admin package page loaded.
10:12:58.954 [main] INFO  admin-flow - Processing admin product close. productId=2
10:12:58.954 [main] INFO  admin-flow - Starting admin product close. productId=2
10:12:58.956 [main] INFO  admin-flow - Admin product close completed. productId=2
10:12:58.957 [main] INFO  admin-flow - Admin product close completed. productId=2
10:12:58.968 [main] INFO  admin-flow - Loading admin product page. productId=null, status=null, sellerUsername=null
10:12:58.968 [main] INFO  admin-flow - Getting categories
10:12:58.968 [main] INFO  admin-flow - Returning categories
10:12:58.974 [main] INFO  admin-flow - Getting all products
10:12:58.974 [main] INFO  admin-flow - Returning all products
10:12:58.980 [main] INFO  admin-flow - Admin product page loaded. productId=null
10:12:58.994 [main] INFO  admin-flow - Processing admin product save. productId=null, productName=admin test item
10:12:58.997 [main] INFO  admin-flow - Starting admin product save. productId=null, productName=admin test item
10:12:59.004 [main] INFO  admin-flow - Admin product save completed. productId=215, productName=admin test item
10:12:59.005 [main] INFO  admin-flow - Admin product save completed. productId=null, productName=admin test item
10:12:59.020 [main] INFO  admin-flow - Loading admin report page.
10:12:59.021 [main] INFO  admin-flow - Admin report page loaded.
10:12:59.036 [main] INFO  admin-flow - Processing user lock. username=bidder1
10:12:59.036 [main] INFO  admin-flow - Starting user lock. username=bidder1
10:12:59.038 [main] INFO  admin-flow - User lock completed. username=bidder1
10:12:59.038 [main] INFO  admin-flow - User lock completed. username=bidder1
10:12:59.049 [main] INFO  admin-flow - Loading admin user page. userType=null
10:12:59.049 [main] INFO  admin-flow - Getting all users
10:12:59.049 [main] INFO  admin-flow - Returning all users
10:12:59.053 [main] INFO  admin-flow - Admin user page loaded. userType=null
10:12:59.070 [main] INFO  admin-flow - Loading admin user-package page. userPackageId=null
10:12:59.070 [main] INFO  admin-flow - Getting bidders.
10:12:59.072 [main] INFO  admin-flow - Getting packages.
10:12:59.074 [main] INFO  admin-flow - Getting all granted user package infos.
10:12:59.080 [main] INFO  admin-flow - Getting all package purchase request infos.
10:12:59.083 [main] INFO  admin-flow - Admin user-package page loaded. userPackageId=null
10:12:59.095 [main] INFO  admin-flow - Processing manual user-package assignment. username=bidder1, packageId=1
10:12:59.095 [main] INFO  admin-flow - Starting manual package assignment. username=bidder1, packageId=1
10:12:59.104 [main] INFO  admin-flow - Manual package assignment completed. username=bidder1, packageId=1
10:12:59.104 [main] INFO  admin-flow - Manual user-package assignment completed. username=bidder1, packageId=1
10:12:59.423 [main] INFO  admin-flow - Getting all bids for admin
10:12:59.424 [main] INFO  admin-flow - Returning all bids
10:12:59.442 [main] INFO  admin-flow - Getting all categories
10:12:59.442 [main] INFO  admin-flow - returning all categories
10:12:59.450 [main] INFO  admin-flow - Starting category save. catId=null, catName=Home Decor
10:12:59.453 [main] INFO  admin-flow - Category save completed. catId=71, catName=Home Decor
10:12:59.463 [main] INFO  admin-flow - Getting all countries
10:12:59.463 [main] INFO  admin-flow - Returning all countries
10:12:59.470 [main] INFO  admin-flow - Starting country save. countryId=null, countryName=Japan
10:12:59.472 [main] INFO  admin-flow - Country save completed. countryId=null, countryName=Japan
10:12:59.480 [main] INFO  admin-flow - Starting news save. newsId=null, newsTitle=Tomorrow holiday
10:12:59.482 [main] INFO  admin-flow - News save completed. newsId=null, newsTitle=Tomorrow holiday
10:12:59.488 [main] INFO  admin-flow - Getting all news
10:12:59.488 [main] INFO  admin-flow - Returning all news
10:12:59.500 [main] INFO  admin-flow - Getting all packages
10:12:59.500 [main] INFO  admin-flow - Returning all packages
10:12:59.504 [main] INFO  admin-flow - Starting package save. packageId=null, packageName=silver package
10:12:59.506 [main] INFO  admin-flow - Package save completed. packageId=132, packageName=silver package
10:12:59.513 [main] INFO  admin-flow - Starting admin product close. productId=2
10:12:59.514 [main] INFO  admin-flow - Admin product close completed. productId=2
10:12:59.517 [main] INFO  admin-flow - Starting admin product save. productId=null, productName=admin dao item
10:12:59.521 [main] INFO  admin-flow - Admin product save completed. productId=216, productName=admin dao item
10:12:59.524 [main] INFO  admin-flow - Getting all products
10:12:59.524 [main] INFO  admin-flow - Returning all products
10:12:59.532 [main] INFO  admin-flow - Getting confirmed bids report
10:12:59.532 [main] INFO  admin-flow - Returning confirmed bids report
10:12:59.540 [main] INFO  admin-flow - Getting user registration report
10:12:59.540 [main] INFO  admin-flow - Returning user registration report
10:12:59.546 [main] INFO  admin-flow - Getting bid report
10:12:59.546 [main] INFO  admin-flow - Returning bid report
10:12:59.551 [main] INFO  admin-flow - Getting auction report
10:12:59.551 [main] INFO  admin-flow - Returning auction report
10:12:59.562 [main] INFO  admin-flow - Getting all users
10:12:59.563 [main] INFO  admin-flow - Returning all users
10:12:59.570 [main] INFO  admin-flow - Starting user lock. username=bidder1
10:12:59.572 [main] INFO  admin-flow - User lock completed. username=bidder1
10:12:59.572 [main] INFO  admin-flow - Starting user unlock. username=bidder1
10:12:59.573 [main] INFO  admin-flow - User unlock completed. username=bidder1
10:12:59.584 [main] INFO  admin-flow - Starting manual package assignment. username=bidder1, packageId=1
10:12:59.589 [main] INFO  admin-flow - Manual package assignment completed. username=bidder1, packageId=1
10:12:59.595 [main] INFO  admin-flow - Getting all granted user package infos.
10:22:15.229 [main] INFO  admin-flow - Loading admin bid confirmations page.
10:22:15.229 [main] INFO  admin-flow - Getting all bids for admin
10:22:15.233 [main] INFO  admin-flow - Returning all bids
10:22:15.295 [main] INFO  admin-flow - Admin bid confirmations page loaded.
10:22:15.358 [main] INFO  admin-flow - Loading admin category page.
10:22:15.358 [main] INFO  admin-flow - Getting all categories
10:22:15.358 [main] INFO  admin-flow - returning all categories
10:22:15.361 [main] INFO  admin-flow - Admin category page loaded.
10:22:15.391 [main] INFO  admin-flow - Loading admin location page. countryId=null, stateId=null, cityId=null
10:22:15.392 [main] INFO  admin-flow - Getting all countries
10:22:15.392 [main] INFO  admin-flow - Returning all countries
10:22:15.397 [main] INFO  admin-flow - Getting all cities
10:22:15.397 [main] INFO  admin-flow - Returning all cities
10:22:15.401 [main] INFO  admin-flow - Admin location page loaded.
10:22:15.429 [main] INFO  admin-flow - Processing country save. countryId=null, countryName=Japan
10:22:15.429 [main] INFO  admin-flow - Starting country save. countryId=null, countryName=Japan
10:22:15.486 [main] INFO  admin-flow - Country save completed. countryId=null, countryName=Japan
10:22:15.486 [main] INFO  admin-flow - Country save completed. countryId=null, countryName=Japan
10:22:15.509 [main] INFO  admin-flow - Loading admin news page. newsId=null
10:22:15.509 [main] INFO  admin-flow - Getting all news
10:22:15.509 [main] INFO  admin-flow - Returning all news
10:22:15.512 [main] INFO  admin-flow - Admin news page loaded. newsId=null
10:22:15.523 [main] INFO  admin-flow - Processing news save. newsId=null, title=Tomorrow holiday
10:22:15.523 [main] INFO  admin-flow - Starting news save. newsId=null, newsTitle=Tomorrow holiday
10:22:15.527 [main] INFO  admin-flow - News save completed. newsId=null, newsTitle=Tomorrow holiday
10:22:15.527 [main] INFO  admin-flow - News save completed. newsId=null, title=Tomorrow holiday
10:22:15.554 [main] INFO  admin-flow - Processing admin package save. packageId=null, packageName=gold package
10:22:15.562 [main] INFO  admin-flow - Starting package save. packageId=null, packageName=gold package
10:22:15.569 [main] INFO  admin-flow - Package save completed. packageId=133, packageName=gold package
10:22:15.570 [main] INFO  admin-flow - Admin package save completed. packageId=null, packageName=gold package
10:22:15.579 [main] INFO  admin-flow - Loading admin package page.
10:22:15.579 [main] INFO  admin-flow - Getting all packages
10:22:15.580 [main] INFO  admin-flow - Returning all packages
10:22:15.582 [main] INFO  admin-flow - Admin package page loaded.
10:22:15.595 [main] INFO  admin-flow - Processing admin product close. productId=2
10:22:15.596 [main] INFO  admin-flow - Starting admin product close. productId=2
10:22:15.598 [main] INFO  admin-flow - Admin product close completed. productId=2
10:22:15.598 [main] INFO  admin-flow - Admin product close completed. productId=2
10:22:15.612 [main] INFO  admin-flow - Loading admin product page. productId=null, status=null, sellerUsername=null
10:22:15.612 [main] INFO  admin-flow - Getting categories
10:22:15.612 [main] INFO  admin-flow - Returning categories
10:22:15.617 [main] INFO  admin-flow - Getting all products
10:22:15.618 [main] INFO  admin-flow - Returning all products
10:22:15.623 [main] INFO  admin-flow - Admin product page loaded. productId=null
10:22:15.637 [main] INFO  admin-flow - Processing admin product save. productId=null, productName=admin test item
10:22:15.639 [main] INFO  admin-flow - Starting admin product save. productId=null, productName=admin test item
10:22:15.644 [main] INFO  admin-flow - Admin product save completed. productId=218, productName=admin test item
10:22:15.644 [main] INFO  admin-flow - Admin product save completed. productId=null, productName=admin test item
10:22:15.655 [main] INFO  admin-flow - Loading admin report page.
10:22:15.655 [main] INFO  admin-flow - Admin report page loaded.
10:22:15.664 [main] INFO  admin-flow - Processing user lock. username=bidder1
10:22:15.664 [main] INFO  admin-flow - Starting user lock. username=bidder1
10:22:15.665 [main] INFO  admin-flow - User lock completed. username=bidder1
10:22:15.665 [main] INFO  admin-flow - User lock completed. username=bidder1
10:22:15.674 [main] INFO  admin-flow - Loading admin user page. userType=null
10:22:15.674 [main] INFO  admin-flow - Getting all users
10:22:15.674 [main] INFO  admin-flow - Returning all users
10:22:15.678 [main] INFO  admin-flow - Admin user page loaded. userType=null
10:22:15.692 [main] INFO  admin-flow - Loading admin user-package page. userPackageId=null
10:22:15.692 [main] INFO  admin-flow - Getting bidders.
10:22:15.694 [main] INFO  admin-flow - Getting packages.
10:22:15.695 [main] INFO  admin-flow - Getting all granted user package infos.
10:22:15.697 [main] INFO  admin-flow - Getting all package purchase request infos.
10:22:15.698 [main] INFO  admin-flow - Admin user-package page loaded. userPackageId=null
10:22:15.706 [main] INFO  admin-flow - Processing manual user-package assignment. username=bidder1, packageId=1
10:22:15.706 [main] INFO  admin-flow - Starting manual package assignment. username=bidder1, packageId=1
10:22:15.710 [main] INFO  admin-flow - Manual package assignment completed. username=bidder1, packageId=1
10:22:15.710 [main] INFO  admin-flow - Manual user-package assignment completed. username=bidder1, packageId=1
10:22:15.986 [main] INFO  admin-flow - Getting all bids for admin
10:22:15.986 [main] INFO  admin-flow - Returning all bids
10:22:15.999 [main] INFO  admin-flow - Getting all categories
10:22:15.999 [main] INFO  admin-flow - returning all categories
10:22:16.006 [main] INFO  admin-flow - Starting category save. catId=null, catName=Home Decor
10:22:16.009 [main] INFO  admin-flow - Category save completed. catId=72, catName=Home Decor
10:22:16.015 [main] INFO  admin-flow - Getting all countries
10:22:16.015 [main] INFO  admin-flow - Returning all countries
10:22:16.021 [main] INFO  admin-flow - Starting country save. countryId=null, countryName=Japan
10:22:16.023 [main] INFO  admin-flow - Country save completed. countryId=null, countryName=Japan
10:22:16.030 [main] INFO  admin-flow - Starting news save. newsId=null, newsTitle=Tomorrow holiday
10:22:16.032 [main] INFO  admin-flow - News save completed. newsId=null, newsTitle=Tomorrow holiday
10:22:16.037 [main] INFO  admin-flow - Getting all news
10:22:16.037 [main] INFO  admin-flow - Returning all news
10:22:16.049 [main] INFO  admin-flow - Getting all packages
10:22:16.050 [main] INFO  admin-flow - Returning all packages
10:22:16.057 [main] INFO  admin-flow - Starting package save. packageId=null, packageName=silver package
10:22:16.059 [main] INFO  admin-flow - Package save completed. packageId=134, packageName=silver package
10:22:16.070 [main] INFO  admin-flow - Starting admin product close. productId=2
10:22:16.072 [main] INFO  admin-flow - Admin product close completed. productId=2
10:22:16.079 [main] INFO  admin-flow - Starting admin product save. productId=null, productName=admin dao item
10:22:16.084 [main] INFO  admin-flow - Admin product save completed. productId=219, productName=admin dao item
10:22:16.091 [main] INFO  admin-flow - Getting all products
10:22:16.091 [main] INFO  admin-flow - Returning all products
10:22:16.103 [main] INFO  admin-flow - Getting confirmed bids report
10:22:16.103 [main] INFO  admin-flow - Returning confirmed bids report
10:22:16.111 [main] INFO  admin-flow - Getting user registration report
10:22:16.111 [main] INFO  admin-flow - Returning user registration report
10:22:16.116 [main] INFO  admin-flow - Getting bid report
10:22:16.116 [main] INFO  admin-flow - Returning bid report
10:22:16.121 [main] INFO  admin-flow - Getting auction report
10:22:16.122 [main] INFO  admin-flow - Returning auction report
10:22:16.134 [main] INFO  admin-flow - Getting all users
10:22:16.134 [main] INFO  admin-flow - Returning all users
10:22:16.142 [main] INFO  admin-flow - Starting user lock. username=bidder1
10:22:16.144 [main] INFO  admin-flow - User lock completed. username=bidder1
10:22:16.144 [main] INFO  admin-flow - Starting user unlock. username=bidder1
10:22:16.145 [main] INFO  admin-flow - User unlock completed. username=bidder1
10:22:16.156 [main] INFO  admin-flow - Starting manual package assignment. username=bidder1, packageId=1
10:22:16.161 [main] INFO  admin-flow - Manual package assignment completed. username=bidder1, packageId=1
10:22:16.167 [main] INFO  admin-flow - Getting all granted user package infos.
10:36:39.424 [main] INFO  admin-flow - Loading admin bid confirmations page.
10:36:39.424 [main] INFO  admin-flow - Getting all bids for admin
10:36:39.432 [main] INFO  admin-flow - Returning all bids
10:36:39.489 [main] INFO  admin-flow - Admin bid confirmations page loaded.
10:36:39.552 [main] INFO  admin-flow - Loading admin category page.
10:36:39.553 [main] INFO  admin-flow - Getting all categories
10:36:39.553 [main] INFO  admin-flow - returning all categories
10:36:39.555 [main] INFO  admin-flow - Admin category page loaded.
10:36:39.584 [main] INFO  admin-flow - Loading admin location page. countryId=null, stateId=null, cityId=null
10:36:39.584 [main] INFO  admin-flow - Getting all countries
10:36:39.585 [main] INFO  admin-flow - Returning all countries
10:36:39.590 [main] INFO  admin-flow - Getting all cities
10:36:39.591 [main] INFO  admin-flow - Returning all cities
10:36:39.594 [main] INFO  admin-flow - Admin location page loaded.
10:36:39.609 [main] INFO  admin-flow - Processing country save. countryId=null, countryName=Japan
10:36:39.610 [main] INFO  admin-flow - Starting country save. countryId=null, countryName=Japan
10:36:39.666 [main] INFO  admin-flow - Country save completed. countryId=null, countryName=Japan
10:36:39.666 [main] INFO  admin-flow - Country save completed. countryId=null, countryName=Japan
10:36:39.680 [main] INFO  admin-flow - Loading admin news page. newsId=null
10:36:39.680 [main] INFO  admin-flow - Getting all news
10:36:39.680 [main] INFO  admin-flow - Returning all news
10:36:39.683 [main] INFO  admin-flow - Admin news page loaded. newsId=null
10:36:39.691 [main] INFO  admin-flow - Processing news save. newsId=null, title=Tomorrow holiday
10:36:39.691 [main] INFO  admin-flow - Starting news save. newsId=null, newsTitle=Tomorrow holiday
10:36:39.694 [main] INFO  admin-flow - News save completed. newsId=null, newsTitle=Tomorrow holiday
10:36:39.694 [main] INFO  admin-flow - News save completed. newsId=null, title=Tomorrow holiday
10:36:39.720 [main] INFO  admin-flow - Processing admin package save. packageId=null, packageName=gold package
10:36:39.724 [main] INFO  admin-flow - Starting package save. packageId=null, packageName=gold package
10:36:39.730 [main] INFO  admin-flow - Package save completed. packageId=135, packageName=gold package
10:36:39.730 [main] INFO  admin-flow - Admin package save completed. packageId=null, packageName=gold package
10:36:39.737 [main] INFO  admin-flow - Loading admin package page.
10:36:39.738 [main] INFO  admin-flow - Getting all packages
10:36:39.738 [main] INFO  admin-flow - Returning all packages
10:36:39.740 [main] INFO  admin-flow - Admin package page loaded.
10:36:39.756 [main] INFO  admin-flow - Processing admin product close. productId=2
10:36:39.756 [main] INFO  admin-flow - Starting admin product close. productId=2
10:36:39.759 [main] INFO  admin-flow - Admin product close completed. productId=2
10:36:39.759 [main] INFO  admin-flow - Admin product close completed. productId=2
10:36:39.770 [main] INFO  admin-flow - Loading admin product page. productId=null, status=null, sellerUsername=null
10:36:39.770 [main] INFO  admin-flow - Getting categories
10:36:39.771 [main] INFO  admin-flow - Returning categories
10:36:39.775 [main] INFO  admin-flow - Getting all products
10:36:39.775 [main] INFO  admin-flow - Returning all products
10:36:39.780 [main] INFO  admin-flow - Admin product page loaded. productId=null
10:36:39.792 [main] INFO  admin-flow - Processing admin product save. productId=null, productName=admin test item
10:36:39.793 [main] INFO  admin-flow - Starting admin product save. productId=null, productName=admin test item
10:36:39.799 [main] INFO  admin-flow - Admin product save completed. productId=221, productName=admin test item
10:36:39.799 [main] INFO  admin-flow - Admin product save completed. productId=null, productName=admin test item
10:36:39.815 [main] INFO  admin-flow - Loading admin report page.
10:36:39.815 [main] INFO  admin-flow - Admin report page loaded.
10:36:39.826 [main] INFO  admin-flow - Processing user lock. username=bidder1
10:36:39.826 [main] INFO  admin-flow - Starting user lock. username=bidder1
10:36:39.827 [main] INFO  admin-flow - User lock completed. username=bidder1
10:36:39.827 [main] INFO  admin-flow - User lock completed. username=bidder1
10:36:39.836 [main] INFO  admin-flow - Loading admin user page. userType=null
10:36:39.836 [main] INFO  admin-flow - Getting all users
10:36:39.836 [main] INFO  admin-flow - Returning all users
10:36:39.839 [main] INFO  admin-flow - Admin user page loaded. userType=null
10:36:39.855 [main] INFO  admin-flow - Loading admin user-package page. userPackageId=null
10:36:39.856 [main] INFO  admin-flow - Getting bidders.
10:36:39.857 [main] INFO  admin-flow - Getting packages.
10:36:39.859 [main] INFO  admin-flow - Getting all granted user package infos.
10:36:39.862 [main] INFO  admin-flow - Getting all package purchase request infos.
10:36:39.864 [main] INFO  admin-flow - Admin user-package page loaded. userPackageId=null
10:36:39.873 [main] INFO  admin-flow - Processing manual user-package assignment. username=bidder1, packageId=1
10:36:39.873 [main] INFO  admin-flow - Starting manual package assignment. username=bidder1, packageId=1
10:36:39.877 [main] INFO  admin-flow - Manual package assignment completed. username=bidder1, packageId=1
10:36:39.877 [main] INFO  admin-flow - Manual user-package assignment completed. username=bidder1, packageId=1
10:36:40.161 [main] INFO  admin-flow - Getting all bids for admin
10:36:40.161 [main] INFO  admin-flow - Returning all bids
10:36:40.177 [main] INFO  admin-flow - Getting all categories
10:36:40.177 [main] INFO  admin-flow - returning all categories
10:36:40.184 [main] INFO  admin-flow - Starting category save. catId=null, catName=Home Decor
10:36:40.187 [main] INFO  admin-flow - Category save completed. catId=73, catName=Home Decor
10:36:40.197 [main] INFO  admin-flow - Getting all countries
10:36:40.197 [main] INFO  admin-flow - Returning all countries
10:36:40.203 [main] INFO  admin-flow - Starting country save. countryId=null, countryName=Japan
10:36:40.206 [main] INFO  admin-flow - Country save completed. countryId=null, countryName=Japan
10:36:40.217 [main] INFO  admin-flow - Starting news save. newsId=null, newsTitle=Tomorrow holiday
10:36:40.220 [main] INFO  admin-flow - News save completed. newsId=null, newsTitle=Tomorrow holiday
10:36:40.226 [main] INFO  admin-flow - Getting all news
10:36:40.226 [main] INFO  admin-flow - Returning all news
10:36:40.240 [main] INFO  admin-flow - Getting all packages
10:36:40.240 [main] INFO  admin-flow - Returning all packages
10:36:40.247 [main] INFO  admin-flow - Starting package save. packageId=null, packageName=silver package
10:36:40.250 [main] INFO  admin-flow - Package save completed. packageId=136, packageName=silver package
10:36:40.261 [main] INFO  admin-flow - Starting admin product close. productId=2
10:36:40.263 [main] INFO  admin-flow - Admin product close completed. productId=2
10:36:40.269 [main] INFO  admin-flow - Starting admin product save. productId=null, productName=admin dao item
10:36:40.272 [main] INFO  admin-flow - Admin product save completed. productId=222, productName=admin dao item
10:36:40.278 [main] INFO  admin-flow - Getting all products
10:36:40.278 [main] INFO  admin-flow - Returning all products
10:36:40.289 [main] INFO  admin-flow - Getting confirmed bids report
10:36:40.289 [main] INFO  admin-flow - Returning confirmed bids report
10:36:40.296 [main] INFO  admin-flow - Getting user registration report
10:36:40.296 [main] INFO  admin-flow - Returning user registration report
10:36:40.303 [main] INFO  admin-flow - Getting bid report
10:36:40.303 [main] INFO  admin-flow - Returning bid report
10:36:40.309 [main] INFO  admin-flow - Getting auction report
10:36:40.310 [main] INFO  admin-flow - Returning auction report
10:36:40.321 [main] INFO  admin-flow - Getting all users
10:36:40.321 [main] INFO  admin-flow - Returning all users
10:36:40.328 [main] INFO  admin-flow - Starting user lock. username=bidder1
10:36:40.331 [main] INFO  admin-flow - User lock completed. username=bidder1
10:36:40.331 [main] INFO  admin-flow - Starting user unlock. username=bidder1
10:36:40.333 [main] INFO  admin-flow - User unlock completed. username=bidder1
10:36:40.343 [main] INFO  admin-flow - Starting manual package assignment. username=bidder1, packageId=1
10:36:40.348 [main] INFO  admin-flow - Manual package assignment completed. username=bidder1, packageId=1
10:36:40.354 [main] INFO  admin-flow - Getting all granted user package infos.
11:52:32.794 [main] INFO  admin-flow - Loading admin bid confirmations page.
11:52:32.796 [main] INFO  admin-flow - Getting all bids for admin
11:52:32.801 [main] INFO  admin-flow - Returning all bids
11:52:32.853 [main] INFO  admin-flow - Admin bid confirmations page loaded.
11:52:32.910 [main] INFO  admin-flow - Loading admin category page.
11:52:32.910 [main] INFO  admin-flow - Getting all categories
11:52:32.910 [main] INFO  admin-flow - returning all categories
11:52:32.913 [main] INFO  admin-flow - Admin category page loaded.
11:52:32.939 [main] INFO  admin-flow - Loading admin location page. countryId=null, stateId=null, cityId=null
11:52:32.939 [main] INFO  admin-flow - Getting all countries
11:52:32.939 [main] INFO  admin-flow - Returning all countries
11:52:32.946 [main] INFO  admin-flow - Getting all cities
11:52:32.946 [main] INFO  admin-flow - Returning all cities
11:52:32.949 [main] INFO  admin-flow - Admin location page loaded.
11:52:32.968 [main] INFO  admin-flow - Processing country save. countryId=null, countryName=Japan
11:52:32.968 [main] INFO  admin-flow - Starting country save. countryId=null, countryName=Japan
11:52:33.021 [main] INFO  admin-flow - Country save completed. countryId=null, countryName=Japan
11:52:33.022 [main] INFO  admin-flow - Country save completed. countryId=null, countryName=Japan
11:52:33.040 [main] INFO  admin-flow - Loading admin news page. newsId=null
11:52:33.041 [main] INFO  admin-flow - Getting all news
11:52:33.041 [main] INFO  admin-flow - Returning all news
11:52:33.043 [main] INFO  admin-flow - Admin news page loaded. newsId=null
11:52:33.051 [main] INFO  admin-flow - Processing news save. newsId=null, title=Tomorrow holiday
11:52:33.051 [main] INFO  admin-flow - Starting news save. newsId=null, newsTitle=Tomorrow holiday
11:52:33.055 [main] INFO  admin-flow - News save completed. newsId=null, newsTitle=Tomorrow holiday
11:52:33.055 [main] INFO  admin-flow - News save completed. newsId=null, title=Tomorrow holiday
11:52:33.081 [main] INFO  admin-flow - Processing admin package save. packageId=null, packageName=gold package
11:52:33.087 [main] INFO  admin-flow - Starting package save. packageId=null, packageName=gold package
11:52:33.092 [main] INFO  admin-flow - Package save completed. packageId=137, packageName=gold package
11:52:33.092 [main] INFO  admin-flow - Admin package save completed. packageId=null, packageName=gold package
11:52:33.101 [main] INFO  admin-flow - Loading admin package page.
11:52:33.101 [main] INFO  admin-flow - Getting all packages
11:52:33.101 [main] INFO  admin-flow - Returning all packages
11:52:33.103 [main] INFO  admin-flow - Admin package page loaded.
11:52:33.120 [main] INFO  admin-flow - Processing admin product close. productId=2
11:52:33.120 [main] INFO  admin-flow - Starting admin product close. productId=2
11:52:33.123 [main] INFO  admin-flow - Admin product close completed. productId=2
11:52:33.123 [main] INFO  admin-flow - Admin product close completed. productId=2
11:52:33.135 [main] INFO  admin-flow - Loading admin product page. productId=null, status=null, sellerUsername=null
11:52:33.135 [main] INFO  admin-flow - Getting categories
11:52:33.135 [main] INFO  admin-flow - Returning categories
11:52:33.139 [main] INFO  admin-flow - Getting all products
11:52:33.139 [main] INFO  admin-flow - Returning all products
11:52:33.145 [main] INFO  admin-flow - Admin product page loaded. productId=null
11:52:33.166 [main] INFO  admin-flow - Processing admin product save. productId=null, productName=admin test item
11:52:33.168 [main] INFO  admin-flow - Starting admin product save. productId=null, productName=admin test item
11:52:33.174 [main] INFO  admin-flow - Admin product save completed. productId=224, productName=admin test item
11:52:33.174 [main] INFO  admin-flow - Admin product save completed. productId=null, productName=admin test item
11:52:33.188 [main] INFO  admin-flow - Loading admin report page.
11:52:33.188 [main] INFO  admin-flow - Admin report page loaded.
11:52:33.202 [main] INFO  admin-flow - Processing user lock. username=bidder1
11:52:33.202 [main] INFO  admin-flow - Starting user lock. username=bidder1
11:52:33.204 [main] INFO  admin-flow - User lock completed. username=bidder1
11:52:33.204 [main] INFO  admin-flow - User lock completed. username=bidder1
11:52:33.216 [main] INFO  admin-flow - Loading admin user page. userType=null
11:52:33.216 [main] INFO  admin-flow - Getting all users
11:52:33.217 [main] INFO  admin-flow - Returning all users
11:52:33.232 [main] INFO  admin-flow - Admin user page loaded. userType=null
11:52:33.245 [main] INFO  admin-flow - Loading admin user-package page. userPackageId=null
11:52:33.245 [main] INFO  admin-flow - Getting bidders.
11:52:33.248 [main] INFO  admin-flow - Getting packages.
11:52:33.249 [main] INFO  admin-flow - Getting all granted user package infos.
11:52:33.253 [main] INFO  admin-flow - Getting all package purchase request infos.
11:52:33.256 [main] INFO  admin-flow - Admin user-package page loaded. userPackageId=null
11:52:33.266 [main] INFO  admin-flow - Processing manual user-package assignment. username=bidder1, packageId=1
11:52:33.266 [main] INFO  admin-flow - Starting manual package assignment. username=bidder1, packageId=1
11:52:33.274 [main] INFO  admin-flow - Manual package assignment completed. username=bidder1, packageId=1
11:52:33.274 [main] INFO  admin-flow - Manual user-package assignment completed. username=bidder1, packageId=1
11:52:33.661 [main] INFO  admin-flow - Getting all bids for admin
11:52:33.662 [main] INFO  admin-flow - Returning all bids
11:52:33.683 [main] INFO  admin-flow - Getting all categories
11:52:33.683 [main] INFO  admin-flow - returning all categories
11:52:33.689 [main] INFO  admin-flow - Starting category save. catId=null, catName=Home Decor
11:52:33.693 [main] INFO  admin-flow - Category save completed. catId=74, catName=Home Decor
11:52:33.702 [main] INFO  admin-flow - Getting all countries
11:52:33.703 [main] INFO  admin-flow - Returning all countries
11:52:33.710 [main] INFO  admin-flow - Starting country save. countryId=null, countryName=Japan
11:52:33.712 [main] INFO  admin-flow - Country save completed. countryId=null, countryName=Japan
11:52:33.723 [main] INFO  admin-flow - Starting news save. newsId=null, newsTitle=Tomorrow holiday
11:52:33.725 [main] INFO  admin-flow - News save completed. newsId=null, newsTitle=Tomorrow holiday
11:52:33.731 [main] INFO  admin-flow - Getting all news
11:52:33.731 [main] INFO  admin-flow - Returning all news
11:52:33.744 [main] INFO  admin-flow - Getting all packages
11:52:33.744 [main] INFO  admin-flow - Returning all packages
11:52:33.752 [main] INFO  admin-flow - Starting package save. packageId=null, packageName=silver package
11:52:33.755 [main] INFO  admin-flow - Package save completed. packageId=138, packageName=silver package
11:52:33.766 [main] INFO  admin-flow - Starting admin product close. productId=2
11:52:33.768 [main] INFO  admin-flow - Admin product close completed. productId=2
11:52:33.774 [main] INFO  admin-flow - Starting admin product save. productId=null, productName=admin dao item
11:52:33.777 [main] INFO  admin-flow - Admin product save completed. productId=225, productName=admin dao item
11:52:33.784 [main] INFO  admin-flow - Getting all products
11:52:33.784 [main] INFO  admin-flow - Returning all products
11:52:33.798 [main] INFO  admin-flow - Getting confirmed bids report
11:52:33.798 [main] INFO  admin-flow - Returning confirmed bids report
11:52:33.807 [main] INFO  admin-flow - Getting user registration report
11:52:33.807 [main] INFO  admin-flow - Returning user registration report
11:52:33.812 [main] INFO  admin-flow - Getting bid report
11:52:33.813 [main] INFO  admin-flow - Returning bid report
11:52:33.820 [main] INFO  admin-flow - Getting auction report
11:52:33.820 [main] INFO  admin-flow - Returning auction report
11:52:33.831 [main] INFO  admin-flow - Getting all users
11:52:33.831 [main] INFO  admin-flow - Returning all users
11:52:33.839 [main] INFO  admin-flow - Starting user lock. username=bidder1
11:52:33.841 [main] INFO  admin-flow - User lock completed. username=bidder1
11:52:33.841 [main] INFO  admin-flow - Starting user unlock. username=bidder1
11:52:33.842 [main] INFO  admin-flow - User unlock completed. username=bidder1
11:52:33.854 [main] INFO  admin-flow - Starting manual package assignment. username=bidder1, packageId=1
11:52:33.858 [main] INFO  admin-flow - Manual package assignment completed. username=bidder1, packageId=1
11:52:33.865 [main] INFO  admin-flow - Getting all granted user package infos.
12:07:38.981 [main] INFO  admin-flow - Loading admin bid confirmations page.
12:07:38.983 [main] INFO  admin-flow - Getting all bids for admin
12:07:38.991 [main] INFO  admin-flow - Returning all bids
12:07:39.059 [main] INFO  admin-flow - Admin bid confirmations page loaded.
12:07:39.134 [main] INFO  admin-flow - Loading admin category page.
12:07:39.134 [main] INFO  admin-flow - Getting all categories
12:07:39.135 [main] INFO  admin-flow - returning all categories
12:07:39.139 [main] INFO  admin-flow - Admin category page loaded.
12:07:39.169 [main] INFO  admin-flow - Loading admin location page. countryId=null, stateId=null, cityId=null
12:07:39.170 [main] INFO  admin-flow - Getting all countries
12:07:39.171 [main] INFO  admin-flow - Returning all countries
12:07:39.177 [main] INFO  admin-flow - Getting all cities
12:07:39.177 [main] INFO  admin-flow - Returning all cities
12:07:39.179 [main] INFO  admin-flow - Admin location page loaded.
12:07:39.193 [main] INFO  admin-flow - Processing country save. countryId=null, countryName=Japan
12:07:39.193 [main] INFO  admin-flow - Starting country save. countryId=null, countryName=Japan
12:07:39.239 [main] INFO  admin-flow - Country save completed. countryId=null, countryName=Japan
12:07:39.239 [main] INFO  admin-flow - Country save completed. countryId=null, countryName=Japan
12:07:39.256 [main] INFO  admin-flow - Loading admin news page. newsId=null
12:07:39.256 [main] INFO  admin-flow - Getting all news
12:07:39.256 [main] INFO  admin-flow - Returning all news
12:07:39.259 [main] INFO  admin-flow - Admin news page loaded. newsId=null
12:07:39.266 [main] INFO  admin-flow - Processing news save. newsId=null, title=Tomorrow holiday
12:07:39.267 [main] INFO  admin-flow - Starting news save. newsId=null, newsTitle=Tomorrow holiday
12:07:39.270 [main] INFO  admin-flow - News save completed. newsId=null, newsTitle=Tomorrow holiday
12:07:39.271 [main] INFO  admin-flow - News save completed. newsId=null, title=Tomorrow holiday
12:07:39.295 [main] INFO  admin-flow - Processing admin package save. packageId=null, packageName=gold package
12:07:39.299 [main] INFO  admin-flow - Starting package save. packageId=null, packageName=gold package
12:07:39.303 [main] INFO  admin-flow - Package save completed. packageId=139, packageName=gold package
12:07:39.304 [main] INFO  admin-flow - Admin package save completed. packageId=null, packageName=gold package
12:07:39.312 [main] INFO  admin-flow - Loading admin package page.
12:07:39.312 [main] INFO  admin-flow - Getting all packages
12:07:39.312 [main] INFO  admin-flow - Returning all packages
12:07:39.314 [main] INFO  admin-flow - Admin package page loaded.
12:07:39.328 [main] INFO  admin-flow - Processing admin product close. productId=2
12:07:39.328 [main] INFO  admin-flow - Starting admin product close. productId=2
12:07:39.332 [main] INFO  admin-flow - Admin product close completed. productId=2
12:07:39.332 [main] INFO  admin-flow - Admin product close completed. productId=2
12:07:39.343 [main] INFO  admin-flow - Loading admin product page. productId=null, status=null, sellerUsername=null
12:07:39.343 [main] INFO  admin-flow - Getting categories
12:07:39.344 [main] INFO  admin-flow - Returning categories
12:07:39.348 [main] INFO  admin-flow - Getting all products
12:07:39.348 [main] INFO  admin-flow - Returning all products
12:07:39.356 [main] INFO  admin-flow - Admin product page loaded. productId=null
12:07:39.370 [main] INFO  admin-flow - Processing admin product save. productId=null, productName=admin test item
12:07:39.372 [main] INFO  admin-flow - Starting admin product save. productId=null, productName=admin test item
12:07:39.377 [main] INFO  admin-flow - Admin product save completed. productId=227, productName=admin test item
12:07:39.378 [main] INFO  admin-flow - Admin product save completed. productId=null, productName=admin test item
12:07:39.391 [main] INFO  admin-flow - Loading admin report page.
12:07:39.391 [main] INFO  admin-flow - Admin report page loaded.
12:07:39.404 [main] INFO  admin-flow - Processing user lock. username=bidder1
12:07:39.405 [main] INFO  admin-flow - Starting user lock. username=bidder1
12:07:39.406 [main] INFO  admin-flow - User lock completed. username=bidder1
12:07:39.406 [main] INFO  admin-flow - User lock completed. username=bidder1
12:07:39.416 [main] INFO  admin-flow - Loading admin user page. userType=null
12:07:39.416 [main] INFO  admin-flow - Getting all users
12:07:39.416 [main] INFO  admin-flow - Returning all users
12:07:39.421 [main] INFO  admin-flow - Admin user page loaded. userType=null
12:07:39.439 [main] INFO  admin-flow - Loading admin user-package page. userPackageId=null
12:07:39.440 [main] INFO  admin-flow - Getting bidders.
12:07:39.442 [main] INFO  admin-flow - Getting packages.
12:07:39.443 [main] INFO  admin-flow - Getting all granted user package infos.
12:07:39.446 [main] INFO  admin-flow - Getting all package purchase request infos.
12:07:39.448 [main] INFO  admin-flow - Admin user-package page loaded. userPackageId=null
12:07:39.457 [main] INFO  admin-flow - Processing manual user-package assignment. username=bidder1, packageId=1
12:07:39.457 [main] INFO  admin-flow - Starting manual package assignment. username=bidder1, packageId=1
12:07:39.464 [main] INFO  admin-flow - Manual package assignment completed. username=bidder1, packageId=1
12:07:39.464 [main] INFO  admin-flow - Manual user-package assignment completed. username=bidder1, packageId=1
12:07:39.844 [main] INFO  admin-flow - Getting all bids for admin
12:07:39.844 [main] INFO  admin-flow - Returning all bids
12:07:39.863 [main] INFO  admin-flow - Getting all categories
12:07:39.863 [main] INFO  admin-flow - returning all categories
12:07:39.871 [main] INFO  admin-flow - Starting category save. catId=null, catName=Home Decor
12:07:39.874 [main] INFO  admin-flow - Category save completed. catId=75, catName=Home Decor
12:07:39.885 [main] INFO  admin-flow - Getting all countries
12:07:39.886 [main] INFO  admin-flow - Returning all countries
12:07:39.893 [main] INFO  admin-flow - Starting country save. countryId=null, countryName=Japan
12:07:39.895 [main] INFO  admin-flow - Country save completed. countryId=null, countryName=Japan
12:07:39.906 [main] INFO  admin-flow - Starting news save. newsId=null, newsTitle=Tomorrow holiday
12:07:39.909 [main] INFO  admin-flow - News save completed. newsId=null, newsTitle=Tomorrow holiday
12:07:39.915 [main] INFO  admin-flow - Getting all news
12:07:39.915 [main] INFO  admin-flow - Returning all news
12:07:39.928 [main] INFO  admin-flow - Getting all packages
12:07:39.928 [main] INFO  admin-flow - Returning all packages
12:07:39.936 [main] INFO  admin-flow - Starting package save. packageId=null, packageName=silver package
12:07:39.940 [main] INFO  admin-flow - Package save completed. packageId=140, packageName=silver package
12:07:39.947 [main] INFO  admin-flow - Starting admin product close. productId=2
12:07:39.948 [main] INFO  admin-flow - Admin product close completed. productId=2
12:07:39.953 [main] INFO  admin-flow - Starting admin product save. productId=null, productName=admin dao item
12:07:39.959 [main] INFO  admin-flow - Admin product save completed. productId=228, productName=admin dao item
12:07:39.964 [main] INFO  admin-flow - Getting all products
12:07:39.965 [main] INFO  admin-flow - Returning all products
12:07:39.975 [main] INFO  admin-flow - Getting confirmed bids report
12:07:39.975 [main] INFO  admin-flow - Returning confirmed bids report
12:07:39.983 [main] INFO  admin-flow - Getting user registration report
12:07:39.983 [main] INFO  admin-flow - Returning user registration report
12:07:39.990 [main] INFO  admin-flow - Getting bid report
12:07:39.990 [main] INFO  admin-flow - Returning bid report
12:07:39.996 [main] INFO  admin-flow - Getting auction report
12:07:39.996 [main] INFO  admin-flow - Returning auction report
12:07:40.007 [main] INFO  admin-flow - Getting all users
12:07:40.007 [main] INFO  admin-flow - Returning all users
12:07:40.015 [main] INFO  admin-flow - Starting user lock. username=bidder1
12:07:40.016 [main] INFO  admin-flow - User lock completed. username=bidder1
12:07:40.016 [main] INFO  admin-flow - Starting user unlock. username=bidder1
12:07:40.018 [main] INFO  admin-flow - User unlock completed. username=bidder1
12:07:40.028 [main] INFO  admin-flow - Starting manual package assignment. username=bidder1, packageId=1
12:07:40.033 [main] INFO  admin-flow - Manual package assignment completed. username=bidder1, packageId=1
12:07:40.040 [main] INFO  admin-flow - Getting all granted user package infos.
18:37:33.025 [main] INFO  admin-flow - Loading admin bid confirmations page.
18:37:33.026 [main] INFO  admin-flow - Getting all bids for admin
18:37:33.032 [main] INFO  admin-flow - Returning all bids
18:37:33.091 [main] INFO  admin-flow - Admin bid confirmations page loaded.
18:37:33.157 [main] INFO  admin-flow - Loading admin category page.
18:37:33.157 [main] INFO  admin-flow - Getting all categories
18:37:33.157 [main] INFO  admin-flow - returning all categories
18:37:33.161 [main] INFO  admin-flow - Admin category page loaded.
18:37:33.189 [main] INFO  admin-flow - Loading admin location page. countryId=null, stateId=null, cityId=null
18:37:33.190 [main] INFO  admin-flow - Getting all countries
18:37:33.190 [main] INFO  admin-flow - Returning all countries
18:37:33.196 [main] INFO  admin-flow - Getting all cities
18:37:33.197 [main] INFO  admin-flow - Returning all cities
18:37:33.201 [main] INFO  admin-flow - Admin location page loaded.
18:37:33.234 [main] INFO  admin-flow - Processing country save. countryId=null, countryName=Japan
18:37:33.234 [main] INFO  admin-flow - Starting country save. countryId=null, countryName=Japan
18:37:33.310 [main] INFO  admin-flow - Country save completed. countryId=null, countryName=Japan
18:37:33.310 [main] INFO  admin-flow - Country save completed. countryId=null, countryName=Japan
18:37:33.337 [main] INFO  admin-flow - Loading admin news page. newsId=null
18:37:33.339 [main] INFO  admin-flow - Getting all news
18:37:33.339 [main] INFO  admin-flow - Returning all news
18:37:33.343 [main] INFO  admin-flow - Admin news page loaded. newsId=null
18:37:33.353 [main] INFO  admin-flow - Processing news save. newsId=null, title=Tomorrow holiday
18:37:33.354 [main] INFO  admin-flow - Starting news save. newsId=null, newsTitle=Tomorrow holiday
18:37:33.359 [main] INFO  admin-flow - News save completed. newsId=null, newsTitle=Tomorrow holiday
18:37:33.359 [main] INFO  admin-flow - News save completed. newsId=null, title=Tomorrow holiday
18:37:33.386 [main] INFO  admin-flow - Processing admin package save. packageId=null, packageName=gold package
18:37:33.393 [main] INFO  admin-flow - Starting package save. packageId=null, packageName=gold package
18:37:33.402 [main] INFO  admin-flow - Package save completed. packageId=141, packageName=gold package
18:37:33.402 [main] INFO  admin-flow - Admin package save completed. packageId=null, packageName=gold package
18:37:33.412 [main] INFO  admin-flow - Loading admin package page.
18:37:33.412 [main] INFO  admin-flow - Getting all packages
18:37:33.412 [main] INFO  admin-flow - Returning all packages
18:37:33.414 [main] INFO  admin-flow - Admin package page loaded.
18:37:33.432 [main] INFO  admin-flow - Processing admin product close. productId=2
18:37:33.432 [main] INFO  admin-flow - Starting admin product close. productId=2
18:37:33.438 [main] INFO  admin-flow - Admin product close completed. productId=2
18:37:33.438 [main] INFO  admin-flow - Admin product close completed. productId=2
18:37:33.451 [main] INFO  admin-flow - Loading admin product page. productId=null, status=null, sellerUsername=null
18:37:33.451 [main] INFO  admin-flow - Getting categories
18:37:33.451 [main] INFO  admin-flow - Returning categories
18:37:33.457 [main] INFO  admin-flow - Getting all products
18:37:33.458 [main] INFO  admin-flow - Returning all products
18:37:33.466 [main] INFO  admin-flow - Admin product page loaded. productId=null
18:37:33.481 [main] INFO  admin-flow - Processing admin product save. productId=null, productName=admin test item
18:37:33.484 [main] INFO  admin-flow - Starting admin product save. productId=null, productName=admin test item
18:37:33.492 [main] INFO  admin-flow - Admin product save completed. productId=230, productName=admin test item
18:37:33.493 [main] INFO  admin-flow - Admin product save completed. productId=null, productName=admin test item
18:37:33.509 [main] INFO  admin-flow - Loading admin report page.
18:37:33.509 [main] INFO  admin-flow - Admin report page loaded.
18:37:33.524 [main] INFO  admin-flow - Processing user lock. username=bidder1
18:37:33.524 [main] INFO  admin-flow - Starting user lock. username=bidder1
18:37:33.526 [main] INFO  admin-flow - User lock completed. username=bidder1
18:37:33.526 [main] INFO  admin-flow - User lock completed. username=bidder1
18:37:33.536 [main] INFO  admin-flow - Loading admin user page. userType=null
18:37:33.536 [main] INFO  admin-flow - Getting all users
18:37:33.536 [main] INFO  admin-flow - Returning all users
18:37:33.540 [main] INFO  admin-flow - Admin user page loaded. userType=null
18:37:33.556 [main] INFO  admin-flow - Loading admin user-package page. userPackageId=null
18:37:33.557 [main] INFO  admin-flow - Getting bidders.
18:37:33.559 [main] INFO  admin-flow - Getting packages.
18:37:33.559 [main] INFO  admin-flow - Getting all granted user package infos.
18:37:33.565 [main] INFO  admin-flow - Getting all package purchase request infos.
18:37:33.568 [main] INFO  admin-flow - Admin user-package page loaded. userPackageId=null
18:37:33.580 [main] INFO  admin-flow - Processing manual user-package assignment. username=bidder1, packageId=1
18:37:33.580 [main] INFO  admin-flow - Starting manual package assignment. username=bidder1, packageId=1
18:37:33.587 [main] INFO  admin-flow - Manual package assignment completed. username=bidder1, packageId=1
18:37:33.588 [main] INFO  admin-flow - Manual user-package assignment completed. username=bidder1, packageId=1
18:37:33.890 [main] INFO  admin-flow - Getting all bids for admin
18:37:33.890 [main] INFO  admin-flow - Returning all bids
18:37:33.900 [main] INFO  admin-flow - Getting all categories
18:37:33.900 [main] INFO  admin-flow - returning all categories
18:37:33.906 [main] INFO  admin-flow - Starting category save. catId=null, catName=Home Decor
18:37:33.910 [main] INFO  admin-flow - Category save completed. catId=76, catName=Home Decor
18:37:33.917 [main] INFO  admin-flow - Getting all countries
18:37:33.917 [main] INFO  admin-flow - Returning all countries
18:37:33.923 [main] INFO  admin-flow - Starting country save. countryId=null, countryName=Japan
18:37:33.925 [main] INFO  admin-flow - Country save completed. countryId=null, countryName=Japan
18:37:33.930 [main] INFO  admin-flow - Starting news save. newsId=null, newsTitle=Tomorrow holiday
18:37:33.932 [main] INFO  admin-flow - News save completed. newsId=null, newsTitle=Tomorrow holiday
18:37:33.936 [main] INFO  admin-flow - Getting all news
18:37:33.936 [main] INFO  admin-flow - Returning all news
18:37:33.943 [main] INFO  admin-flow - Getting all packages
18:37:33.943 [main] INFO  admin-flow - Returning all packages
18:37:33.948 [main] INFO  admin-flow - Starting package save. packageId=null, packageName=silver package
18:37:33.950 [main] INFO  admin-flow - Package save completed. packageId=142, packageName=silver package
18:37:33.959 [main] INFO  admin-flow - Starting admin product close. productId=2
18:37:33.960 [main] INFO  admin-flow - Admin product close completed. productId=2
18:37:33.964 [main] INFO  admin-flow - Starting admin product save. productId=null, productName=admin dao item
18:37:33.968 [main] INFO  admin-flow - Admin product save completed. productId=231, productName=admin dao item
18:37:33.974 [main] INFO  admin-flow - Getting all products
18:37:33.975 [main] INFO  admin-flow - Returning all products
18:37:33.983 [main] INFO  admin-flow - Getting confirmed bids report
18:37:33.983 [main] INFO  admin-flow - Returning confirmed bids report
18:37:33.991 [main] INFO  admin-flow - Getting user registration report
18:37:33.991 [main] INFO  admin-flow - Returning user registration report
18:37:33.998 [main] INFO  admin-flow - Getting bid report
18:37:33.998 [main] INFO  admin-flow - Returning bid report
18:37:34.005 [main] INFO  admin-flow - Getting auction report
18:37:34.005 [main] INFO  admin-flow - Returning auction report
18:37:34.017 [main] INFO  admin-flow - Getting all users
18:37:34.018 [main] INFO  admin-flow - Returning all users
18:37:34.025 [main] INFO  admin-flow - Starting user lock. username=bidder1
18:37:34.026 [main] INFO  admin-flow - User lock completed. username=bidder1
18:37:34.026 [main] INFO  admin-flow - Starting user unlock. username=bidder1
18:37:34.027 [main] INFO  admin-flow - User unlock completed. username=bidder1
18:37:34.035 [main] INFO  admin-flow - Starting manual package assignment. username=bidder1, packageId=1
18:37:34.040 [main] INFO  admin-flow - Manual package assignment completed. username=bidder1, packageId=1
18:37:34.045 [main] INFO  admin-flow - Getting all granted user package infos.
07:40:44.545 [main] INFO  admin-flow - Loading admin bid confirmations page.
07:40:44.546 [main] INFO  admin-flow - Getting all bids for admin
07:40:44.561 [main] INFO  admin-flow - Returning all bids
07:40:44.635 [main] INFO  admin-flow - Admin bid confirmations page loaded.
07:40:44.713 [main] INFO  admin-flow - Loading admin category page.
07:40:44.714 [main] INFO  admin-flow - Getting all categories
07:40:44.714 [main] INFO  admin-flow - returning all categories
07:40:44.720 [main] INFO  admin-flow - Admin category page loaded.
07:40:44.755 [main] INFO  admin-flow - Loading admin location page. countryId=null, stateId=null, cityId=null
07:40:44.755 [main] INFO  admin-flow - Getting all countries
07:40:44.756 [main] INFO  admin-flow - Returning all countries
07:40:44.761 [main] INFO  admin-flow - Getting all cities
07:40:44.761 [main] INFO  admin-flow - Returning all cities
07:40:44.767 [main] INFO  admin-flow - Admin location page loaded.
07:40:44.787 [main] INFO  admin-flow - Processing country save. countryId=null, countryName=Japan
07:40:44.787 [main] INFO  admin-flow - Starting country save. countryId=null, countryName=Japan
07:40:44.837 [main] INFO  admin-flow - Country save completed. countryId=null, countryName=Japan
07:40:44.838 [main] INFO  admin-flow - Country save completed. countryId=null, countryName=Japan
07:40:44.859 [main] INFO  admin-flow - Loading admin news page. newsId=null
07:40:44.859 [main] INFO  admin-flow - Getting all news
07:40:44.859 [main] INFO  admin-flow - Returning all news
07:40:44.862 [main] INFO  admin-flow - Admin news page loaded. newsId=null
07:40:44.874 [main] INFO  admin-flow - Processing news save. newsId=null, title=Tomorrow holiday
07:40:44.875 [main] INFO  admin-flow - Starting news save. newsId=null, newsTitle=Tomorrow holiday
07:40:44.877 [main] INFO  admin-flow - News save completed. newsId=null, newsTitle=Tomorrow holiday
07:40:44.878 [main] INFO  admin-flow - News save completed. newsId=null, title=Tomorrow holiday
07:40:44.910 [main] INFO  admin-flow - Processing admin package save. packageId=null, packageName=gold package
07:40:44.916 [main] INFO  admin-flow - Starting package save. packageId=null, packageName=gold package
07:40:44.926 [main] INFO  admin-flow - Package save completed. packageId=143, packageName=gold package
07:40:44.926 [main] INFO  admin-flow - Admin package save completed. packageId=null, packageName=gold package
07:40:44.939 [main] INFO  admin-flow - Loading admin package page.
07:40:44.939 [main] INFO  admin-flow - Getting all packages
07:40:44.940 [main] INFO  admin-flow - Returning all packages
07:40:44.942 [main] INFO  admin-flow - Admin package page loaded.
07:40:44.960 [main] INFO  admin-flow - Processing admin product close. productId=2
07:40:44.960 [main] INFO  admin-flow - Starting admin product close. productId=2
07:40:44.968 [main] INFO  admin-flow - Admin product close completed. productId=2
07:40:44.968 [main] INFO  admin-flow - Admin product close completed. productId=2
07:40:44.985 [main] INFO  admin-flow - Loading admin product page. productId=null, status=null, sellerUsername=null
07:40:44.986 [main] INFO  admin-flow - Getting categories
07:40:44.986 [main] INFO  admin-flow - Returning categories
07:40:44.991 [main] INFO  admin-flow - Getting all products
07:40:44.992 [main] INFO  admin-flow - Returning all products
07:40:45.002 [main] INFO  admin-flow - Admin product page loaded. productId=null
07:40:45.017 [main] INFO  admin-flow - Processing admin product save. productId=null, productName=admin test item
07:40:45.020 [main] INFO  admin-flow - Starting admin product save. productId=null, productName=admin test item
07:40:45.028 [main] INFO  admin-flow - Admin product save completed. productId=233, productName=admin test item
07:40:45.029 [main] INFO  admin-flow - Admin product save completed. productId=null, productName=admin test item
07:40:45.043 [main] INFO  admin-flow - Loading admin report page.
07:40:45.043 [main] INFO  admin-flow - Admin report page loaded.
07:40:45.060 [main] INFO  admin-flow - Processing user lock. username=bidder1
07:40:45.060 [main] INFO  admin-flow - Starting user lock. username=bidder1
07:40:45.062 [main] INFO  admin-flow - User lock completed. username=bidder1
07:40:45.062 [main] INFO  admin-flow - User lock completed. username=bidder1
07:40:45.074 [main] INFO  admin-flow - Loading admin user page. userType=null
07:40:45.074 [main] INFO  admin-flow - Getting all users
07:40:45.074 [main] INFO  admin-flow - Returning all users
07:40:45.079 [main] INFO  admin-flow - Admin user page loaded. userType=null
07:40:45.092 [main] INFO  admin-flow - Loading admin user-package page. userPackageId=null
07:40:45.092 [main] INFO  admin-flow - Getting bidders.
07:40:45.094 [main] INFO  admin-flow - Getting packages.
07:40:45.095 [main] INFO  admin-flow - Getting all granted user package infos.
07:40:45.098 [main] INFO  admin-flow - Getting all package purchase request infos.
07:40:45.100 [main] INFO  admin-flow - Admin user-package page loaded. userPackageId=null
07:40:45.108 [main] INFO  admin-flow - Processing manual user-package assignment. username=bidder1, packageId=1
07:40:45.108 [main] INFO  admin-flow - Starting manual package assignment. username=bidder1, packageId=1
07:40:45.118 [main] INFO  admin-flow - Manual package assignment completed. username=bidder1, packageId=1
07:40:45.119 [main] INFO  admin-flow - Manual user-package assignment completed. username=bidder1, packageId=1
07:40:45.543 [main] INFO  admin-flow - Getting all bids for admin
07:40:45.543 [main] INFO  admin-flow - Returning all bids
07:40:45.558 [main] INFO  admin-flow - Getting all categories
07:40:45.558 [main] INFO  admin-flow - returning all categories
07:40:45.565 [main] INFO  admin-flow - Starting category save. catId=null, catName=Home Decor
07:40:45.569 [main] INFO  admin-flow - Category save completed. catId=77, catName=Home Decor
07:40:45.577 [main] INFO  admin-flow - Getting all countries
07:40:45.578 [main] INFO  admin-flow - Returning all countries
07:40:45.585 [main] INFO  admin-flow - Starting country save. countryId=null, countryName=Japan
07:40:45.587 [main] INFO  admin-flow - Country save completed. countryId=null, countryName=Japan
07:40:45.595 [main] INFO  admin-flow - Starting news save. newsId=null, newsTitle=Tomorrow holiday
07:40:45.597 [main] INFO  admin-flow - News save completed. newsId=null, newsTitle=Tomorrow holiday
07:40:45.603 [main] INFO  admin-flow - Getting all news
07:40:45.603 [main] INFO  admin-flow - Returning all news
07:40:45.612 [main] INFO  admin-flow - Getting all packages
07:40:45.612 [main] INFO  admin-flow - Returning all packages
07:40:45.618 [main] INFO  admin-flow - Starting package save. packageId=null, packageName=silver package
07:40:45.621 [main] INFO  admin-flow - Package save completed. packageId=144, packageName=silver package
07:40:45.628 [main] INFO  admin-flow - Starting admin product close. productId=2
07:40:45.629 [main] INFO  admin-flow - Admin product close completed. productId=2
07:40:45.633 [main] INFO  admin-flow - Starting admin product save. productId=null, productName=admin dao item
07:40:45.639 [main] INFO  admin-flow - Admin product save completed. productId=234, productName=admin dao item
07:40:45.643 [main] INFO  admin-flow - Getting all products
07:40:45.644 [main] INFO  admin-flow - Returning all products
07:40:45.654 [main] INFO  admin-flow - Getting confirmed bids report
07:40:45.654 [main] INFO  admin-flow - Returning confirmed bids report
07:40:45.663 [main] INFO  admin-flow - Getting user registration report
07:40:45.663 [main] INFO  admin-flow - Returning user registration report
07:40:45.669 [main] INFO  admin-flow - Getting bid report
07:40:45.669 [main] INFO  admin-flow - Returning bid report
07:40:45.676 [main] INFO  admin-flow - Getting auction report
07:40:45.677 [main] INFO  admin-flow - Returning auction report
07:40:45.689 [main] INFO  admin-flow - Getting all users
07:40:45.689 [main] INFO  admin-flow - Returning all users
07:40:45.703 [main] INFO  admin-flow - Starting user lock. username=bidder1
07:40:45.705 [main] INFO  admin-flow - User lock completed. username=bidder1
07:40:45.705 [main] INFO  admin-flow - Starting user unlock. username=bidder1
07:40:45.706 [main] INFO  admin-flow - User unlock completed. username=bidder1
07:40:45.721 [main] INFO  admin-flow - Starting manual package assignment. username=bidder1, packageId=1
07:40:45.728 [main] INFO  admin-flow - Manual package assignment completed. username=bidder1, packageId=1
07:40:45.734 [main] INFO  admin-flow - Getting all granted user package infos.
07:44:46.543 [main] INFO  admin-flow - Loading admin bid confirmations page.
07:44:46.543 [main] INFO  admin-flow - Getting all bids for admin
07:44:46.552 [main] INFO  admin-flow - Returning all bids
07:44:46.662 [main] INFO  admin-flow - Admin bid confirmations page loaded.
07:44:46.728 [main] INFO  admin-flow - Loading admin category page.
07:44:46.728 [main] INFO  admin-flow - Getting all categories
07:44:46.729 [main] INFO  admin-flow - returning all categories
07:44:46.732 [main] INFO  admin-flow - Admin category page loaded.
07:44:46.767 [main] INFO  admin-flow - Loading admin location page. countryId=null, stateId=null, cityId=null
07:44:46.767 [main] INFO  admin-flow - Getting all countries
07:44:46.767 [main] INFO  admin-flow - Returning all countries
07:44:46.780 [main] INFO  admin-flow - Getting all cities
07:44:46.781 [main] INFO  admin-flow - Returning all cities
07:44:46.785 [main] INFO  admin-flow - Admin location page loaded.
07:44:46.805 [main] INFO  admin-flow - Processing country save. countryId=null, countryName=Japan
07:44:46.806 [main] INFO  admin-flow - Starting country save. countryId=null, countryName=Japan
07:44:46.850 [main] INFO  admin-flow - Country save completed. countryId=null, countryName=Japan
07:44:46.850 [main] INFO  admin-flow - Country save completed. countryId=null, countryName=Japan
07:44:46.870 [main] INFO  admin-flow - Loading admin news page. newsId=null
07:44:46.870 [main] INFO  admin-flow - Getting all news
07:44:46.870 [main] INFO  admin-flow - Returning all news
07:44:46.874 [main] INFO  admin-flow - Admin news page loaded. newsId=null
07:44:46.888 [main] INFO  admin-flow - Processing news save. newsId=null, title=Tomorrow holiday
07:44:46.889 [main] INFO  admin-flow - Starting news save. newsId=null, newsTitle=Tomorrow holiday
07:44:46.893 [main] INFO  admin-flow - News save completed. newsId=null, newsTitle=Tomorrow holiday
07:44:46.893 [main] INFO  admin-flow - News save completed. newsId=null, title=Tomorrow holiday
07:44:46.925 [main] INFO  admin-flow - Processing admin package save. packageId=null, packageName=gold package
07:44:46.934 [main] INFO  admin-flow - Starting package save. packageId=null, packageName=gold package
07:44:46.942 [main] INFO  admin-flow - Package save completed. packageId=145, packageName=gold package
07:44:46.942 [main] INFO  admin-flow - Admin package save completed. packageId=null, packageName=gold package
07:44:46.954 [main] INFO  admin-flow - Loading admin package page.
07:44:46.955 [main] INFO  admin-flow - Getting all packages
07:44:46.955 [main] INFO  admin-flow - Returning all packages
07:44:46.958 [main] INFO  admin-flow - Admin package page loaded.
07:44:46.980 [main] INFO  admin-flow - Processing admin product close. productId=2
07:44:46.980 [main] INFO  admin-flow - Starting admin product close. productId=2
07:44:46.983 [main] INFO  admin-flow - Admin product close completed. productId=2
07:44:46.983 [main] INFO  admin-flow - Admin product close completed. productId=2
07:44:46.994 [main] INFO  admin-flow - Loading admin product page. productId=null, status=null, sellerUsername=null
07:44:46.994 [main] INFO  admin-flow - Getting categories
07:44:46.995 [main] INFO  admin-flow - Returning categories
07:44:47.000 [main] INFO  admin-flow - Getting all products
07:44:47.000 [main] INFO  admin-flow - Returning all products
07:44:47.007 [main] INFO  admin-flow - Admin product page loaded. productId=null
07:44:47.019 [main] INFO  admin-flow - Processing admin product save. productId=null, productName=admin test item
07:44:47.021 [main] INFO  admin-flow - Starting admin product save. productId=null, productName=admin test item
07:44:47.030 [main] INFO  admin-flow - Admin product save completed. productId=236, productName=admin test item
07:44:47.030 [main] INFO  admin-flow - Admin product save completed. productId=null, productName=admin test item
07:44:47.048 [main] INFO  admin-flow - Loading admin report page.
07:44:47.049 [main] INFO  admin-flow - Admin report page loaded.
07:44:47.064 [main] INFO  admin-flow - Processing user lock. username=bidder1
07:44:47.065 [main] INFO  admin-flow - Starting user lock. username=bidder1
07:44:47.066 [main] INFO  admin-flow - User lock completed. username=bidder1
07:44:47.067 [main] INFO  admin-flow - User lock completed. username=bidder1
07:44:47.077 [main] INFO  admin-flow - Loading admin user page. userType=null
07:44:47.077 [main] INFO  admin-flow - Getting all users
07:44:47.077 [main] INFO  admin-flow - Returning all users
07:44:47.081 [main] INFO  admin-flow - Admin user page loaded. userType=null
07:44:47.100 [main] INFO  admin-flow - Loading admin user-package page. userPackageId=null
07:44:47.101 [main] INFO  admin-flow - Getting bidders.
07:44:47.103 [main] INFO  admin-flow - Getting packages.
07:44:47.105 [main] INFO  admin-flow - Getting all granted user package infos.
07:44:47.111 [main] INFO  admin-flow - Getting all package purchase request infos.
07:44:47.114 [main] INFO  admin-flow - Admin user-package page loaded. userPackageId=null
07:44:47.126 [main] INFO  admin-flow - Processing manual user-package assignment. username=bidder1, packageId=1
07:44:47.126 [main] INFO  admin-flow - Starting manual package assignment. username=bidder1, packageId=1
07:44:47.134 [main] INFO  admin-flow - Manual package assignment completed. username=bidder1, packageId=1
07:44:47.134 [main] INFO  admin-flow - Manual user-package assignment completed. username=bidder1, packageId=1
07:44:47.487 [main] INFO  admin-flow - Getting all bids for admin
07:44:47.487 [main] INFO  admin-flow - Returning all bids
07:44:47.499 [main] INFO  admin-flow - Getting all categories
07:44:47.499 [main] INFO  admin-flow - returning all categories
07:44:47.506 [main] INFO  admin-flow - Starting category save. catId=null, catName=Home Decor
07:44:47.509 [main] INFO  admin-flow - Category save completed. catId=78, catName=Home Decor
07:44:47.517 [main] INFO  admin-flow - Getting all countries
07:44:47.517 [main] INFO  admin-flow - Returning all countries
07:44:47.522 [main] INFO  admin-flow - Starting country save. countryId=null, countryName=Japan
07:44:47.524 [main] INFO  admin-flow - Country save completed. countryId=null, countryName=Japan
07:44:47.531 [main] INFO  admin-flow - Starting news save. newsId=null, newsTitle=Tomorrow holiday
07:44:47.533 [main] INFO  admin-flow - News save completed. newsId=null, newsTitle=Tomorrow holiday
07:44:47.538 [main] INFO  admin-flow - Getting all news
07:44:47.538 [main] INFO  admin-flow - Returning all news
07:44:47.546 [main] INFO  admin-flow - Getting all packages
07:44:47.546 [main] INFO  admin-flow - Returning all packages
07:44:47.552 [main] INFO  admin-flow - Starting package save. packageId=null, packageName=silver package
07:44:47.555 [main] INFO  admin-flow - Package save completed. packageId=146, packageName=silver package
07:44:47.564 [main] INFO  admin-flow - Starting admin product close. productId=2
07:44:47.565 [main] INFO  admin-flow - Admin product close completed. productId=2
07:44:47.571 [main] INFO  admin-flow - Starting admin product save. productId=null, productName=admin dao item
07:44:47.575 [main] INFO  admin-flow - Admin product save completed. productId=237, productName=admin dao item
07:44:47.579 [main] INFO  admin-flow - Getting all products
07:44:47.579 [main] INFO  admin-flow - Returning all products
07:44:47.592 [main] INFO  admin-flow - Getting confirmed bids report
07:44:47.593 [main] INFO  admin-flow - Returning confirmed bids report
07:44:47.602 [main] INFO  admin-flow - Getting user registration report
07:44:47.602 [main] INFO  admin-flow - Returning user registration report
07:44:47.610 [main] INFO  admin-flow - Getting bid report
07:44:47.611 [main] INFO  admin-flow - Returning bid report
07:44:47.617 [main] INFO  admin-flow - Getting auction report
07:44:47.618 [main] INFO  admin-flow - Returning auction report
07:44:47.629 [main] INFO  admin-flow - Getting all users
07:44:47.630 [main] INFO  admin-flow - Returning all users
07:44:47.644 [main] INFO  admin-flow - Starting user lock. username=bidder1
07:44:47.648 [main] INFO  admin-flow - User lock completed. username=bidder1
07:44:47.648 [main] INFO  admin-flow - Starting user unlock. username=bidder1
07:44:47.650 [main] INFO  admin-flow - User unlock completed. username=bidder1
07:44:47.662 [main] INFO  admin-flow - Starting manual package assignment. username=bidder1, packageId=1
07:44:47.670 [main] INFO  admin-flow - Manual package assignment completed. username=bidder1, packageId=1
07:44:47.677 [main] INFO  admin-flow - Getting all granted user package infos.
07:48:35.613 [main] INFO  admin-flow - Loading admin bid confirmations page.
07:48:35.613 [main] INFO  admin-flow - Getting all bids for admin
07:48:35.617 [main] INFO  admin-flow - Returning all bids
07:48:35.731 [main] INFO  admin-flow - Admin bid confirmations page loaded.
07:48:35.803 [main] INFO  admin-flow - Loading admin category page.
07:48:35.804 [main] INFO  admin-flow - Getting all categories
07:48:35.804 [main] INFO  admin-flow - returning all categories
07:48:35.810 [main] INFO  admin-flow - Admin category page loaded.
07:48:35.864 [main] INFO  admin-flow - Loading admin location page. countryId=null, stateId=null, cityId=null
07:48:35.864 [main] INFO  admin-flow - Getting all countries
07:48:35.864 [main] INFO  admin-flow - Returning all countries
07:48:35.868 [main] INFO  admin-flow - Getting all cities
07:48:35.869 [main] INFO  admin-flow - Returning all cities
07:48:35.870 [main] INFO  admin-flow - Admin location page loaded.
07:48:35.885 [main] INFO  admin-flow - Processing country save. countryId=null, countryName=Japan
07:48:35.886 [main] INFO  admin-flow - Starting country save. countryId=null, countryName=Japan
07:48:35.934 [main] INFO  admin-flow - Country save completed. countryId=null, countryName=Japan
07:48:35.934 [main] INFO  admin-flow - Country save completed. countryId=null, countryName=Japan
07:48:35.949 [main] INFO  admin-flow - Loading admin news page. newsId=null
07:48:35.949 [main] INFO  admin-flow - Getting all news
07:48:35.949 [main] INFO  admin-flow - Returning all news
07:48:35.951 [main] INFO  admin-flow - Admin news page loaded. newsId=null
07:48:35.962 [main] INFO  admin-flow - Processing news save. newsId=null, title=Tomorrow holiday
07:48:35.963 [main] INFO  admin-flow - Starting news save. newsId=null, newsTitle=Tomorrow holiday
07:48:35.965 [main] INFO  admin-flow - News save completed. newsId=null, newsTitle=Tomorrow holiday
07:48:35.966 [main] INFO  admin-flow - News save completed. newsId=null, title=Tomorrow holiday
07:48:35.988 [main] INFO  admin-flow - Processing admin package save. packageId=null, packageName=gold package
07:48:35.998 [main] INFO  admin-flow - Starting package save. packageId=null, packageName=gold package
07:48:36.009 [main] INFO  admin-flow - Package save completed. packageId=147, packageName=gold package
07:48:36.009 [main] INFO  admin-flow - Admin package save completed. packageId=null, packageName=gold package
07:48:36.020 [main] INFO  admin-flow - Loading admin package page.
07:48:36.020 [main] INFO  admin-flow - Getting all packages
07:48:36.020 [main] INFO  admin-flow - Returning all packages
07:48:36.022 [main] INFO  admin-flow - Admin package page loaded.
07:48:36.043 [main] INFO  admin-flow - Processing admin product close. productId=2
07:48:36.043 [main] INFO  admin-flow - Starting admin product close. productId=2
07:48:36.045 [main] INFO  admin-flow - Admin product close completed. productId=2
07:48:36.045 [main] INFO  admin-flow - Admin product close completed. productId=2
07:48:36.056 [main] INFO  admin-flow - Loading admin product page. productId=null, status=null, sellerUsername=null
07:48:36.057 [main] INFO  admin-flow - Getting categories
07:48:36.057 [main] INFO  admin-flow - Returning categories
07:48:36.060 [main] INFO  admin-flow - Getting all products
07:48:36.060 [main] INFO  admin-flow - Returning all products
07:48:36.066 [main] INFO  admin-flow - Admin product page loaded. productId=null
07:48:36.078 [main] INFO  admin-flow - Processing admin product save. productId=null, productName=admin test item
07:48:36.080 [main] INFO  admin-flow - Starting admin product save. productId=null, productName=admin test item
07:48:36.084 [main] INFO  admin-flow - Admin product save completed. productId=239, productName=admin test item
07:48:36.085 [main] INFO  admin-flow - Admin product save completed. productId=null, productName=admin test item
07:48:36.095 [main] INFO  admin-flow - Loading admin report page.
07:48:36.095 [main] INFO  admin-flow - Admin report page loaded.
07:48:36.108 [main] INFO  admin-flow - Processing user lock. username=bidder1
07:48:36.109 [main] INFO  admin-flow - Starting user lock. username=bidder1
07:48:36.110 [main] INFO  admin-flow - User lock completed. username=bidder1
07:48:36.110 [main] INFO  admin-flow - User lock completed. username=bidder1
07:48:36.126 [main] INFO  admin-flow - Loading admin user page. userType=null
07:48:36.126 [main] INFO  admin-flow - Getting all users
07:48:36.127 [main] INFO  admin-flow - Returning all users
07:48:36.131 [main] INFO  admin-flow - Admin user page loaded. userType=null
07:48:36.146 [main] INFO  admin-flow - Loading admin user-package page. userPackageId=null
07:48:36.147 [main] INFO  admin-flow - Getting bidders.
07:48:36.149 [main] INFO  admin-flow - Getting packages.
07:48:36.150 [main] INFO  admin-flow - Getting all granted user package infos.
07:48:36.154 [main] INFO  admin-flow - Getting all package purchase request infos.
07:48:36.155 [main] INFO  admin-flow - Admin user-package page loaded. userPackageId=null
07:48:36.165 [main] INFO  admin-flow - Processing manual user-package assignment. username=bidder1, packageId=1
07:48:36.165 [main] INFO  admin-flow - Starting manual package assignment. username=bidder1, packageId=1
07:48:36.170 [main] INFO  admin-flow - Manual package assignment completed. username=bidder1, packageId=1
07:48:36.170 [main] INFO  admin-flow - Manual user-package assignment completed. username=bidder1, packageId=1
07:48:36.497 [main] INFO  admin-flow - Getting all bids for admin
07:48:36.497 [main] INFO  admin-flow - Returning all bids
07:48:36.519 [main] INFO  admin-flow - Getting all categories
07:48:36.520 [main] INFO  admin-flow - returning all categories
07:48:36.530 [main] INFO  admin-flow - Starting category save. catId=null, catName=Home Decor
07:48:36.534 [main] INFO  admin-flow - Category save completed. catId=79, catName=Home Decor
07:48:36.547 [main] INFO  admin-flow - Getting all countries
07:48:36.547 [main] INFO  admin-flow - Returning all countries
07:48:36.553 [main] INFO  admin-flow - Starting country save. countryId=null, countryName=Japan
07:48:36.555 [main] INFO  admin-flow - Country save completed. countryId=null, countryName=Japan
07:48:36.568 [main] INFO  admin-flow - Starting news save. newsId=null, newsTitle=Tomorrow holiday
07:48:36.571 [main] INFO  admin-flow - News save completed. newsId=null, newsTitle=Tomorrow holiday
07:48:36.580 [main] INFO  admin-flow - Getting all news
07:48:36.580 [main] INFO  admin-flow - Returning all news
07:48:36.592 [main] INFO  admin-flow - Getting all packages
07:48:36.592 [main] INFO  admin-flow - Returning all packages
07:48:36.601 [main] INFO  admin-flow - Starting package save. packageId=null, packageName=silver package
07:48:36.604 [main] INFO  admin-flow - Package save completed. packageId=148, packageName=silver package
07:48:36.616 [main] INFO  admin-flow - Starting admin product close. productId=2
07:48:36.618 [main] INFO  admin-flow - Admin product close completed. productId=2
07:48:36.626 [main] INFO  admin-flow - Starting admin product save. productId=null, productName=admin dao item
07:48:36.631 [main] INFO  admin-flow - Admin product save completed. productId=240, productName=admin dao item
07:48:36.641 [main] INFO  admin-flow - Getting all products
07:48:36.641 [main] INFO  admin-flow - Returning all products
07:48:36.654 [main] INFO  admin-flow - Getting confirmed bids report
07:48:36.654 [main] INFO  admin-flow - Returning confirmed bids report
07:48:36.667 [main] INFO  admin-flow - Getting user registration report
07:48:36.667 [main] INFO  admin-flow - Returning user registration report
07:48:36.677 [main] INFO  admin-flow - Getting bid report
07:48:36.677 [main] INFO  admin-flow - Returning bid report
07:48:36.684 [main] INFO  admin-flow - Getting auction report
07:48:36.684 [main] INFO  admin-flow - Returning auction report
07:48:36.695 [main] INFO  admin-flow - Getting all users
07:48:36.695 [main] INFO  admin-flow - Returning all users
07:48:36.707 [main] INFO  admin-flow - Starting user lock. username=bidder1
07:48:36.709 [main] INFO  admin-flow - User lock completed. username=bidder1
07:48:36.709 [main] INFO  admin-flow - Starting user unlock. username=bidder1
07:48:36.710 [main] INFO  admin-flow - User unlock completed. username=bidder1
07:48:36.725 [main] INFO  admin-flow - Starting manual package assignment. username=bidder1, packageId=1
07:48:36.732 [main] INFO  admin-flow - Manual package assignment completed. username=bidder1, packageId=1
07:48:36.741 [main] INFO  admin-flow - Getting all granted user package infos.
07:51:03.049 [main] INFO  admin-flow - Loading admin bid confirmations page.
07:51:03.050 [main] INFO  admin-flow - Getting all bids for admin
07:51:03.056 [main] INFO  admin-flow - Returning all bids
07:51:03.128 [main] INFO  admin-flow - Admin bid confirmations page loaded.
07:51:03.205 [main] INFO  admin-flow - Loading admin category page.
07:51:03.205 [main] INFO  admin-flow - Getting all categories
07:51:03.206 [main] INFO  admin-flow - returning all categories
07:51:03.215 [main] INFO  admin-flow - Admin category page loaded.
07:51:03.253 [main] INFO  admin-flow - Loading admin location page. countryId=null, stateId=null, cityId=null
07:51:03.253 [main] INFO  admin-flow - Getting all countries
07:51:03.254 [main] INFO  admin-flow - Returning all countries
07:51:03.260 [main] INFO  admin-flow - Getting all cities
07:51:03.260 [main] INFO  admin-flow - Returning all cities
07:51:03.262 [main] INFO  admin-flow - Admin location page loaded.
07:51:03.277 [main] INFO  admin-flow - Processing country save. countryId=null, countryName=Japan
07:51:03.277 [main] INFO  admin-flow - Starting country save. countryId=null, countryName=Japan
07:51:03.317 [main] INFO  admin-flow - Country save completed. countryId=null, countryName=Japan
07:51:03.318 [main] INFO  admin-flow - Country save completed. countryId=null, countryName=Japan
07:51:03.339 [main] INFO  admin-flow - Loading admin news page. newsId=null
07:51:03.340 [main] INFO  admin-flow - Getting all news
07:51:03.340 [main] INFO  admin-flow - Returning all news
07:51:03.343 [main] INFO  admin-flow - Admin news page loaded. newsId=null
07:51:03.354 [main] INFO  admin-flow - Processing news save. newsId=null, title=Tomorrow holiday
07:51:03.355 [main] INFO  admin-flow - Starting news save. newsId=null, newsTitle=Tomorrow holiday
07:51:03.360 [main] INFO  admin-flow - News save completed. newsId=null, newsTitle=Tomorrow holiday
07:51:03.361 [main] INFO  admin-flow - News save completed. newsId=null, title=Tomorrow holiday
07:51:03.395 [main] INFO  admin-flow - Processing admin package save. packageId=null, packageName=gold package
07:51:03.412 [main] INFO  admin-flow - Starting package save. packageId=null, packageName=gold package
07:51:03.419 [main] INFO  admin-flow - Package save completed. packageId=149, packageName=gold package
07:51:03.419 [main] INFO  admin-flow - Admin package save completed. packageId=null, packageName=gold package
07:51:03.433 [main] INFO  admin-flow - Loading admin package page.
07:51:03.434 [main] INFO  admin-flow - Getting all packages
07:51:03.434 [main] INFO  admin-flow - Returning all packages
07:51:03.437 [main] INFO  admin-flow - Admin package page loaded.
07:51:03.460 [main] INFO  admin-flow - Processing admin product close. productId=2
07:51:03.460 [main] INFO  admin-flow - Starting admin product close. productId=2
07:51:03.463 [main] INFO  admin-flow - Admin product close completed. productId=2
07:51:03.463 [main] INFO  admin-flow - Admin product close completed. productId=2
07:51:03.478 [main] INFO  admin-flow - Loading admin product page. productId=null, status=null, sellerUsername=null
07:51:03.479 [main] INFO  admin-flow - Getting categories
07:51:03.479 [main] INFO  admin-flow - Returning categories
07:51:03.483 [main] INFO  admin-flow - Getting all products
07:51:03.483 [main] INFO  admin-flow - Returning all products
07:51:03.488 [main] INFO  admin-flow - Admin product page loaded. productId=null
07:51:03.502 [main] INFO  admin-flow - Processing admin product save. productId=null, productName=admin test item
07:51:03.504 [main] INFO  admin-flow - Starting admin product save. productId=null, productName=admin test item
07:51:03.511 [main] INFO  admin-flow - Admin product save completed. productId=242, productName=admin test item
07:51:03.512 [main] INFO  admin-flow - Admin product save completed. productId=null, productName=admin test item
07:51:03.530 [main] INFO  admin-flow - Loading admin report page.
07:51:03.530 [main] INFO  admin-flow - Admin report page loaded.
07:51:03.546 [main] INFO  admin-flow - Processing user lock. username=bidder1
07:51:03.547 [main] INFO  admin-flow - Starting user lock. username=bidder1
07:51:03.549 [main] INFO  admin-flow - User lock completed. username=bidder1
07:51:03.549 [main] INFO  admin-flow - User lock completed. username=bidder1
07:51:03.565 [main] INFO  admin-flow - Loading admin user page. userType=null
07:51:03.565 [main] INFO  admin-flow - Getting all users
07:51:03.565 [main] INFO  admin-flow - Returning all users
07:51:03.568 [main] INFO  admin-flow - Admin user page loaded. userType=null
07:51:03.581 [main] INFO  admin-flow - Loading admin user-package page. userPackageId=null
07:51:03.582 [main] INFO  admin-flow - Getting bidders.
07:51:03.584 [main] INFO  admin-flow - Getting packages.
07:51:03.585 [main] INFO  admin-flow - Getting all granted user package infos.
07:51:03.587 [main] INFO  admin-flow - Getting all package purchase request infos.
07:51:03.590 [main] INFO  admin-flow - Admin user-package page loaded. userPackageId=null
07:51:03.597 [main] INFO  admin-flow - Processing manual user-package assignment. username=bidder1, packageId=1
07:51:03.597 [main] INFO  admin-flow - Starting manual package assignment. username=bidder1, packageId=1
07:51:03.602 [main] INFO  admin-flow - Manual package assignment completed. username=bidder1, packageId=1
07:51:03.602 [main] INFO  admin-flow - Manual user-package assignment completed. username=bidder1, packageId=1
07:51:03.978 [main] INFO  admin-flow - Getting all bids for admin
07:51:03.979 [main] INFO  admin-flow - Returning all bids
07:51:03.997 [main] INFO  admin-flow - Getting all categories
07:51:03.997 [main] INFO  admin-flow - returning all categories
07:51:04.009 [main] INFO  admin-flow - Starting category save. catId=null, catName=Home Decor
07:51:04.013 [main] INFO  admin-flow - Category save completed. catId=80, catName=Home Decor
07:51:04.026 [main] INFO  admin-flow - Getting all countries
07:51:04.027 [main] INFO  admin-flow - Returning all countries
07:51:04.033 [main] INFO  admin-flow - Starting country save. countryId=null, countryName=Japan
07:51:04.035 [main] INFO  admin-flow - Country save completed. countryId=null, countryName=Japan
07:51:04.042 [main] INFO  admin-flow - Starting news save. newsId=null, newsTitle=Tomorrow holiday
07:51:04.044 [main] INFO  admin-flow - News save completed. newsId=null, newsTitle=Tomorrow holiday
07:51:04.048 [main] INFO  admin-flow - Getting all news
07:51:04.048 [main] INFO  admin-flow - Returning all news
07:51:04.057 [main] INFO  admin-flow - Getting all packages
07:51:04.057 [main] INFO  admin-flow - Returning all packages
07:51:04.064 [main] INFO  admin-flow - Starting package save. packageId=null, packageName=silver package
07:51:04.066 [main] INFO  admin-flow - Package save completed. packageId=150, packageName=silver package
07:51:04.077 [main] INFO  admin-flow - Starting admin product close. productId=2
07:51:04.079 [main] INFO  admin-flow - Admin product close completed. productId=2
07:51:04.085 [main] INFO  admin-flow - Starting admin product save. productId=null, productName=admin dao item
07:51:04.089 [main] INFO  admin-flow - Admin product save completed. productId=243, productName=admin dao item
07:51:04.096 [main] INFO  admin-flow - Getting all products
07:51:04.096 [main] INFO  admin-flow - Returning all products
07:51:04.111 [main] INFO  admin-flow - Getting confirmed bids report
07:51:04.111 [main] INFO  admin-flow - Returning confirmed bids report
07:51:04.121 [main] INFO  admin-flow - Getting user registration report
07:51:04.122 [main] INFO  admin-flow - Returning user registration report
07:51:04.130 [main] INFO  admin-flow - Getting bid report
07:51:04.131 [main] INFO  admin-flow - Returning bid report
07:51:04.137 [main] INFO  admin-flow - Getting auction report
07:51:04.137 [main] INFO  admin-flow - Returning auction report
07:51:04.150 [main] INFO  admin-flow - Getting all users
07:51:04.150 [main] INFO  admin-flow - Returning all users
07:51:04.161 [main] INFO  admin-flow - Starting user lock. username=bidder1
07:51:04.163 [main] INFO  admin-flow - User lock completed. username=bidder1
07:51:04.164 [main] INFO  admin-flow - Starting user unlock. username=bidder1
07:51:04.165 [main] INFO  admin-flow - User unlock completed. username=bidder1
07:51:04.182 [main] INFO  admin-flow - Starting manual package assignment. username=bidder1, packageId=1
07:51:04.189 [main] INFO  admin-flow - Manual package assignment completed. username=bidder1, packageId=1
07:51:04.196 [main] INFO  admin-flow - Getting all granted user package infos.
07:52:49.540 [main] INFO  admin-flow - Loading admin bid confirmations page.
07:52:49.541 [main] INFO  admin-flow - Getting all bids for admin
07:52:49.548 [main] INFO  admin-flow - Returning all bids
07:52:49.614 [main] INFO  admin-flow - Admin bid confirmations page loaded.
07:52:49.682 [main] INFO  admin-flow - Loading admin category page.
07:52:49.683 [main] INFO  admin-flow - Getting all categories
07:52:49.683 [main] INFO  admin-flow - returning all categories
07:52:49.691 [main] INFO  admin-flow - Admin category page loaded.
07:52:49.720 [main] INFO  admin-flow - Loading admin location page. countryId=null, stateId=null, cityId=null
07:52:49.721 [main] INFO  admin-flow - Getting all countries
07:52:49.721 [main] INFO  admin-flow - Returning all countries
07:52:49.730 [main] INFO  admin-flow - Getting all cities
07:52:49.730 [main] INFO  admin-flow - Returning all cities
07:52:49.739 [main] INFO  admin-flow - Admin location page loaded.
07:52:49.763 [main] INFO  admin-flow - Processing country save. countryId=null, countryName=Japan
07:52:49.763 [main] INFO  admin-flow - Starting country save. countryId=null, countryName=Japan
07:52:49.833 [main] INFO  admin-flow - Country save completed. countryId=null, countryName=Japan
07:52:49.833 [main] INFO  admin-flow - Country save completed. countryId=null, countryName=Japan
07:52:49.853 [main] INFO  admin-flow - Loading admin news page. newsId=null
07:52:49.853 [main] INFO  admin-flow - Getting all news
07:52:49.853 [main] INFO  admin-flow - Returning all news
07:52:49.861 [main] INFO  admin-flow - Admin news page loaded. newsId=null
07:52:49.872 [main] INFO  admin-flow - Processing news save. newsId=null, title=Tomorrow holiday
07:52:49.872 [main] INFO  admin-flow - Starting news save. newsId=null, newsTitle=Tomorrow holiday
07:52:49.875 [main] INFO  admin-flow - News save completed. newsId=null, newsTitle=Tomorrow holiday
07:52:49.875 [main] INFO  admin-flow - News save completed. newsId=null, title=Tomorrow holiday
07:52:49.900 [main] INFO  admin-flow - Processing admin package save. packageId=null, packageName=gold package
07:52:49.905 [main] INFO  admin-flow - Starting package save. packageId=null, packageName=gold package
07:52:49.910 [main] INFO  admin-flow - Package save completed. packageId=151, packageName=gold package
07:52:49.910 [main] INFO  admin-flow - Admin package save completed. packageId=null, packageName=gold package
07:52:49.921 [main] INFO  admin-flow - Loading admin package page.
07:52:49.921 [main] INFO  admin-flow - Getting all packages
07:52:49.922 [main] INFO  admin-flow - Returning all packages
07:52:49.924 [main] INFO  admin-flow - Admin package page loaded.
07:52:49.943 [main] INFO  admin-flow - Processing admin product close. productId=2
07:52:49.943 [main] INFO  admin-flow - Starting admin product close. productId=2
07:52:49.946 [main] INFO  admin-flow - Admin product close completed. productId=2
07:52:49.946 [main] INFO  admin-flow - Admin product close completed. productId=2
07:52:49.958 [main] INFO  admin-flow - Loading admin product page. productId=null, status=null, sellerUsername=null
07:52:49.958 [main] INFO  admin-flow - Getting categories
07:52:49.958 [main] INFO  admin-flow - Returning categories
07:52:49.964 [main] INFO  admin-flow - Getting all products
07:52:49.964 [main] INFO  admin-flow - Returning all products
07:52:49.973 [main] INFO  admin-flow - Admin product page loaded. productId=null
07:52:49.985 [main] INFO  admin-flow - Processing admin product save. productId=null, productName=admin test item
07:52:49.987 [main] INFO  admin-flow - Starting admin product save. productId=null, productName=admin test item
07:52:49.992 [main] INFO  admin-flow - Admin product save completed. productId=245, productName=admin test item
07:52:49.992 [main] INFO  admin-flow - Admin product save completed. productId=null, productName=admin test item
07:52:50.012 [main] INFO  admin-flow - Loading admin report page.
07:52:50.012 [main] INFO  admin-flow - Admin report page loaded.
07:52:50.026 [main] INFO  admin-flow - Processing user lock. username=bidder1
07:52:50.026 [main] INFO  admin-flow - Starting user lock. username=bidder1
07:52:50.027 [main] INFO  admin-flow - User lock completed. username=bidder1
07:52:50.028 [main] INFO  admin-flow - User lock completed. username=bidder1
07:52:50.039 [main] INFO  admin-flow - Loading admin user page. userType=null
07:52:50.040 [main] INFO  admin-flow - Getting all users
07:52:50.040 [main] INFO  admin-flow - Returning all users
07:52:50.045 [main] INFO  admin-flow - Admin user page loaded. userType=null
07:52:50.059 [main] INFO  admin-flow - Loading admin user-package page. userPackageId=null
07:52:50.060 [main] INFO  admin-flow - Getting bidders.
07:52:50.061 [main] INFO  admin-flow - Getting packages.
07:52:50.063 [main] INFO  admin-flow - Getting all granted user package infos.
07:52:50.066 [main] INFO  admin-flow - Getting all package purchase request infos.
07:52:50.068 [main] INFO  admin-flow - Admin user-package page loaded. userPackageId=null
07:52:50.075 [main] INFO  admin-flow - Processing manual user-package assignment. username=bidder1, packageId=1
07:52:50.075 [main] INFO  admin-flow - Starting manual package assignment. username=bidder1, packageId=1
07:52:50.079 [main] INFO  admin-flow - Manual package assignment completed. username=bidder1, packageId=1
07:52:50.080 [main] INFO  admin-flow - Manual user-package assignment completed. username=bidder1, packageId=1
07:52:50.439 [main] INFO  admin-flow - Getting all bids for admin
07:52:50.439 [main] INFO  admin-flow - Returning all bids
07:52:50.460 [main] INFO  admin-flow - Getting all categories
07:52:50.460 [main] INFO  admin-flow - returning all categories
07:52:50.470 [main] INFO  admin-flow - Starting category save. catId=null, catName=Home Decor
07:52:50.473 [main] INFO  admin-flow - Category save completed. catId=81, catName=Home Decor
07:52:50.486 [main] INFO  admin-flow - Getting all countries
07:52:50.486 [main] INFO  admin-flow - Returning all countries
07:52:50.494 [main] INFO  admin-flow - Starting country save. countryId=null, countryName=Japan
07:52:50.497 [main] INFO  admin-flow - Country save completed. countryId=null, countryName=Japan
07:52:50.512 [main] INFO  admin-flow - Starting news save. newsId=null, newsTitle=Tomorrow holiday
07:52:50.515 [main] INFO  admin-flow - News save completed. newsId=null, newsTitle=Tomorrow holiday
07:52:50.523 [main] INFO  admin-flow - Getting all news
07:52:50.523 [main] INFO  admin-flow - Returning all news
07:52:50.531 [main] INFO  admin-flow - Getting all packages
07:52:50.531 [main] INFO  admin-flow - Returning all packages
07:52:50.537 [main] INFO  admin-flow - Starting package save. packageId=null, packageName=silver package
07:52:50.541 [main] INFO  admin-flow - Package save completed. packageId=152, packageName=silver package
07:52:50.548 [main] INFO  admin-flow - Starting admin product close. productId=2
07:52:50.549 [main] INFO  admin-flow - Admin product close completed. productId=2
07:52:50.556 [main] INFO  admin-flow - Starting admin product save. productId=null, productName=admin dao item
07:52:50.560 [main] INFO  admin-flow - Admin product save completed. productId=246, productName=admin dao item
07:52:50.564 [main] INFO  admin-flow - Getting all products
07:52:50.564 [main] INFO  admin-flow - Returning all products
07:52:50.577 [main] INFO  admin-flow - Getting confirmed bids report
07:52:50.578 [main] INFO  admin-flow - Returning confirmed bids report
07:52:50.588 [main] INFO  admin-flow - Getting user registration report
07:52:50.588 [main] INFO  admin-flow - Returning user registration report
07:52:50.595 [main] INFO  admin-flow - Getting bid report
07:52:50.595 [main] INFO  admin-flow - Returning bid report
07:52:50.604 [main] INFO  admin-flow - Getting auction report
07:52:50.604 [main] INFO  admin-flow - Returning auction report
07:52:50.615 [main] INFO  admin-flow - Getting all users
07:52:50.615 [main] INFO  admin-flow - Returning all users
07:52:50.623 [main] INFO  admin-flow - Starting user lock. username=bidder1
07:52:50.624 [main] INFO  admin-flow - User lock completed. username=bidder1
07:52:50.624 [main] INFO  admin-flow - Starting user unlock. username=bidder1
07:52:50.625 [main] INFO  admin-flow - User unlock completed. username=bidder1
07:52:50.633 [main] INFO  admin-flow - Starting manual package assignment. username=bidder1, packageId=1
07:52:50.638 [main] INFO  admin-flow - Manual package assignment completed. username=bidder1, packageId=1
07:52:50.642 [main] INFO  admin-flow - Getting all granted user package infos.
07:53:41.680 [main] INFO  admin-flow - Loading admin bid confirmations page.
07:53:41.681 [main] INFO  admin-flow - Getting all bids for admin
07:53:41.691 [main] INFO  admin-flow - Returning all bids
07:53:41.773 [main] INFO  admin-flow - Admin bid confirmations page loaded.
07:53:41.837 [main] INFO  admin-flow - Loading admin category page.
07:53:41.837 [main] INFO  admin-flow - Getting all categories
07:53:41.837 [main] INFO  admin-flow - returning all categories
07:53:41.841 [main] INFO  admin-flow - Admin category page loaded.
07:53:41.870 [main] INFO  admin-flow - Loading admin location page. countryId=null, stateId=null, cityId=null
07:53:41.870 [main] INFO  admin-flow - Getting all countries
07:53:41.870 [main] INFO  admin-flow - Returning all countries
07:53:41.880 [main] INFO  admin-flow - Getting all cities
07:53:41.880 [main] INFO  admin-flow - Returning all cities
07:53:41.885 [main] INFO  admin-flow - Admin location page loaded.
07:53:41.918 [main] INFO  admin-flow - Processing country save. countryId=null, countryName=Japan
07:53:41.919 [main] INFO  admin-flow - Starting country save. countryId=null, countryName=Japan
07:53:41.984 [main] INFO  admin-flow - Country save completed. countryId=null, countryName=Japan
07:53:41.984 [main] INFO  admin-flow - Country save completed. countryId=null, countryName=Japan
07:53:42.005 [main] INFO  admin-flow - Loading admin news page. newsId=null
07:53:42.006 [main] INFO  admin-flow - Getting all news
07:53:42.006 [main] INFO  admin-flow - Returning all news
07:53:42.013 [main] INFO  admin-flow - Admin news page loaded. newsId=null
07:53:42.024 [main] INFO  admin-flow - Processing news save. newsId=null, title=Tomorrow holiday
07:53:42.024 [main] INFO  admin-flow - Starting news save. newsId=null, newsTitle=Tomorrow holiday
07:53:42.027 [main] INFO  admin-flow - News save completed. newsId=null, newsTitle=Tomorrow holiday
07:53:42.028 [main] INFO  admin-flow - News save completed. newsId=null, title=Tomorrow holiday
07:53:42.053 [main] INFO  admin-flow - Processing admin package save. packageId=null, packageName=gold package
07:53:42.060 [main] INFO  admin-flow - Starting package save. packageId=null, packageName=gold package
07:53:42.076 [main] INFO  admin-flow - Package save completed. packageId=153, packageName=gold package
07:53:42.076 [main] INFO  admin-flow - Admin package save completed. packageId=null, packageName=gold package
07:53:42.088 [main] INFO  admin-flow - Loading admin package page.
07:53:42.089 [main] INFO  admin-flow - Getting all packages
07:53:42.089 [main] INFO  admin-flow - Returning all packages
07:53:42.091 [main] INFO  admin-flow - Admin package page loaded.
07:53:42.108 [main] INFO  admin-flow - Processing admin product close. productId=2
07:53:42.109 [main] INFO  admin-flow - Starting admin product close. productId=2
07:53:42.111 [main] INFO  admin-flow - Admin product close completed. productId=2
07:53:42.112 [main] INFO  admin-flow - Admin product close completed. productId=2
07:53:42.124 [main] INFO  admin-flow - Loading admin product page. productId=null, status=null, sellerUsername=null
07:53:42.124 [main] INFO  admin-flow - Getting categories
07:53:42.124 [main] INFO  admin-flow - Returning categories
07:53:42.128 [main] INFO  admin-flow - Getting all products
07:53:42.128 [main] INFO  admin-flow - Returning all products
07:53:42.135 [main] INFO  admin-flow - Admin product page loaded. productId=null
07:53:42.149 [main] INFO  admin-flow - Processing admin product save. productId=null, productName=admin test item
07:53:42.152 [main] INFO  admin-flow - Starting admin product save. productId=null, productName=admin test item
07:53:42.158 [main] INFO  admin-flow - Admin product save completed. productId=248, productName=admin test item
07:53:42.159 [main] INFO  admin-flow - Admin product save completed. productId=null, productName=admin test item
07:53:42.177 [main] INFO  admin-flow - Loading admin report page.
07:53:42.177 [main] INFO  admin-flow - Admin report page loaded.
07:53:42.192 [main] INFO  admin-flow - Processing user lock. username=bidder1
07:53:42.192 [main] INFO  admin-flow - Starting user lock. username=bidder1
07:53:42.194 [main] INFO  admin-flow - User lock completed. username=bidder1
07:53:42.194 [main] INFO  admin-flow - User lock completed. username=bidder1
07:53:42.208 [main] INFO  admin-flow - Loading admin user page. userType=null
07:53:42.208 [main] INFO  admin-flow - Getting all users
07:53:42.208 [main] INFO  admin-flow - Returning all users
07:53:42.213 [main] INFO  admin-flow - Admin user page loaded. userType=null
07:53:42.235 [main] INFO  admin-flow - Loading admin user-package page. userPackageId=null
07:53:42.236 [main] INFO  admin-flow - Getting bidders.
07:53:42.238 [main] INFO  admin-flow - Getting packages.
07:53:42.240 [main] INFO  admin-flow - Getting all granted user package infos.
07:53:42.245 [main] INFO  admin-flow - Getting all package purchase request infos.
07:53:42.248 [main] INFO  admin-flow - Admin user-package page loaded. userPackageId=null
07:53:42.262 [main] INFO  admin-flow - Processing manual user-package assignment. username=bidder1, packageId=1
07:53:42.262 [main] INFO  admin-flow - Starting manual package assignment. username=bidder1, packageId=1
07:53:42.271 [main] INFO  admin-flow - Manual package assignment completed. username=bidder1, packageId=1
07:53:42.271 [main] INFO  admin-flow - Manual user-package assignment completed. username=bidder1, packageId=1
07:53:42.690 [main] INFO  admin-flow - Getting all bids for admin
07:53:42.690 [main] INFO  admin-flow - Returning all bids
07:53:42.706 [main] INFO  admin-flow - Getting all categories
07:53:42.706 [main] INFO  admin-flow - returning all categories
07:53:42.712 [main] INFO  admin-flow - Starting category save. catId=null, catName=Home Decor
07:53:42.716 [main] INFO  admin-flow - Category save completed. catId=82, catName=Home Decor
07:53:42.724 [main] INFO  admin-flow - Getting all countries
07:53:42.725 [main] INFO  admin-flow - Returning all countries
07:53:42.734 [main] INFO  admin-flow - Starting country save. countryId=null, countryName=Japan
07:53:42.736 [main] INFO  admin-flow - Country save completed. countryId=null, countryName=Japan
07:53:42.748 [main] INFO  admin-flow - Starting news save. newsId=null, newsTitle=Tomorrow holiday
07:53:42.752 [main] INFO  admin-flow - News save completed. newsId=null, newsTitle=Tomorrow holiday
07:53:42.758 [main] INFO  admin-flow - Getting all news
07:53:42.758 [main] INFO  admin-flow - Returning all news
07:53:42.772 [main] INFO  admin-flow - Getting all packages
07:53:42.773 [main] INFO  admin-flow - Returning all packages
07:53:42.781 [main] INFO  admin-flow - Starting package save. packageId=null, packageName=silver package
07:53:42.785 [main] INFO  admin-flow - Package save completed. packageId=154, packageName=silver package
07:53:42.798 [main] INFO  admin-flow - Starting admin product close. productId=2
07:53:42.801 [main] INFO  admin-flow - Admin product close completed. productId=2
07:53:42.808 [main] INFO  admin-flow - Starting admin product save. productId=null, productName=admin dao item
07:53:42.813 [main] INFO  admin-flow - Admin product save completed. productId=249, productName=admin dao item
07:53:42.821 [main] INFO  admin-flow - Getting all products
07:53:42.822 [main] INFO  admin-flow - Returning all products
07:53:42.837 [main] INFO  admin-flow - Getting confirmed bids report
07:53:42.837 [main] INFO  admin-flow - Returning confirmed bids report
07:53:42.849 [main] INFO  admin-flow - Getting user registration report
07:53:42.849 [main] INFO  admin-flow - Returning user registration report
07:53:42.859 [main] INFO  admin-flow - Getting bid report
07:53:42.859 [main] INFO  admin-flow - Returning bid report
07:53:42.869 [main] INFO  admin-flow - Getting auction report
07:53:42.869 [main] INFO  admin-flow - Returning auction report
07:53:42.886 [main] INFO  admin-flow - Getting all users
07:53:42.886 [main] INFO  admin-flow - Returning all users
07:53:42.896 [main] INFO  admin-flow - Starting user lock. username=bidder1
07:53:42.898 [main] INFO  admin-flow - User lock completed. username=bidder1
07:53:42.899 [main] INFO  admin-flow - Starting user unlock. username=bidder1
07:53:42.900 [main] INFO  admin-flow - User unlock completed. username=bidder1
07:53:42.915 [main] INFO  admin-flow - Starting manual package assignment. username=bidder1, packageId=1
07:53:42.921 [main] INFO  admin-flow - Manual package assignment completed. username=bidder1, packageId=1
07:53:42.926 [main] INFO  admin-flow - Getting all granted user package infos.
08:03:55.990 [main] INFO  admin-flow - Loading admin bid confirmations page.
08:03:55.991 [main] INFO  admin-flow - Getting all bids for admin
08:03:56.007 [main] INFO  admin-flow - Returning all bids
08:03:56.196 [main] INFO  admin-flow - Admin bid confirmations page loaded.
08:03:56.337 [main] INFO  admin-flow - Loading admin category page.
08:03:56.339 [main] INFO  admin-flow - Getting all categories
08:03:56.339 [main] INFO  admin-flow - returning all categories
08:03:56.357 [main] INFO  admin-flow - Admin category page loaded.
08:03:56.407 [main] INFO  admin-flow - Loading admin location page. countryId=null, stateId=null, cityId=null
08:03:56.408 [main] INFO  admin-flow - Getting all countries
08:03:56.408 [main] INFO  admin-flow - Returning all countries
08:03:56.423 [main] INFO  admin-flow - Getting all cities
08:03:56.424 [main] INFO  admin-flow - Returning all cities
08:03:56.429 [main] INFO  admin-flow - Admin location page loaded.
08:03:56.463 [main] INFO  admin-flow - Processing country save. countryId=null, countryName=Japan
08:03:56.463 [main] INFO  admin-flow - Starting country save. countryId=null, countryName=Japan
08:03:56.612 [main] INFO  admin-flow - Country save completed. countryId=null, countryName=Japan
08:03:56.612 [main] INFO  admin-flow - Country save completed. countryId=null, countryName=Japan
08:03:56.647 [main] INFO  admin-flow - Loading admin news page. newsId=null
08:03:56.648 [main] INFO  admin-flow - Getting all news
08:03:56.648 [main] INFO  admin-flow - Returning all news
08:03:56.652 [main] INFO  admin-flow - Admin news page loaded. newsId=null
08:03:56.673 [main] INFO  admin-flow - Processing news save. newsId=null, title=Tomorrow holiday
08:03:56.674 [main] INFO  admin-flow - Starting news save. newsId=null, newsTitle=Tomorrow holiday
08:03:56.682 [main] INFO  admin-flow - News save completed. newsId=null, newsTitle=Tomorrow holiday
08:03:56.683 [main] INFO  admin-flow - News save completed. newsId=null, title=Tomorrow holiday
08:03:56.754 [main] INFO  admin-flow - Processing admin package save. packageId=null, packageName=gold package
08:03:56.773 [main] INFO  admin-flow - Starting package save. packageId=null, packageName=gold package
08:03:56.792 [main] INFO  admin-flow - Package save completed. packageId=155, packageName=gold package
08:03:56.798 [main] INFO  admin-flow - Admin package save completed. packageId=null, packageName=gold package
08:03:56.821 [main] INFO  admin-flow - Loading admin package page.
08:03:56.822 [main] INFO  admin-flow - Getting all packages
08:03:56.822 [main] INFO  admin-flow - Returning all packages
08:03:56.828 [main] INFO  admin-flow - Admin package page loaded.
08:03:56.860 [main] INFO  admin-flow - Processing admin product close. productId=2
08:03:56.861 [main] INFO  admin-flow - Starting admin product close. productId=2
08:03:56.872 [main] INFO  admin-flow - Admin product close completed. productId=2
08:03:56.873 [main] INFO  admin-flow - Admin product close completed. productId=2
08:03:56.890 [main] INFO  admin-flow - Loading admin product page. productId=null, status=null, sellerUsername=null
08:03:56.891 [main] INFO  admin-flow - Getting categories
08:03:56.891 [main] INFO  admin-flow - Returning categories
08:03:56.903 [main] INFO  admin-flow - Getting all products
08:03:56.904 [main] INFO  admin-flow - Returning all products
08:03:56.916 [main] INFO  admin-flow - Admin product page loaded. productId=null
08:03:56.941 [main] INFO  admin-flow - Processing admin product save. productId=null, productName=admin test item
08:03:56.944 [main] INFO  admin-flow - Starting admin product save. productId=null, productName=admin test item
08:03:56.962 [main] INFO  admin-flow - Admin product save completed. productId=251, productName=admin test item
08:03:56.963 [main] INFO  admin-flow - Admin product save completed. productId=null, productName=admin test item
08:03:56.987 [main] INFO  admin-flow - Loading admin report page.
08:03:56.988 [main] INFO  admin-flow - Admin report page loaded.
08:03:57.013 [main] INFO  admin-flow - Processing user lock. username=bidder1
08:03:57.014 [main] INFO  admin-flow - Starting user lock. username=bidder1
08:03:57.016 [main] INFO  admin-flow - User lock completed. username=bidder1
08:03:57.017 [main] INFO  admin-flow - User lock completed. username=bidder1
08:03:57.043 [main] INFO  admin-flow - Loading admin user page. userType=null
08:03:57.043 [main] INFO  admin-flow - Getting all users
08:03:57.043 [main] INFO  admin-flow - Returning all users
08:03:57.052 [main] INFO  admin-flow - Admin user page loaded. userType=null
08:03:57.082 [main] INFO  admin-flow - Loading admin user-package page. userPackageId=null
08:03:57.083 [main] INFO  admin-flow - Getting bidders.
08:03:57.087 [main] INFO  admin-flow - Getting packages.
08:03:57.094 [main] INFO  admin-flow - Getting all granted user package infos.
08:03:57.106 [main] INFO  admin-flow - Getting all package purchase request infos.
08:03:57.111 [main] INFO  admin-flow - Admin user-package page loaded. userPackageId=null
08:03:57.131 [main] INFO  admin-flow - Processing manual user-package assignment. username=bidder1, packageId=1
08:03:57.131 [main] INFO  admin-flow - Starting manual package assignment. username=bidder1, packageId=1
08:03:57.152 [main] INFO  admin-flow - Manual package assignment completed. username=bidder1, packageId=1
08:03:57.152 [main] INFO  admin-flow - Manual user-package assignment completed. username=bidder1, packageId=1
08:03:57.947 [main] INFO  admin-flow - Getting all bids for admin
08:03:57.947 [main] INFO  admin-flow - Returning all bids
08:03:57.982 [main] INFO  admin-flow - Getting all categories
08:03:57.983 [main] INFO  admin-flow - returning all categories
08:03:57.995 [main] INFO  admin-flow - Starting category save. catId=null, catName=Home Decor
08:03:58.002 [main] INFO  admin-flow - Category save completed. catId=83, catName=Home Decor
08:03:58.016 [main] INFO  admin-flow - Getting all countries
08:03:58.016 [main] INFO  admin-flow - Returning all countries
08:03:58.028 [main] INFO  admin-flow - Starting country save. countryId=null, countryName=Japan
08:03:58.032 [main] INFO  admin-flow - Country save completed. countryId=null, countryName=Japan
08:03:58.048 [main] INFO  admin-flow - Starting news save. newsId=null, newsTitle=Tomorrow holiday
08:03:58.052 [main] INFO  admin-flow - News save completed. newsId=null, newsTitle=Tomorrow holiday
08:03:58.062 [main] INFO  admin-flow - Getting all news
08:03:58.063 [main] INFO  admin-flow - Returning all news
08:03:58.084 [main] INFO  admin-flow - Getting all packages
08:03:58.084 [main] INFO  admin-flow - Returning all packages
08:03:58.099 [main] INFO  admin-flow - Starting package save. packageId=null, packageName=silver package
08:03:58.105 [main] INFO  admin-flow - Package save completed. packageId=156, packageName=silver package
08:03:58.124 [main] INFO  admin-flow - Starting admin product close. productId=2
08:03:58.126 [main] INFO  admin-flow - Admin product close completed. productId=2
08:03:58.138 [main] INFO  admin-flow - Starting admin product save. productId=null, productName=admin dao item
08:03:58.146 [main] INFO  admin-flow - Admin product save completed. productId=252, productName=admin dao item
08:03:58.158 [main] INFO  admin-flow - Getting all products
08:03:58.159 [main] INFO  admin-flow - Returning all products
08:03:58.192 [main] INFO  admin-flow - Getting confirmed bids report
08:03:58.192 [main] INFO  admin-flow - Returning confirmed bids report
08:03:58.209 [main] INFO  admin-flow - Getting user registration report
08:03:58.209 [main] INFO  admin-flow - Returning user registration report
08:03:58.224 [main] INFO  admin-flow - Getting bid report
08:03:58.225 [main] INFO  admin-flow - Returning bid report
08:03:58.242 [main] INFO  admin-flow - Getting auction report
08:03:58.242 [main] INFO  admin-flow - Returning auction report
08:03:58.273 [main] INFO  admin-flow - Getting all users
08:03:58.273 [main] INFO  admin-flow - Returning all users
08:03:58.298 [main] INFO  admin-flow - Starting user lock. username=bidder1
08:03:58.301 [main] INFO  admin-flow - User lock completed. username=bidder1
08:03:58.302 [main] INFO  admin-flow - Starting user unlock. username=bidder1
08:03:58.305 [main] INFO  admin-flow - User unlock completed. username=bidder1
08:03:58.326 [main] INFO  admin-flow - Starting manual package assignment. username=bidder1, packageId=1
08:03:58.337 [main] INFO  admin-flow - Manual package assignment completed. username=bidder1, packageId=1
08:03:58.356 [main] INFO  admin-flow - Getting all granted user package infos.
08:06:22.986 [main] INFO  admin-flow - Loading admin bid confirmations page.
08:06:22.987 [main] INFO  admin-flow - Getting all bids for admin
08:06:22.993 [main] INFO  admin-flow - Returning all bids
08:06:23.078 [main] INFO  admin-flow - Admin bid confirmations page loaded.
08:06:23.156 [main] INFO  admin-flow - Loading admin category page.
08:06:23.157 [main] INFO  admin-flow - Getting all categories
08:06:23.157 [main] INFO  admin-flow - returning all categories
08:06:23.170 [main] INFO  admin-flow - Admin category page loaded.
08:06:23.195 [main] INFO  admin-flow - Loading admin location page. countryId=null, stateId=null, cityId=null
08:06:23.196 [main] INFO  admin-flow - Getting all countries
08:06:23.196 [main] INFO  admin-flow - Returning all countries
08:06:23.204 [main] INFO  admin-flow - Getting all cities
08:06:23.204 [main] INFO  admin-flow - Returning all cities
08:06:23.206 [main] INFO  admin-flow - Admin location page loaded.
08:06:23.233 [main] INFO  admin-flow - Processing country save. countryId=null, countryName=Japan
08:06:23.233 [main] INFO  admin-flow - Starting country save. countryId=null, countryName=Japan
08:06:23.315 [main] INFO  admin-flow - Country save completed. countryId=null, countryName=Japan
08:06:23.316 [main] INFO  admin-flow - Country save completed. countryId=null, countryName=Japan
08:06:23.340 [main] INFO  admin-flow - Loading admin news page. newsId=null
08:06:23.341 [main] INFO  admin-flow - Getting all news
08:06:23.341 [main] INFO  admin-flow - Returning all news
08:06:23.344 [main] INFO  admin-flow - Admin news page loaded. newsId=null
08:06:23.359 [main] INFO  admin-flow - Processing news save. newsId=null, title=Tomorrow holiday
08:06:23.359 [main] INFO  admin-flow - Starting news save. newsId=null, newsTitle=Tomorrow holiday
08:06:23.363 [main] INFO  admin-flow - News save completed. newsId=null, newsTitle=Tomorrow holiday
08:06:23.363 [main] INFO  admin-flow - News save completed. newsId=null, title=Tomorrow holiday
08:06:23.395 [main] INFO  admin-flow - Processing admin package save. packageId=null, packageName=gold package
08:06:23.404 [main] INFO  admin-flow - Starting package save. packageId=null, packageName=gold package
08:06:23.412 [main] INFO  admin-flow - Package save completed. packageId=157, packageName=gold package
08:06:23.412 [main] INFO  admin-flow - Admin package save completed. packageId=null, packageName=gold package
08:06:23.426 [main] INFO  admin-flow - Loading admin package page.
08:06:23.426 [main] INFO  admin-flow - Getting all packages
08:06:23.426 [main] INFO  admin-flow - Returning all packages
08:06:23.429 [main] INFO  admin-flow - Admin package page loaded.
08:06:23.450 [main] INFO  admin-flow - Processing admin product close. productId=2
08:06:23.450 [main] INFO  admin-flow - Starting admin product close. productId=2
08:06:23.455 [main] INFO  admin-flow - Admin product close completed. productId=2
08:06:23.455 [main] INFO  admin-flow - Admin product close completed. productId=2
08:06:23.465 [main] INFO  admin-flow - Loading admin product page. productId=null, status=null, sellerUsername=null
08:06:23.465 [main] INFO  admin-flow - Getting categories
08:06:23.465 [main] INFO  admin-flow - Returning categories
08:06:23.470 [main] INFO  admin-flow - Getting all products
08:06:23.470 [main] INFO  admin-flow - Returning all products
08:06:23.478 [main] INFO  admin-flow - Admin product page loaded. productId=null
08:06:23.493 [main] INFO  admin-flow - Processing admin product save. productId=null, productName=admin test item
08:06:23.495 [main] INFO  admin-flow - Starting admin product save. productId=null, productName=admin test item
08:06:23.502 [main] INFO  admin-flow - Admin product save completed. productId=254, productName=admin test item
08:06:23.502 [main] INFO  admin-flow - Admin product save completed. productId=null, productName=admin test item
08:06:23.517 [main] INFO  admin-flow - Loading admin report page.
08:06:23.517 [main] INFO  admin-flow - Admin report page loaded.
08:06:23.532 [main] INFO  admin-flow - Processing user lock. username=bidder1
08:06:23.532 [main] INFO  admin-flow - Starting user lock. username=bidder1
08:06:23.534 [main] INFO  admin-flow - User lock completed. username=bidder1
08:06:23.534 [main] INFO  admin-flow - User lock completed. username=bidder1
08:06:23.555 [main] INFO  admin-flow - Loading admin user page. userType=null
08:06:23.555 [main] INFO  admin-flow - Getting all users
08:06:23.555 [main] INFO  admin-flow - Returning all users
08:06:23.559 [main] INFO  admin-flow - Admin user page loaded. userType=null
08:06:23.573 [main] INFO  admin-flow - Loading admin user-package page. userPackageId=null
08:06:23.573 [main] INFO  admin-flow - Getting bidders.
08:06:23.576 [main] INFO  admin-flow - Getting packages.
08:06:23.577 [main] INFO  admin-flow - Getting all granted user package infos.
08:06:23.581 [main] INFO  admin-flow - Getting all package purchase request infos.
08:06:23.583 [main] INFO  admin-flow - Admin user-package page loaded. userPackageId=null
08:06:23.590 [main] INFO  admin-flow - Processing manual user-package assignment. username=bidder1, packageId=1
08:06:23.591 [main] INFO  admin-flow - Starting manual package assignment. username=bidder1, packageId=1
08:06:23.598 [main] INFO  admin-flow - Manual package assignment completed. username=bidder1, packageId=1
08:06:23.598 [main] INFO  admin-flow - Manual user-package assignment completed. username=bidder1, packageId=1
08:06:23.969 [main] INFO  admin-flow - Getting all bids for admin
08:06:23.970 [main] INFO  admin-flow - Returning all bids
08:06:23.986 [main] INFO  admin-flow - Getting all categories
08:06:23.986 [main] INFO  admin-flow - returning all categories
08:06:23.991 [main] INFO  admin-flow - Starting category save. catId=null, catName=Home Decor
08:06:23.993 [main] INFO  admin-flow - Category save completed. catId=84, catName=Home Decor
08:06:24.001 [main] INFO  admin-flow - Getting all countries
08:06:24.002 [main] INFO  admin-flow - Returning all countries
08:06:24.007 [main] INFO  admin-flow - Starting country save. countryId=null, countryName=Japan
08:06:24.009 [main] INFO  admin-flow - Country save completed. countryId=null, countryName=Japan
08:06:24.021 [main] INFO  admin-flow - Starting news save. newsId=null, newsTitle=Tomorrow holiday
08:06:24.024 [main] INFO  admin-flow - News save completed. newsId=null, newsTitle=Tomorrow holiday
08:06:24.031 [main] INFO  admin-flow - Getting all news
08:06:24.031 [main] INFO  admin-flow - Returning all news
08:06:24.043 [main] INFO  admin-flow - Getting all packages
08:06:24.043 [main] INFO  admin-flow - Returning all packages
08:06:24.051 [main] INFO  admin-flow - Starting package save. packageId=null, packageName=silver package
08:06:24.055 [main] INFO  admin-flow - Package save completed. packageId=158, packageName=silver package
08:06:24.064 [main] INFO  admin-flow - Starting admin product close. productId=2
08:06:24.066 [main] INFO  admin-flow - Admin product close completed. productId=2
08:06:24.071 [main] INFO  admin-flow - Starting admin product save. productId=null, productName=admin dao item
08:06:24.074 [main] INFO  admin-flow - Admin product save completed. productId=255, productName=admin dao item
08:06:24.078 [main] INFO  admin-flow - Getting all products
08:06:24.078 [main] INFO  admin-flow - Returning all products
08:06:24.091 [main] INFO  admin-flow - Getting confirmed bids report
08:06:24.091 [main] INFO  admin-flow - Returning confirmed bids report
08:06:24.102 [main] INFO  admin-flow - Getting user registration report
08:06:24.102 [main] INFO  admin-flow - Returning user registration report
08:06:24.108 [main] INFO  admin-flow - Getting bid report
08:06:24.108 [main] INFO  admin-flow - Returning bid report
08:06:24.117 [main] INFO  admin-flow - Getting auction report
08:06:24.117 [main] INFO  admin-flow - Returning auction report
08:06:24.131 [main] INFO  admin-flow - Getting all users
08:06:24.131 [main] INFO  admin-flow - Returning all users
08:06:24.141 [main] INFO  admin-flow - Starting user lock. username=bidder1
08:06:24.143 [main] INFO  admin-flow - User lock completed. username=bidder1
08:06:24.143 [main] INFO  admin-flow - Starting user unlock. username=bidder1
08:06:24.146 [main] INFO  admin-flow - User unlock completed. username=bidder1
08:06:24.160 [main] INFO  admin-flow - Starting manual package assignment. username=bidder1, packageId=1
08:06:24.168 [main] INFO  admin-flow - Manual package assignment completed. username=bidder1, packageId=1
08:06:24.176 [main] INFO  admin-flow - Getting all granted user package infos.
